// images.h
// contains image buffers for simple space invaders
// Jonathan Valvano, March 5, 2018
// Capture image dimensions from BMP files

#ifndef __images_h
#define __images_h
#include <stdint.h>
const unsigned short row[] = {
 0x100B, 0x100B, 0x100B, 0x100B, 0x100B, 0x100B, 0x100B, 0x100B, 0x100B, 0x100B, 0x100B, 0x100B, 0x100B, 0x100B, 0x100B, 0x100B,
 0x100B, 0x100B, 0x100B, 0x100B, 0x100B, 0x100B, 0x100B, 0x100B, 0x100B, 0x100B, 0x100B, 0x100B, 0x100B, 0x100B, 0x100B, 0x100B,
 0x100B, 0x100B, 0x100B, 0x100B, 0x100B, 0x100B, 0x100B, 0x100B, 0x100B, 0x100B, 0x100B, 0x100B, 0x100B, 0x100B, 0x100B, 0x100B,
 0x100B, 0x100B, 0x100B, 0x100B, 0x100B, 0x100B, 0x100B, 0x100B, 0x100B, 0x100B, 0x100B, 0x100B, 0x100B, 0x100B, 0x100B, 0x100B,
 0x100B, 0x100B, 0x100B, 0x100B, 0x100B, 0x100B, 0x100B, 0x100B, 0x100B, 0x100B, 0x100B, 0x100B, 0x100B, 0x100B, 0x100B, 0x100B,
 0x100B, 0x100B, 0x100B, 0x100B, 0x100B, 0x100B, 0x100B, 0x100B, 0x100B, 0x100B, 0x100B, 0x100B, 0x100B, 0x100B, 0x100B, 0x100B,
 0x100B, 0x188B, 0x198B, 0x196B, 0x102A, 0x100B, 0x100B, 0x100B, 0x100B, 0x100B, 0x100B, 0x100B, 0x100B, 0x100B, 0x100B, 0x100B,
 0x100B, 0x100B, 0x100B, 0x100B, 0x100B, 0x100B, 0x100B, 0x100B, 0x100B, 0x100B, 0x100B, 0x100B, 0x100B, 0x2010, 0x2010, 0x2010,
 0x2010, 0x2010, 0x2010, 0x2010, 0x2010, 0x2010, 0x2010, 0x2010, 0x2010, 0x2010, 0x2010, 0x2010, 0x2010, 0x2010, 0x2010, 0x2010,
 0x2010, 0x2010, 0x2010, 0x2010, 0x2010, 0x2010, 0x2010, 0x2010, 0x2010, 0x2010, 0x2010, 0x2010, 0x2010, 0x2010, 0x2010, 0x2010,
 0x2010, 0x2010, 0x2010, 0x2010, 0x2010, 0x2010, 0x2010, 0x2010, 0x2010, 0x2010, 0x2010, 0x2010, 0x2010, 0x2010, 0x2010, 0x2010,
 0x2010, 0x2010, 0x2010, 0x2010, 0x2010, 0x2010, 0x2010, 0x2010, 0x2010, 0x2010, 0x2010, 0x2010, 0x2010, 0x2010, 0x2010, 0x2010,
 0x2010, 0x2010, 0x2010, 0x2010, 0x2010, 0x2010, 0x2010, 0x2010, 0x2010, 0x2010, 0x2010, 0x2010, 0x2010, 0x2010, 0x2010, 0x2010,
 0x2010, 0x2010, 0x2010, 0x2010, 0x2010, 0x2010, 0x2010, 0x2010, 0x2010, 0x2010, 0x2010, 0x2010, 0x2010, 0x2010, 0x2010, 0x2010,
 0x2010, 0x2010, 0x2010, 0x2010, 0x2010, 0x2010, 0x2010, 0x2010, 0x2010, 0x2010, 0x2010, 0x2010, 0x2010, 0x2010, 0x2010, 0x2010,
 0x2010, 0x2010, 0x2010, 0x2010, 0x2010, 0x2010, 0x2010, 0x2010, 0x2010, 0x2010, 0x1810, 0x1810, 0x1810, 0x1810, 0x1810, 0x1810,
 0x1810, 0x1810, 0x1810, 0x1810, 0x1810, 0x1810, 0x1810, 0x1810, 0x1810, 0x1810, 0x1810, 0x1810, 0x1810, 0x1810, 0x1810, 0x1810,
 0x1810, 0x1810, 0x1810, 0x1810, 0x1810, 0x1810, 0x1810, 0x1810, 0x1810, 0x1810, 0x1810, 0x1810, 0x1810, 0x1810, 0x1810, 0x1810,
 0x1810, 0x1810, 0x1810, 0x1810, 0x1810, 0x1810, 0x1810, 0x1810, 0x1810, 0x1810, 0x1810, 0x1810, 0x1810, 0x1810, 0x1810, 0x1810,
 0x1810, 0x1810, 0x1810, 0x1810, 0x1810, 0x1810, 0x1810, 0x1810, 0x1810, 0x1810, 0x1810, 0x1810, 0x1810, 0x1810, 0x1810, 0x1810,
 0x1810, 0x1810, 0x1810, 0x1810, 0x1810, 0x1810, 0x1810, 0x1810, 0x1810, 0x1810, 0x1810, 0x1810, 0x1810, 0x1810, 0x1810, 0x1810,
 0x1810, 0x1810, 0x1810, 0x1810, 0x1810, 0x1810, 0x1810, 0x1810, 0x1810, 0x1810, 0x1810, 0x1810, 0x1810, 0x1810, 0x1810, 0x1810,
 0x1810, 0x1810, 0x1810, 0x1810, 0x1810, 0x1810, 0x1810, 0x1810, 0x1810, 0x1810, 0x1810, 0x1810, 0x1810, 0x1810, 0x1810, 0x1810,
 0x1810, 0x1810, 0x1810, 0x1810, 0x1810, 0x1810, 0x1810, 0x1810, 0x1810, 0x1810, 0x1810, 0x1810, 0x1810, 0x1810, 0x1810, 0x1810,
 0x1810, 0x1810, 0x1810, 0x1810, 0x1810, 0x1810, 0x1810, 0x1810, 0x1810, 0x1810, 0x1810, 0x1810, 0x1810, 0x1810, 0x1810, 0x1810,
 0x1810, 0x1810, 0x1810, 0x1810, 0x1810, 0x1810, 0x1810, 0x1810, 0x1810, 0x1810, 0x1810, 0x1810, 0x1810, 0x1810, 0x1810, 0x1810,
 0x1810, 0x1810, 0x1810, 0x1810, 0x1810, 0x1810, 0x1810, 0x1810, 0x1810, 0x1810, 0x1810, 0x1810, 0x1810, 0x1810, 0x1810, 0x1810,
 0x1810, 0x1810, 0x1810, 0x1810, 0x1810, 0x1810, 0x1810, 0x1810, 0x1810, 0x1810, 0x1810, 0x1810, 0x1810, 0x1810, 0x1810, 0x1810,
 0x1810, 0x1810, 0x1810, 0x1810, 0x1810, 0x1810, 0x1810, 0x1810, 0x1810, 0x1810, 0x1810, 0x1810, 0x1810, 0x1810, 0x1810, 0x1810,
 0x1810, 0x1810, 0x1810, 0x1810, 0x1810, 0x1810, 0x1810, 0x1810, 0x1810, 0x1810, 0x1810, 0x1810, 0x1810, 0x1810, 0x1810, 0x1810,
 0x1810, 0x1810, 0x1810, 0x1810, 0x1810, 0x1810, 0x1810, 0x1810, 0x1810, 0x1810, 0x1810, 0x1810, 0x1810, 0x1810, 0x1810, 0x1810,
 0x1810, 0x1810, 0x1810, 0x1810, 0x1810, 0x1810, 0x1810, 0x1810, 0x1810, 0x1810, 0x1810, 0x1810, 0x1810, 0x1810, 0x1810, 0x1810,
 0x1810, 0x1810, 0x1810, 0x1810, 0x1810, 0x1810, 0x1810, 0x1810, 0x1810, 0x1810, 0x1810, 0x1810, 0x1810, 0x1810, 0x1810, 0x1810,
 0x1810, 0x1810, 0x1810, 0x1810, 0x1810, 0x1810, 0x1810, 0x1810, 0x1810, 0x1810, 0x1810, 0x1810, 0x1810, 0x1810, 0x1810, 0x1810,
 0x1810, 0x1810, 0x1810, 0x1810, 0x1810, 0x1810, 0x1810, 0x1810, 0x1810, 0x1810, 0x1810, 0x1810, 0x1810, 0x1810, 0x1810, 0x1810,
 0x1810, 0x1810, 0x1810, 0x1810, 0x1810, 0x1810, 0x1810, 0x1810, 0x1810, 0x1810, 0x1810, 0x1810, 0x1810, 0x1810, 0x1810, 0x1810,
 0x1810, 0x1810, 0x1810, 0x1810, 0x1810, 0x1810, 0x1810, 0x1810, 0x1810, 0x1810, 0x1810, 0x1810, 0x1810, 0x1810, 0x1810, 0x1810,
 0x1810, 0x1810, 0x1810, 0x1810, 0x1810, 0x1810, 0x1810, 0x1810, 0x1810, 0x1810, 0x1810, 0x1810, 0x1810, 0x1810, 0x1810, 0x1810,
 0x1810, 0x1810, 0x1810, 0x1810, 0x1810, 0x1810, 0x1810, 0x1810, 0x1810, 0x1810, 0x1810, 0x1810, 0x1810, 0x1810, 0x1810, 0x1810,
 0x1810, 0x1810, 0x1810, 0x1810, 0x1810, 0x1810, 0x1810, 0x1810, 0x1810, 0x1810, 0x1810, 0x1810, 0x1810, 0x1810, 0x1810, 0x1810,
 0x1810, 0x1810, 0x1810, 0x1810, 0x1810, 0x1810, 0x1810, 0x1810, 0x1810, 0x1810, 0x1810, 0x1810, 0x1810, 0x1810, 0x1810, 0x1810,
 0x1810, 0x1810, 0x1810, 0x1810, 0x1810, 0x1810, 0x1810, 0x1810, 0x1810, 0x1810, 0x1810, 0x1810, 0x1810, 0x1810, 0x1810, 0x1810,
 0x1810, 0x1810, 0x1810, 0x1810, 0x1810, 0x1810, 0x1810, 0x1810, 0x1810, 0x1810, 0x1810, 0x1810, 0x1810, 0x1810, 0x1810, 0x1810,
 0x1810, 0x1810, 0x1810, 0x1810, 0x1810, 0x1810, 0x1810, 0x1810, 0x1810, 0x1810, 0x1810, 0x1810, 0x1810, 0x1810, 0x1810, 0x1810,
 0x1810, 0x1810, 0x1810, 0x1810, 0x1810, 0x1810, 0x1810, 0x1810, 0x1810, 0x1810, 0x1810, 0x1810, 0x1810, 0x1810, 0x1810, 0x1810,
 0x1810, 0x1810, 0x1810, 0x1810, 0x1810, 0x1810, 0x1810, 0x1810, 0x1810, 0x1810, 0x1810, 0x1810, 0x1810, 0x1810, 0x1810, 0x1810,
 0x1810, 0x1810, 0x1810, 0x1810, 0x1810, 0x1810, 0x1810, 0x1810, 0x1810, 0x1810, 0x1810, 0x1810, 0x1810, 0x1810, 0x1810, 0x1810,
 0x1810, 0x1810, 0x1810, 0x1810, 0x1810, 0x1810, 0x1810, 0x1810, 0x1810, 0x1810, 0x1810, 0x1810, 0x1810, 0x1810, 0x1810, 0x1810,
 0x1810, 0x1810, 0x1810, 0x1810, 0x1810, 0x1810, 0x1810, 0x1810, 0x1810, 0x1810, 0x1810, 0x1810, 0x1810, 0x1810, 0x1810, 0x1810,
 0x1810, 0x1810, 0x1810, 0x1810, 0x1810, 0x1810, 0x1810, 0x1810, 0x1810, 0x1810, 0x1810, 0x1810, 0x1810, 0x1810, 0x1810, 0x1810,
 0x1810, 0x1810, 0x1810, 0x1810, 0x1810, 0x1810, 0x1810, 0x1810, 0x1810, 0x1810, 0x1810, 0x1810, 0x1810, 0x1810, 0x1810, 0x1810,
 0x1810, 0x1810, 0x1810, 0x1810, 0x180F, 0x1810, 0x1810, 0x1810, 0x1810, 0x1810, 0x1810, 0x1810, 0x1810, 0x1810, 0x1810, 0x1810,
 0x1810, 0x1810, 0x1810, 0x1810, 0x1810, 0x1810, 0x1810, 0x1810, 0x1810, 0x1810, 0x1810, 0x1810, 0x1810, 0x1810, 0x1810, 0x1810,
 0x1810, 0x1810, 0x1810, 0x1810, 0x1810, 0x1810, 0x1810, 0x1810, 0x1810, 0x1810, 0x1810, 0x1810, 0x1810, 0x1810, 0x1810, 0x1810,
 0x1810, 0x1810, 0x1810, 0x1810, 0x1810, 0x1810, 0x1810, 0x1810, 0x1810, 0x1810, 0x1810, 0x1810, 0x1810, 0x1810, 0x1810, 0x1810,
 0x1810, 0x1810, 0x1810, 0x1810, 0x1810, 0x1810, 0x1810, 0x1810, 0x1810, 0x1810, 0x1810, 0x1810, 0x1810, 0x1810, 0x1810, 0x1810,
 0x1810, 0x1810, 0x1810, 0x1810, 0x1810, 0x1810, 0x1810, 0x1810, 0x1810, 0x1810, 0x1810, 0x1810, 0x1810, 0x1810, 0x1810, 0x1810,
 0x1810, 0x1810, 0x1810, 0x1810, 0x1810, 0x1810, 0x1810, 0x1810, 0x1810, 0x1810, 0x1810, 0x1810, 0x1810, 0x1810, 0x1810, 0x1810,
 0x1810, 0x1810, 0x1810, 0x1810, 0x1810, 0x1810, 0x1810, 0x1810, 0x180F, 0x182F, 0x180F, 0x180F, 0x180F, 0x180F, 0x180F, 0x180F,
 0x2010, 0x180F, 0x180F, 0x2010, 0x2010, 0x200F, 0x180F, 0x180F, 0x180F, 0x180F, 0x180F, 0x1810, 0x1810, 0x1810, 0x1810, 0x1810,
 0x1810, 0x1810, 0x1810, 0x1810, 0x1810, 0x1810, 0x1810, 0x1810, 0x1810, 0x1810, 0x1810, 0x1810, 0x1810, 0x1810, 0x1810, 0x1810,
 0x1810, 0x1810, 0x1810, 0x1810, 0x1810, 0x1810, 0x1810, 0x1810, 0x1810, 0x1810, 0x1810, 0x1810, 0x1810, 0x1810, 0x1810, 0x1810,
 0x1810, 0x1810, 0x1810, 0x1810, 0x1810, 0x1810, 0x1810, 0x1810};

const unsigned short ladder[] = {
 0x220D, 0x0863, 0x08A4, 0x08A4, 0x08A4, 0x08A4, 0x08A4, 0x08A4, 0x08A4, 0x08A4, 0x08A4, 0x19EE, 0x220D, 0x08A4, 0x1126, 0x1106,
 0x1106, 0x1106, 0x1106, 0x1106, 0x10E7, 0x08E7, 0x1107, 0x19EE, 0x1A0D, 0x08A4, 0x1148, 0x1127, 0x1127, 0x1127, 0x1127, 0x1128,
 0x1128, 0x1128, 0x1128, 0x21EE, 0x220D, 0x08A4, 0x1127, 0x1107, 0x1107, 0x1107, 0x1107, 0x1106, 0x1106, 0x1107, 0x1107, 0x19EE,
 0x1A0E, 0x08A4, 0x1127, 0x1107, 0x1107, 0x1107, 0x1107, 0x1127, 0x1127, 0x1126, 0x1127, 0x222D, 0x1A0D, 0x08C5, 0x1168, 0x1148,
 0x1148, 0x1148, 0x1148, 0x1148, 0x1148, 0x1148, 0x1168, 0x222D, 0x1A0D, 0x08C5, 0x1168, 0x1148, 0x1148, 0x1148, 0x1148, 0x1148,
 0x1148, 0x1148, 0x1148, 0x222D, 0x1A0D, 0x08A4, 0x1127, 0x1127, 0x1127, 0x1127, 0x1127, 0x1127, 0x1127, 0x1127, 0x1127, 0x222D,
 0x220D, 0x08A4, 0x1127, 0x1127, 0x1127, 0x1127, 0x1127, 0x1127, 0x1127, 0x1127, 0x1127, 0x222D, 0x1A0D, 0x08C5, 0x1168, 0x1148,
 0x1148, 0x1148, 0x1148, 0x1148, 0x1148, 0x1148, 0x1148, 0x222D, 0x222D, 0x08A4, 0x1127, 0x1107, 0x1107, 0x1107, 0x1107, 0x1107,
 0x1107, 0x1106, 0x1127, 0x222D, 0x1A2D, 0x08A4, 0x1106, 0x1106, 0x1106, 0x1106, 0x1106, 0x1106, 0x1106, 0x1106, 0x1106, 0x222D,
 0x1A2D, 0x08A4, 0x1127, 0x1127, 0x1127, 0x1127, 0x1127, 0x1127, 0x1127, 0x1127, 0x1127, 0x222D, 0x222D, 0x08A4, 0x1106, 0x1106,
 0x1106, 0x1106, 0x1106, 0x1106, 0x1106, 0x1106, 0x1106, 0x222D, 0x1A0D, 0x08C4, 0x1148, 0x1148, 0x1148, 0x1148, 0x1148, 0x1148,
 0x1148, 0x1148, 0x1148, 0x222D, 0x1A0D, 0x08A4, 0x1127, 0x1107, 0x1107, 0x1107, 0x1107, 0x1107, 0x1107, 0x1107, 0x1127, 0x222D,
 0x1A0D, 0x08A4, 0x1127, 0x1127, 0x1127, 0x1127, 0x1127, 0x1127, 0x1127, 0x1127, 0x1127, 0x222D, 0x1A0D, 0x08C5, 0x1168, 0x1168,
 0x1168, 0x1168, 0x1168, 0x1168, 0x1168, 0x1168, 0x1168, 0x222D, 0x1A0D, 0x08E5, 0x19AA, 0x1989, 0x1989, 0x1989, 0x1989, 0x1989,
 0x1989, 0x1989, 0x1989, 0x222D, 0x222D, 0x08A4, 0x1127, 0x1127, 0x1127, 0x1127, 0x1127, 0x1127, 0x1127, 0x1127, 0x1127, 0x222D,
 0x222D, 0x08A3, 0x08E6, 0x08E5, 0x08E5, 0x08E5, 0x08E5, 0x08E5, 0x08E5, 0x08E5, 0x08E5, 0x222D, 0x1A0D, 0x08E5, 0x1189, 0x1189,
 0x1189, 0x1189, 0x1189, 0x1189, 0x1189, 0x1189, 0x1189, 0x222D};

const unsigned short rowladder[] = {
 0x2010, 0x2010, 0x2010, 0x2010, 0x2010, 0x2010, 0x19AC, 0x1167, 0x1169, 0x19AC, 0x19AB, 0x19AB, 0x19AB, 0x19AB, 0x198B, 0x19AC,
 0x1A0C, 0x19CC, 0x18AE, 0x2010, 0x2010, 0x2010, 0x2010, 0x2010, 0x2010, 0x2010, 0x2010, 0x2010, 0x2010, 0x2010, 0x19AC, 0x1128,
 0x18ED, 0x2110, 0x210F, 0x210F, 0x210F, 0x210F, 0x210F, 0x2110, 0x21AF, 0x19CC, 0x18CD, 0x2010, 0x2010, 0x2010, 0x2010, 0x2010,
 0x2010, 0x2010, 0x2010, 0x2010, 0x2010, 0x2010, 0x19AC, 0x1148, 0x190D, 0x2150, 0x214F, 0x214F, 0x214F, 0x214F, 0x212F, 0x2150,
 0x21CF, 0x19CC, 0x18AD, 0x2010, 0x2010, 0x2010, 0x2010, 0x2010, 0x2010, 0x2010, 0x2010, 0x2010, 0x2010, 0x2010, 0x19AC, 0x1148,
 0x192D, 0x2150, 0x214F, 0x214F, 0x214F, 0x214F, 0x214F, 0x216F, 0x21CF, 0x19CC, 0x18AD, 0x2010, 0x2010, 0x2010, 0x2010, 0x2010,
 0x2010, 0x2010, 0x2010, 0x2010, 0x2010, 0x2010, 0x19AC, 0x1148, 0x192D, 0x216F, 0x214F, 0x214F, 0x214F, 0x214F, 0x214F, 0x216F,
 0x21EE, 0x19CC, 0x18AD, 0x2010, 0x2010, 0x2010, 0x2010, 0x2010, 0x2010, 0x2010, 0x2010, 0x2010, 0x2010, 0x2010, 0x19AC, 0x1148,
 0x194C, 0x218E, 0x218E, 0x218E, 0x218E, 0x218E, 0x216E, 0x218E, 0x21EE, 0x19CC, 0x18AD, 0x2010, 0x2010, 0x2010, 0x2010, 0x2010,
 0x2010, 0x2010, 0x2010, 0x2010, 0x2010, 0x2010, 0x19AC, 0x1108, 0x18AC, 0x20AF, 0x20AF, 0x20AF, 0x20AF, 0x20AF, 0x20AF, 0x20CF,
 0x216E, 0x19CC, 0x18CD, 0x2010, 0x2010, 0x2010, 0x2010, 0x2010, 0x2010, 0x2010, 0x2010, 0x2010, 0x2010, 0x2010, 0x19AC, 0x1168,
 0x19AC, 0x220F, 0x21EE, 0x21EE, 0x21EE, 0x21EE, 0x21EE, 0x220F, 0x222E, 0x19EC, 0x18AD, 0x2010, 0x2010, 0x2010, 0x2010, 0x2010};
 const unsigned short hero1[] = {
 0x0000, 0x0042, 0x0000, 0x0000, 0x0000, 0x0041, 0x0167, 0x0147, 0x00A4, 0x0000, 0x0062, 0x0373, 0x020B, 0x0065, 0x0044, 0x018A,
 0x043B, 0x024E, 0x0062, 0x0000, 0x0041, 0x0332, 0x0398, 0x01FF, 0x01BF, 0x025C, 0x027E, 0x0135, 0x0000, 0x0000, 0x0000, 0x0000,
 0x00CF, 0x01FF, 0x01FF, 0x025D, 0x02BC, 0x01F2, 0x08E5, 0x0000, 0x0000, 0x0061, 0x01D6, 0x027E, 0x03D5, 0x03D4, 0x03F6, 0x351F,
 0x3C3A, 0x0021, 0x0000, 0x0041, 0x01CE, 0x0318, 0x03B7, 0x0BB9, 0x0A32, 0x19CB, 0x0063, 0x0000, 0x0000, 0x0021, 0x01EA, 0x241B,
 0x347F, 0x3D1F, 0x1BD6, 0x0B11, 0x0989, 0x0000, 0x0000, 0x0041, 0x0B32, 0x353D, 0x1CB9, 0x3D1D, 0x2CFC, 0x353F, 0x2B96, 0x0000,
 0x0000, 0x0000, 0x0042, 0x0259, 0x0AFF, 0x131F, 0x2C3F, 0x19EF, 0x0023, 0x0000, 0x0000, 0x0000, 0x0000, 0x0003, 0x0049, 0x004A,
 0x00AA, 0x0000, 0x0000, 0x0000};

const unsigned short hero2[] = {
 0x0000, 0x0000, 0x0041, 0x00E4, 0x0167, 0x0126, 0x0042, 0x0000, 0x0000, 0x0000, 0x0000, 0x0000, 0x00A3, 0x0396, 0x041A, 0x0313,
 0x022B, 0x0041, 0x0000, 0x0000, 0x0000, 0x0000, 0x00AB, 0x01FD, 0x02FA, 0x03B5, 0x0396, 0x0108, 0x0000, 0x0000, 0x0000, 0x00F1,
 0x01FF, 0x027C, 0x031A, 0x247A, 0x1B7F, 0x01DD, 0x0024, 0x0000, 0x0000, 0x01F2, 0x02FD, 0x0414, 0x0414, 0x2C5E, 0x2CBF, 0x014C,
 0x0000, 0x0000, 0x0000, 0x0168, 0x0297, 0x03B7, 0x0318, 0x029E, 0x0290, 0x0020, 0x0000, 0x0000, 0x0000, 0x0147, 0x13B6, 0x349F,
 0x347F, 0x2C9C, 0x1BB5, 0x0AD0, 0x0062, 0x0000, 0x0000, 0x0311, 0x355F, 0x2CDB, 0x3D1D, 0x249A, 0x24DD, 0x2D1F, 0x120C, 0x0000,
 0x0000, 0x0063, 0x0A38, 0x02BF, 0x12DF, 0x137F, 0x237A, 0x118F, 0x0043, 0x0000, 0x0000, 0x0000, 0x0001, 0x0026, 0x006A, 0x00AB,
 0x0064, 0x0000, 0x0000, 0x0000};


 const unsigned short monkey1[] = {
 0x0000, 0x0000, 0x1906, 0x3A6D, 0x52EE, 0x5B4E, 0x4ACC, 0x2966, 0x0020, 0x0000, 0x0000, 0x0000, 0x0000, 0x0000, 0x0020, 0x0860,
 0x0881, 0x0861, 0x0841, 0x0020, 0x0000, 0x0000, 0x10C4, 0x3A4F, 0x4AF8, 0x535C, 0x4B3B, 0x3211, 0x0043, 0x0000, 0x0000, 0x0000,
 0x0000, 0x0000, 0x10A4, 0x31EE, 0x42B4, 0x6C38, 0x7434, 0x4AEC, 0x0000, 0x0000, 0x0840, 0x10C7, 0x08D2, 0x0056, 0x0036, 0x0095,
 0x08AE, 0x0887, 0x0864, 0x0885, 0x0886, 0x0069, 0x006F, 0x0095, 0x08F8, 0x3A79, 0x42B1, 0x29A6, 0x0000, 0x0000, 0x1081, 0x29A9,
 0x21D5, 0x08D7, 0x0014, 0x08F6, 0x3AB9, 0x4B39, 0x4B18, 0x4B18, 0x42D8, 0x21B7, 0x00B6, 0x0076, 0x00B7, 0x1951, 0x18E6, 0x0000,
 0x0000, 0x0000, 0x0000, 0x0862, 0x218C, 0x2195, 0x1937, 0x21B7, 0x4AF8, 0x747B, 0x851C, 0x84FC, 0x7CBB, 0x3AB8, 0x00D5, 0x08D6,
 0x2A16, 0x322E, 0x18E3, 0x0000, 0x0000, 0x0000, 0x0000, 0x0000, 0x0842, 0x10EE, 0x3279, 0x6C5B, 0x8D3C, 0x84FB, 0x7CFB, 0x959C,
 0x8D3B, 0x3A78, 0x0076, 0x08D3, 0x216B, 0x10C3, 0x0000, 0x0000, 0x0000, 0x0000, 0x0000, 0x0000, 0x0003, 0x006F, 0x1157, 0x4B19,
 0x851B, 0x63DA, 0x42D8, 0x63FA, 0x6C1A, 0x3A58, 0x10F6, 0x0095, 0x0053, 0x000A, 0x0002, 0x0000, 0x0000, 0x0000, 0x0001, 0x0027,
 0x006F, 0x00B5, 0x0075, 0x0095, 0x1996, 0x2A17, 0x2A17, 0x29F7, 0x1976, 0x29D7, 0x3A97, 0x2A38, 0x08D7, 0x0054, 0x0029, 0x0000,
 0x0000, 0x0003, 0x004B, 0x0095, 0x00B6, 0x0055, 0x0895, 0x3A37, 0x84DB, 0xC69D, 0xCEDE, 0xB61D, 0x745A, 0x2A17, 0x08F5, 0x1116,
 0x08F7, 0x1975, 0x190A, 0x0000, 0x0023, 0x008E, 0x00D7, 0x00B6, 0x0076, 0x0015, 0x3A38, 0xA57C, 0xBE1D, 0xADBC, 0xA53B, 0xAD9C,
 0xCEBD, 0x8D1B, 0x29F8, 0x08B7, 0x29D4, 0x29CA, 0x10A2, 0x0000, 0x0004, 0x0050, 0x1138, 0x21B6, 0x08B2, 0x0032, 0x3A37, 0x9D7D,
 0xBE9E, 0x955B, 0x7CBB, 0xA5DC, 0xBE9E, 0x957D, 0x4B39, 0x21AF, 0x1905, 0x0840, 0x0000, 0x0000, 0x0001, 0x08CE, 0x4B1B, 0x749A,
 0x5351, 0x2146, 0x29CC, 0x641A, 0x8D3D, 0xA5BA, 0xBE7A, 0xA5FC, 0x539B, 0x53DA, 0x4B0F, 0x0861, 0x0000, 0x0000, 0x0000, 0x0000,
 0x0000, 0x4ACD, 0x959C, 0x95DF, 0x6C5A, 0x29C9, 0x0840, 0x1929, 0x5357, 0x7C9D, 0x8D3E, 0x7C9C, 0x29F1, 0x10C7, 0x0861, 0x0000,
 0x0000, 0x0000, 0x0000, 0x0000, 0x0000, 0x10A2, 0x428B, 0x7C96, 0x6C34, 0x29A8, 0x0000, 0x0000, 0x0047, 0x0090, 0x00B4, 0x008E,
 0x0003, 0x0000, 0x0000, 0x0000, 0x0000, 0x0000, 0x0000, 0x0000, 0x0000, 0x0000, 0x0000, 0x0840, 0x0840, 0x0000, 0x0000, 0x0000,
 0x0000, 0x0000, 0x0000, 0x0000, 0x0000, 0x0000, 0x0000, 0x0000, 0x0000, 0x0000, 0x0000, 0x0000};

const unsigned short monkey2[] = {
 0x0000, 0x0000, 0x0000, 0x0000, 0x0000, 0x0000, 0x0000, 0x0000, 0x0000, 0x0000, 0x0000, 0x0000, 0x0840, 0x2166, 0x31E7, 0x29A7,
 0x29A8, 0x10C5, 0x0000, 0x0000, 0x0000, 0x63D1, 0x7C95, 0x5312, 0x4B13, 0x2168, 0x0000, 0x0000, 0x0000, 0x0000, 0x0000, 0x0000,
 0x1949, 0x6C7D, 0x53BB, 0x537A, 0x5BB7, 0x2189, 0x0000, 0x0000, 0x0000, 0x4AEC, 0x6419, 0x1978, 0x00D7, 0x00B3, 0x0008, 0x0024,
 0x0021, 0x0862, 0x0021, 0x0046, 0x00B5, 0x0075, 0x0054, 0x0076, 0x194B, 0x0000, 0x0000, 0x0000, 0x0000, 0x0000, 0x2188, 0x1998,
 0x0054, 0x00B5, 0x1117, 0x2A17, 0x4B17, 0x42F7, 0x2A16, 0x5358, 0x29F7, 0x0034, 0x0075, 0x00D7, 0x5353, 0x0020, 0x0000, 0x0000,
 0x0000, 0x0000, 0x2145, 0x42F8, 0x08D6, 0x0095, 0x1996, 0x63FA, 0x6C3B, 0x7CDC, 0x7CBB, 0x5B79, 0x1976, 0x1136, 0x00B6, 0x3254,
 0x10C3, 0x0000, 0x0000, 0x0000, 0x0000, 0x0000, 0x0000, 0x2965, 0x29F2, 0x0055, 0x08D5, 0x747A, 0x9DDC, 0x749B, 0x7CDB, 0x8D1B,
 0x643A, 0x3AD8, 0x1956, 0x1905, 0x0000, 0x0000, 0x0000, 0x0000, 0x0000, 0x0000, 0x0000, 0x002D, 0x0053, 0x00B5, 0x0095, 0x3257,
 0x9DFD, 0x42F8, 0x5BDA, 0xB6BE, 0x5BD9, 0x2A37, 0x08D5, 0x0004, 0x0000, 0x0000, 0x0000, 0x0000, 0x0000, 0x0000, 0x002D, 0x0097,
 0x08B5, 0x42F8, 0x4AF8, 0x1956, 0x2A17, 0x0915, 0x0916, 0x1136, 0x0075, 0x0095, 0x00B6, 0x0092, 0x0025, 0x0000, 0x0000, 0x0000,
 0x0000, 0x0000, 0x21B0, 0x00B8, 0x1156, 0x1956, 0x0075, 0x5359, 0xADFD, 0xBE7D, 0xC69E, 0x84BB, 0x42B8, 0x0075, 0x0095, 0x00B6,
 0x00B6, 0x006F, 0x0001, 0x0000, 0x0000, 0x0000, 0x1904, 0x3A72, 0x1957, 0x0015, 0x6BFA, 0xC65D, 0xA55C, 0xA57C, 0xBE1D, 0x94FB,
 0xDF7F, 0x2A37, 0x0055, 0x00B5, 0x0075, 0x00B7, 0x0071, 0x0000, 0x0000, 0x0000, 0x0000, 0x0840, 0x428D, 0x2195, 0x6C1B, 0xD71E,
 0xAE3D, 0x6C3A, 0x9D9C, 0xBE7D, 0xD73E, 0x431A, 0x0055, 0x0033, 0x1135, 0x21D7, 0x0053, 0x0000, 0x0000, 0x0000, 0x0000, 0x0000,
 0x0000, 0x1905, 0x851B, 0x4B5A, 0xBEBD, 0x84B6, 0xBE7B, 0x749B, 0x32BA, 0x8D3A, 0x0004, 0x320B, 0x8D3B, 0x4B5A, 0x0073, 0x0000,
 0x0000, 0x0000, 0x0000, 0x0000, 0x0000, 0x0000, 0x2166, 0x21B3, 0xAE5F, 0x7C9A, 0xAE3E, 0x5BBA, 0x08AA, 0x2144, 0x0881, 0x5376,
 0x74BC, 0x9E1F, 0x63D5, 0x0000, 0x0000, 0x0000, 0x0000, 0x0000, 0x0000, 0x0000, 0x0000, 0x0001, 0x1112, 0x0095, 0x1136, 0x0049,
 0x0000, 0x0000, 0x0882, 0x5BD4, 0x9DFD, 0x5B91, 0x1904, 0x0000, 0x0000, 0x0000, 0x0000, 0x0000, 0x0000, 0x0000, 0x0000, 0x0000,
 0x0000, 0x0001, 0x0000, 0x0000, 0x0000, 0x0000, 0x0000, 0x0000, 0x1082, 0x0000, 0x0000, 0x0000};

const unsigned short fourbarrels[] = {
 0x0000, 0x0063, 0x114A, 0x114A, 0x116B, 0x1108, 0x0021, 0x0000, 0x0000, 0x08C6, 0x116B, 0x114A, 0x116B, 0x08A6, 0x0000, 0x0884,
 0x114A, 0x08E7, 0x08C6, 0x08C6, 0x1108, 0x1129, 0x0021, 0x08E7, 0x1129, 0x08C6, 0x08C6, 0x08C6, 0x1129, 0x08C6, 0x1129, 0x08E7,
 0x08C6, 0x08C6, 0x08C6, 0x08C6, 0x1129, 0x1108, 0x1108, 0x08C6, 0x08C6, 0x08C6, 0x08C6, 0x08C6, 0x116B, 0x114A, 0x08C6, 0x08C6,
 0x08C6, 0x08C6, 0x08C6, 0x10E7, 0x114A, 0x1108, 0x08C6, 0x08C6, 0x08C6, 0x08C6, 0x08A5, 0x114A, 0x114A, 0x08E7, 0x08C5, 0x08C6,
 0x08C6, 0x08A5, 0x1108, 0x1108, 0x114A, 0x08C6, 0x08C6, 0x08C6, 0x08C6, 0x08C5, 0x114A, 0x0063, 0x1129, 0x08E7, 0x10E7, 0x10E7,
 0x1129, 0x1129, 0x0021, 0x08C6, 0x1129, 0x08E7, 0x1108, 0x10E7, 0x114A, 0x08C6, 0x0000, 0x0063, 0x1129, 0x1108, 0x1129, 0x08E6,
 0x0021, 0x0000, 0x0000, 0x08C5, 0x1129, 0x1128, 0x1108, 0x08A5, 0x0000, 0x0000, 0x0000, 0x08A5, 0x1108, 0x1108, 0x0063, 0x0000,
 0x0000, 0x0000, 0x0021, 0x08E7, 0x1108, 0x08E7, 0x0021, 0x0000, 0x0020, 0x1128, 0x1149, 0x1108, 0x1108, 0x114A, 0x08A5, 0x0000,
 0x0063, 0x114A, 0x1129, 0x1107, 0x1129, 0x114A, 0x0042, 0x08E7, 0x1128, 0x08C6, 0x08C6, 0x08C6, 0x08C6, 0x114A, 0x08A5, 0x1129,
 0x08E7, 0x08C6, 0x08C6, 0x08C6, 0x10E7, 0x1129, 0x1129, 0x08C6, 0x08C6, 0x08C6, 0x08C6, 0x08C5, 0x1108, 0x114A, 0x1108, 0x08C6,
 0x08C6, 0x08C6, 0x08C6, 0x08A5, 0x114A, 0x116B, 0x08C6, 0x08C6, 0x08C6, 0x08C6, 0x08C6, 0x10E7, 0x114A, 0x1149, 0x08C5, 0x08C6,
 0x08C6, 0x08C6, 0x08C5, 0x114A, 0x08E7, 0x1128, 0x08A5, 0x08E7, 0x08E6, 0x08C6, 0x1149, 0x0884, 0x1129, 0x08E7, 0x08A5, 0x08E7,
 0x08C6, 0x08E7, 0x1129, 0x0000, 0x1108, 0x114A, 0x1129, 0x1129, 0x114A, 0x08A5, 0x0000, 0x0042, 0x1129, 0x114A, 0x1129, 0x114A,
 0x114A, 0x0042, 0x0000, 0x0000, 0x0884, 0x08A5, 0x08A5, 0x0021, 0x0000, 0x0000, 0x0000, 0x0021, 0x0884, 0x08A5, 0x0884, 0x0000,
 0x0000};

 const unsigned short barrelz[] = {
 0x0000, 0x0021, 0x08C5, 0x08A5, 0x0042, 0x0000, 0x0021, 0x1129, 0x1108, 0x10E7, 0x1129, 0x0042, 0x08A5, 0x1108, 0x08C6, 0x08C6,
 0x10E7, 0x08C5, 0x0884, 0x1108, 0x08C6, 0x08C6, 0x1108, 0x08A5, 0x0000, 0x1108, 0x1129, 0x1129, 0x1108, 0x0021, 0x0000, 0x0000,
 0x0063, 0x0863, 0x0000, 0x0000};

 const unsigned short barrelprev[] = {
 0x0000, 0x0000, 0x0000, 0x0000, 0x0000, 0x0000, 0x0000, 0x0000, 0x0000, 0x0000, 0x0000, 0x0000, 0x0000, 0x0000, 0x0000, 0x0000,
 0x0000, 0x0000, 0x0000, 0x0000, 0x0000, 0x0000, 0x0000, 0x0000, 0x0000, 0x0000, 0x0000, 0x0000, 0x0000, 0x0000, 0x0000, 0x0000,
 0x0000, 0x0000, 0x0000, 0x0000};

 const unsigned short gameover1[] = {
 0x0000, 0x426A, 0x63D5, 0x10F0, 0x63B3, 0x8D16, 0x7CB5, 0x7CB5, 0x84F5, 0x84D5, 0x7CB5, 0x7CB5, 0x7CB5, 0x7CB5, 0x84F5, 0x9557,
 0x4ACD, 0x0000, 0x0000, 0x0000, 0x0000, 0x0000, 0x0000, 0x0000, 0x0000, 0x0000, 0x0000, 0x0000, 0x0000, 0x0000, 0x0000, 0x0000,
 0x0000, 0x0000, 0x0000, 0x0000, 0x10A3, 0x6C12, 0x8D57, 0x84D5, 0x7C95, 0x7CB5, 0x7CB5, 0x7CB5, 0x84D5, 0x84F5, 0x7C95, 0x84D5,
 0x8CF5, 0x3A71, 0x2192, 0x7434, 0x2145, 0x0000, 0x0000, 0x0000, 0x0000, 0x0000, 0x0000, 0x0000, 0x0000, 0x29A7, 0x63B3, 0x63FB,
 0x537A, 0x95BD, 0xC75E, 0x9DFD, 0x63FA, 0x9DFD, 0xC75E, 0xBF1E, 0xC73E, 0xAE7E, 0x6C3B, 0x8D5D, 0xAE3A, 0x52EC, 0x0882, 0x0000,
 0x0000, 0x0000, 0x0000, 0x0000, 0x0000, 0x0000, 0x0000, 0x0000, 0x0000, 0x0000, 0x0000, 0x0000, 0x0000, 0x0000, 0x0000, 0x2125,
 0x7432, 0xB69D, 0x747B, 0x84FC, 0xBEFE, 0xC73E, 0xC73E, 0xC73E, 0x7CFB, 0x6C3B, 0xB6BE, 0xC71E, 0x7CBC, 0x535B, 0x6C19, 0x530E,
 0x10C3, 0x0000, 0x0000, 0x0000, 0x0000, 0x0000, 0x0000, 0x0000, 0x0000, 0x0020, 0x2145, 0x7434, 0x4B5A, 0x5BDC, 0xA63E, 0xA61D,
 0x537A, 0x641A, 0x851C, 0x7CBB, 0x959D, 0xAE7E, 0x641A, 0x4B39, 0xAE5F, 0x9DD8, 0x2165, 0x0000, 0x0000, 0x0000, 0x0000, 0x0000,
 0x0000, 0x0000, 0x0000, 0x0000, 0x0000, 0x0000, 0x0000, 0x0000, 0x0000, 0x0000, 0x0000, 0x52EC, 0xB69C, 0x8D5D, 0x42F9, 0x8D3C,
 0xAE5E, 0x851C, 0x84DB, 0x851C, 0x5379, 0x641A, 0xB69E, 0x8D7D, 0x4B5B, 0x63D9, 0x638F, 0x0861, 0x0000, 0x0000, 0x0000, 0x0000,
 0x0000, 0x0000, 0x0000, 0x0000, 0x0000, 0x0000, 0x0000, 0x18E3, 0x7454, 0x3255, 0x42B6, 0x95BC, 0x853C, 0x29D6, 0x10B5, 0x10B4,
 0x29F7, 0x853C, 0x9DDD, 0x3A77, 0x42DA, 0x7CD8, 0x2168, 0x0000, 0x0000, 0x0000, 0x0000, 0x0000, 0x0000, 0x0000, 0x0000, 0x0000,
 0x0000, 0x0000, 0x0000, 0x0000, 0x0000, 0x0000, 0x0001, 0x4ACE, 0x7CBB, 0x21F8, 0x5BB9, 0xA63D, 0x63FA, 0x1915, 0x10B5, 0x10B5,
 0x4318, 0xA61D, 0x7CBA, 0x29F5, 0x5356, 0x638F, 0x1081, 0x0000, 0x0000, 0x0000, 0x0000, 0x0000, 0x0000, 0x0000, 0x0000, 0x0000,
 0x0000, 0x0000, 0x0000, 0x0000, 0x2124, 0x0864, 0x006B, 0x2196, 0x21D8, 0x00B5, 0x0034, 0x0034, 0x0095, 0x1976, 0x29F7, 0x08F5,
 0x00B5, 0x1156, 0x08B2, 0x0026, 0x0000, 0x0000, 0x0000, 0x0000, 0x0000, 0x0000, 0x0000, 0x0000, 0x0000, 0x0000, 0x0000, 0x0000,
 0x0000, 0x0000, 0x004B, 0x08F4, 0x1136, 0x0095, 0x1976, 0x29F7, 0x0915, 0x0054, 0x0034, 0x0034, 0x1115, 0x2A19, 0x1112, 0x0006,
 0x10C4, 0x10C2, 0x0000, 0x0000, 0x0000, 0x0000, 0x0000, 0x0000, 0x0000, 0x0000, 0x0000, 0x0000, 0x0000, 0x0000, 0x0000, 0x0000,
 0x0000, 0x0000, 0x0007, 0x0034, 0x0056, 0x0095, 0x00B5, 0x00B5, 0x0095, 0x0034, 0x0034, 0x0075, 0x0074, 0x0055, 0x0096, 0x0092,
 0x0026, 0x0000, 0x0000, 0x0000, 0x0000, 0x0000, 0x0000, 0x0000, 0x0000, 0x0000, 0x0000, 0x0000, 0x0000, 0x004B, 0x0094, 0x0076,
 0x0055, 0x0095, 0x0054, 0x0034, 0x0054, 0x0095, 0x00B5, 0x00B5, 0x0074, 0x0036, 0x0010, 0x0001, 0x0000, 0x0000, 0x0000, 0x0000,
 0x0000, 0x0000, 0x0000, 0x0000, 0x0000, 0x0000, 0x0000, 0x0000, 0x0000, 0x0000, 0x0000, 0x0000, 0x0000, 0x4249, 0x3A73, 0x08B5,
 0x0075, 0x00B5, 0x0095, 0x0095, 0x0095, 0x0095, 0x0095, 0x0095, 0x0095, 0x00B5, 0x0095, 0x0035, 0x0031, 0x0047, 0x0000, 0x0000,
 0x0000, 0x0000, 0x0000, 0x0000, 0x0000, 0x0000, 0x0000, 0x0001, 0x004B, 0x0034, 0x0076, 0x00B5, 0x0095, 0x0095, 0x0095, 0x0095,
 0x0095, 0x0095, 0x0095, 0x0095, 0x0095, 0x0055, 0x1955, 0x4AD0, 0x2986, 0x0000, 0x0000, 0x0000, 0x0000, 0x0000, 0x0000, 0x0000,
 0x0000, 0x0000, 0x0000, 0x0000, 0x0000, 0x0000, 0x0000, 0x0000, 0x0000, 0x7C93, 0x6C5B, 0x10D6, 0x0034, 0x00B5, 0x0095, 0x0095,
 0x0095, 0x0095, 0x0095, 0x0095, 0x00B5, 0x0074, 0x08D5, 0x3A98, 0x3218, 0x0010, 0x0868, 0x3A4B, 0x1909, 0x1929, 0x426B, 0x0007,
 0x0008, 0x3A2B, 0x31CA, 0x0009, 0x00B4, 0x4AF9, 0x21D7, 0x0095, 0x0095, 0x0095, 0x0095, 0x0095, 0x0095, 0x0095, 0x0095, 0x0095,
 0x00B5, 0x0014, 0x3218, 0x8D7B, 0x530C, 0x0000, 0x0000, 0x0000, 0x0000, 0x0000, 0x0000, 0x0000, 0x0000, 0x0000, 0x0000, 0x0000,
 0x0000, 0x0000, 0x0000, 0x0000, 0x0000, 0x84F5, 0x747D, 0x0895, 0x0034, 0x00B5, 0x0095, 0x0095, 0x0095, 0x0095, 0x0095, 0x0095,
 0x00B5, 0x0054, 0x10F5, 0x5379, 0x5B9A, 0x29D6, 0x4AD7, 0x749A, 0x5378, 0x4B38, 0x6C59, 0x3216, 0x10D4, 0x5338, 0x63F9, 0x31D6,
 0x0095, 0x63DA, 0x3A77, 0x0095, 0x0075, 0x0095, 0x0095, 0x0095, 0x0095, 0x0095, 0x0095, 0x0095, 0x00B5, 0x0013, 0x31F8, 0x95DD,
 0x5B4D, 0x0000, 0x0000, 0x0000, 0x0000, 0x0000, 0x0000, 0x0000, 0x0000, 0x0000, 0x0000, 0x0000, 0x0000, 0x0000, 0x0000, 0x0000,
 0x0000, 0x6C11, 0x6C5A, 0x2177, 0x0034, 0x0095, 0x00B5, 0x0095, 0x0095, 0x0095, 0x0095, 0x0095, 0x00B5, 0x0095, 0x0095, 0x21D7,
 0x747A, 0xA61D, 0x747C, 0x3259, 0x5BBB, 0x63FB, 0x4B1A, 0x6C5C, 0x1137, 0x1957, 0x5BBB, 0x6C5B, 0x29D7, 0x3237, 0x1976, 0x0095,
 0x0095, 0x0095, 0x0095, 0x0095, 0x0095, 0x0095, 0x0095, 0x0095, 0x0074, 0x0055, 0x3A99, 0x8519, 0x4AAA, 0x0000, 0x0000, 0x0000,
 0x0000, 0x0000, 0x0000, 0x0000, 0x0000, 0x0000, 0x0000, 0x0000, 0x0000, 0x0000, 0x0000, 0x0000, 0x0000, 0x2165, 0x63B2, 0x641A,
 0x1937, 0x0034, 0x0095, 0x0095, 0x0095, 0x0095, 0x0095, 0x0095, 0x0095, 0x0054, 0x0095, 0x42F8, 0xA63D, 0xA63D, 0x3277, 0x0054,
 0x2196, 0x5BB9, 0x641A, 0x3A77, 0x08D5, 0x4AD8, 0x63D9, 0x4B39, 0x7CBB, 0x749B, 0x29F7, 0x0075, 0x0075, 0x0095, 0x0095, 0x0095,
 0x0095, 0x0095, 0x0095, 0x0095, 0x0034, 0x3239, 0x7458, 0x4ACC, 0x18E3, 0x0000, 0x0000, 0x0000, 0x0000, 0x0000, 0x0000, 0x0000,
 0x0000, 0x0000, 0x0000, 0x0000, 0x0000, 0x0000, 0x0000, 0x0000, 0x0000, 0x0000, 0x2965, 0x6BD1, 0x6C1A, 0x1137, 0x0034, 0x0095,
 0x0095, 0x0095, 0x0095, 0x0075, 0x0075, 0x0054, 0x0095, 0x3278, 0x5B99, 0x42F8, 0x5379, 0x63FA, 0x5B99, 0x851B, 0xAE5D, 0x5359,
 0x63B9, 0xAE5D, 0x9DFD, 0x5359, 0x5379, 0x5BB9, 0x1996, 0x0054, 0x0075, 0x0054, 0x0095, 0x0095, 0x0095, 0x0095, 0x0095, 0x0034,
 0x3259, 0x7499, 0x52EC, 0x0861, 0x0000, 0x0000, 0x0000, 0x0000, 0x0000, 0x0000, 0x0000, 0x0000, 0x0000, 0x0000, 0x0000, 0x0000,
 0x0000, 0x0000, 0x0000, 0x0000, 0x0000, 0x0000, 0x0000, 0x10C2, 0x6BD1, 0x6C1A, 0x1957, 0x0034, 0x0095, 0x0095, 0x0095, 0x3257,
 0x2A37, 0x00D5, 0x3257, 0x42D8, 0x2A17, 0x63FA, 0xAE3D, 0x7CFB, 0xA63D, 0xC73F, 0xB69E, 0xC71E, 0xC75F, 0x851B, 0x851C, 0xA5FD,
 0x42D8, 0x3237, 0x42F8, 0x1996, 0x08F5, 0x3AB8, 0x1996, 0x0075, 0x00B5, 0x0054, 0x0055, 0x3259, 0x7CB9, 0x52EB, 0x0000, 0x0000,
 0x0000, 0x0000, 0x0000, 0x0000, 0x0000, 0x0000, 0x0000, 0x0000, 0x0000, 0x0000, 0x0000, 0x0000, 0x0000, 0x0000, 0x0000, 0x0000,
 0x0000, 0x0000, 0x0000, 0x0000, 0x0882, 0x7412, 0x6419, 0x2196, 0x0095, 0x0054, 0x0075, 0x5359, 0x6C3A, 0x4B59, 0xA61D, 0xC71E,
 0xB6BE, 0xC75F, 0x9DDD, 0x3A98, 0x5379, 0xA61D, 0xC73F, 0xBEFE, 0x8D3C, 0x3A98, 0x5399, 0xB6BE, 0xC71E, 0xB69E, 0xC73F, 0x84FB,
 0x4B39, 0x749B, 0x2A17, 0x0054, 0x0075, 0x08B5, 0x3258, 0x7CB9, 0x4ACB, 0x0000, 0x0000, 0x0000, 0x0000, 0x0000, 0x0000, 0x0000,
 0x0000, 0x0000, 0x0000, 0x0000, 0x0000, 0x0000, 0x0000, 0x0000, 0x0000, 0x0000, 0x0000, 0x0000, 0x0000, 0x0000, 0x0000, 0x0000,
 0x0000, 0x1081, 0x6BF2, 0x5BBA, 0x08D6, 0x0054, 0x0095, 0x08B5, 0x42B8, 0x8D5C, 0xAE5D, 0xBEDE, 0xAE7D, 0x9DFD, 0xB69E, 0x95BC,
 0x4318, 0x5359, 0xAE5D, 0x957C, 0x3277, 0x641A, 0xAE5D, 0xAE7D, 0x9DFD, 0xBEDE, 0xB6BE, 0xA61D, 0x749B, 0x29B6, 0x0095, 0x0095,
 0x0034, 0x21B8, 0x747A, 0x4ACB, 0x0020, 0x0000, 0x0000, 0x0000, 0x0000, 0x0000, 0x0000, 0x0000, 0x0000, 0x0000, 0x0000, 0x0000,
 0x0000, 0x0000, 0x0000, 0x0000, 0x0000, 0x0000, 0x0000, 0x0000, 0x0000, 0x0000, 0x0000, 0x0001, 0x0001, 0x0001, 0x214D, 0x21D7,
 0x00B6, 0x0095, 0x0095, 0x0054, 0x10F5, 0x29D7, 0x4298, 0x7CDB, 0x747A, 0x4B18, 0xAE9D, 0xC71E, 0x95BC, 0x5359, 0x29D6, 0x3217,
 0x6C5A, 0xAE5D, 0xC71E, 0x959C, 0x42D8, 0x8D7C, 0x63DA, 0x3237, 0x21B6, 0x0095, 0x0074, 0x00B5, 0x0075, 0x0917, 0x29F6, 0x10C8,
 0x0001, 0x0001, 0x0001, 0x0000, 0x0000, 0x0000, 0x0000, 0x0000, 0x0000, 0x0000, 0x0000, 0x0000, 0x0000, 0x0000, 0x0000, 0x0000,
 0x0000, 0x0000, 0x0000, 0x0000, 0x0000, 0x0000, 0x0025, 0x004C, 0x006D, 0x004C, 0x0031, 0x0055, 0x0095, 0x00B5, 0x0095, 0x00B5,
 0x0075, 0x0014, 0x0034, 0x21D7, 0x5359, 0x749B, 0xAE7D, 0xBEFE, 0xBF1E, 0x6C1A, 0x0013, 0x08B5, 0x9DDC, 0xC71E, 0xB6BE, 0x9DFD,
 0x63FA, 0x42F8, 0x1116, 0x0014, 0x0034, 0x0095, 0x00B5, 0x0095, 0x00B5, 0x0095, 0x0054, 0x002F, 0x006B, 0x006D, 0x004A, 0x0002,
 0x0000, 0x0000, 0x0000, 0x0000, 0x0000, 0x0000, 0x0000, 0x0000, 0x0000, 0x0000, 0x0000, 0x0000, 0x0000, 0x0000, 0x0000, 0x0000,
 0x0000, 0x0024, 0x006F, 0x00B7, 0x00B7, 0x00B6, 0x0095, 0x0095, 0x0095, 0x0095, 0x0095, 0x0095, 0x0095, 0x0074, 0x0075, 0x29D7,
 0x5399, 0x84FB, 0xAE7E, 0xBEDE, 0xBEFE, 0x6C1A, 0x0014, 0x0915, 0x95BC, 0xBEFE, 0xB6BE, 0xA61D, 0x6C5A, 0x42F8, 0x1136, 0x0054,
 0x0095, 0x0095, 0x0095, 0x0095, 0x0095, 0x0095, 0x0095, 0x0096, 0x00B6, 0x00B8, 0x0095, 0x004B, 0x0002, 0x0000, 0x0000, 0x0000,
 0x0000, 0x0000, 0x0000, 0x0000, 0x0000, 0x0000, 0x0000, 0x0000, 0x0000, 0x0000, 0x0000, 0x0000, 0x0003, 0x006F, 0x00B6, 0x00B6,
 0x0095, 0x0095, 0x0095, 0x00B5, 0x0095, 0x0074, 0x0054, 0x0054, 0x0054, 0x0095, 0x3A78, 0x959C, 0x7CDB, 0x4B39, 0xB6BE, 0xC71E,
 0x9DDC, 0x4AF8, 0x0034, 0x08F5, 0x6C3A, 0xAE7D, 0xC71F, 0x95BC, 0x42D8, 0x9DFD, 0x749B, 0x2196, 0x0075, 0x0054, 0x0054, 0x0054,
 0x0075, 0x0095, 0x00B5, 0x0095, 0x0095, 0x0095, 0x00B6, 0x0095, 0x004B, 0x0001, 0x0000, 0x0000, 0x0000, 0x0000, 0x0000, 0x0000,
 0x0000, 0x0000, 0x0000, 0x0000, 0x0000, 0x0000, 0x0000, 0x0023, 0x0070, 0x00B6, 0x0095, 0x0095, 0x0095, 0x0095, 0x00B5, 0x0075,
 0x0095, 0x1156, 0x1976, 0x1976, 0x08B5, 0x2176, 0x7CDB, 0xAE5D, 0x9DDC, 0x959C, 0xA63D, 0x9DDD, 0x42B8, 0x0074, 0x0095, 0x0075,
 0x08D5, 0x641A, 0xA63D, 0x9DFD, 0x959C, 0xA5FD, 0xA63D, 0x5BB9, 0x08D5, 0x1115, 0x1976, 0x1976, 0x0915, 0x0075, 0x0095, 0x00B5,
 0x0095, 0x0095, 0x0095, 0x00B6, 0x00B5, 0x004B, 0x0001, 0x0000, 0x0000, 0x0000, 0x0000, 0x0000, 0x0000, 0x0000, 0x0000, 0x0000,
 0x0000, 0x0000, 0x0023, 0x0070, 0x0095, 0x0095, 0x0095, 0x0095, 0x0095, 0x0095, 0x0095, 0x0034, 0x21B6, 0x7CFB, 0x9DFD, 0x9DFD,
 0x5BD9, 0x08F5, 0x1976, 0x21D7, 0x21D6, 0x21D7, 0x19B6, 0x1996, 0x00B5, 0x0054, 0x0095, 0x0075, 0x0054, 0x0916, 0x1996, 0x19B6,
 0x21B6, 0x21B6, 0x21F7, 0x1115, 0x2196, 0x84FB, 0x9DDD, 0x9DFD, 0x5BD9, 0x10D5, 0x0034, 0x0095, 0x0095, 0x0095, 0x0095, 0x0095,
 0x0096, 0x0095, 0x004C, 0x0000, 0x0000, 0x0000, 0x0000, 0x0000, 0x0000, 0x0000, 0x0000, 0x0000, 0x0000, 0x0000, 0x0025, 0x0094,
 0x00B6, 0x0095, 0x0095, 0x0095, 0x0095, 0x0095, 0x0034, 0x3A57, 0x6C5A, 0x5B79, 0x42D8, 0x4B18, 0x2A37, 0x0095, 0x0054, 0x0054,
 0x0054, 0x0034, 0x0014, 0x0014, 0x0034, 0x0054, 0x0054, 0x0054, 0x0054, 0x0014, 0x0014, 0x0014, 0x0014, 0x0034, 0x0054, 0x0034,
 0x0915, 0x3AB8, 0x4B18, 0x42B8, 0x641A, 0x63FA, 0x1936, 0x0034, 0x00B5, 0x0095, 0x0095, 0x0095, 0x0095, 0x00B7, 0x0070, 0x0001,
 0x0000, 0x0000, 0x0000, 0x0000, 0x0000, 0x0000, 0x0000, 0x0000, 0x0000, 0x0000, 0x0004, 0x0033, 0x0096, 0x0095, 0x0095, 0x0095,
 0x0095, 0x0075, 0x3A98, 0x745A, 0x5359, 0x10F5, 0x0034, 0x0075, 0x0075, 0x00B5, 0x0095, 0x0034, 0x0014, 0x1115, 0x5359, 0x5B99,
 0x5379, 0x5B79, 0x5B79, 0x5B79, 0x5B79, 0x5379, 0x5379, 0x5B99, 0x5339, 0x08D5, 0x0014, 0x0054, 0x0095, 0x0075, 0x0075, 0x0034,
 0x29B6, 0x63FA, 0x6BFA, 0x2196, 0x0054, 0x0095, 0x0095, 0x00B5, 0x0095, 0x0076, 0x002F, 0x0001, 0x0000, 0x0000, 0x0000, 0x0000,
 0x0000, 0x0000, 0x0000, 0x0000, 0x0000, 0x0000, 0x10C6, 0x3A57, 0x08D6, 0x0054, 0x0095, 0x00B5, 0x0095, 0x0075, 0x5379, 0x5379,
 0x10D5, 0x0034, 0x0074, 0x0075, 0x0095, 0x0075, 0x00B5, 0x29F7, 0x3A98, 0x5B99, 0xAE7E, 0xB6DE, 0xB6BE, 0xB69E, 0xB69E, 0xB69E,
 0xB69E, 0xB6BE, 0xB6BE, 0xB6DE, 0xAE5D, 0x4B39, 0x3A57, 0x21B6, 0x0095, 0x0055, 0x0075, 0x0074, 0x0034, 0x29B6, 0x641A, 0x3257,
 0x0034, 0x0095, 0x00B5, 0x0095, 0x0055, 0x1998, 0x3232, 0x0021, 0x0000, 0x0000, 0x0000, 0x0000, 0x0000, 0x0000, 0x0000, 0x0000,
 0x0000, 0x0000, 0x2166, 0x7CB7, 0x42B9, 0x00B5, 0x0054, 0x0074, 0x0095, 0x0095, 0x1115, 0x08D5, 0x0074, 0x0095, 0x00B5, 0x00B5,
 0x0095, 0x0014, 0x0895, 0x5BB9, 0xAE5D, 0xB69E, 0xB6DE, 0xBEDE, 0xBEDE, 0xBEDE, 0xBEDE, 0xBEDE, 0xBEDE, 0xBEDE, 0xBEDE, 0xBEDE,
 0xB6BE, 0xAE5D, 0xB6DE, 0x641A, 0x0895, 0x0014, 0x0095, 0x00B5, 0x0075, 0x0095, 0x1115, 0x08D5, 0x0095, 0x0095, 0x0054, 0x0055,
 0x1136, 0x5BDA, 0x6BF2, 0x0841, 0x0000, 0x0000, 0x0000, 0x0000, 0x0000, 0x0000, 0x0000, 0x0000, 0x0000, 0x0000, 0x0861, 0x31C7,
 0x84D7, 0x42D9, 0x08B5, 0x0095, 0x0095, 0x0095, 0x0054, 0x0054, 0x0095, 0x00B5, 0x0095, 0x0095, 0x0095, 0x00B5, 0x0095, 0x1976,
 0x6C5A, 0xC71E, 0xB6BE, 0xB69E, 0xB69E, 0xB69E, 0xB69E, 0xB69E, 0xB69E, 0xB69E, 0xB69E, 0xB69E, 0xB69E, 0xBEFE, 0xC75F, 0x747A,
 0x10D5, 0x0075, 0x00B5, 0x0095, 0x00B5, 0x0095, 0x0054, 0x0075, 0x0095, 0x00B5, 0x0095, 0x1136, 0x63FA, 0x7432, 0x2124, 0x0000,
 0x0000, 0x0000, 0x0000, 0x0000, 0x0000, 0x0000, 0x0000, 0x0000, 0x0000, 0x0000, 0x0000, 0x0000, 0x31C7, 0x7436, 0x959E, 0x643B,
 0x08D5, 0x0034, 0x00B5, 0x00B5, 0x0095, 0x0095, 0x0095, 0x0014, 0x21B6, 0x84FB, 0x749B, 0x1956, 0x0874, 0x5BDA, 0xB6BE, 0xBF1E,
 0xBEDE, 0xBEDE, 0xBEDE, 0xBEDE, 0xBEDE, 0xBEDE, 0xBEDE, 0xBEDE, 0xBEFE, 0xBEFE, 0x5BDA, 0x42F8, 0x7CBB, 0x7CBB, 0x19B6, 0x0054,
 0x0095, 0x0095, 0x00B5, 0x00B5, 0x0014, 0x21B7, 0x84FD, 0x8D5C, 0x5B91, 0x2124, 0x0000, 0x0000, 0x0000, 0x0000, 0x0000, 0x0000,
 0x0000, 0x0000, 0x0000, 0x0000, 0x0000, 0x0000, 0x0000, 0x0000, 0x0000, 0x31E8, 0x63AF, 0x6C12, 0x63DA, 0x1917, 0x0013, 0x0054,
 0x00B5, 0x0095, 0x0075, 0x29F7, 0x84FB, 0xC71E, 0xBF1E, 0x84DB, 0x2156, 0x0054, 0x42B8, 0x42F8, 0x42D8, 0x42D8, 0x42D8, 0x42D8,
 0x42D8, 0x42D8, 0x42D8, 0x42D8, 0x42D8, 0x42D8, 0x42D8, 0x7CBB, 0xC73E, 0xBEDE, 0x2A37, 0x0034, 0x0095, 0x0095, 0x0014, 0x0013,
 0x3259, 0x6C38, 0x6BF0, 0x5B4D, 0x1904, 0x0000, 0x0000, 0x0000, 0x0000, 0x0000, 0x0000, 0x0000, 0x0000, 0x0000, 0x0000, 0x0000,
 0x0000, 0x0000, 0x0000, 0x0000, 0x0000, 0x0000, 0x0000, 0x1904, 0x63D1, 0x63FB, 0x639C, 0x29F8, 0x0034, 0x0034, 0x0075, 0x6C3A,
 0xCF7F, 0xB6BE, 0xB6BE, 0xB6BE, 0x7CBB, 0x3A57, 0x3A78, 0x3A98, 0x42F8, 0x4B39, 0x4B39, 0x4B19, 0x3AB8, 0x3A78, 0x3A98, 0x3A98,
 0x3278, 0x3257, 0x84FB, 0xB6BE, 0xC71F, 0xB6DE, 0x3257, 0x0054, 0x0014, 0x00B5, 0x42DA, 0x639C, 0x6C39, 0x52EC, 0x0841, 0x0000,
 0x0000, 0x0000, 0x0000, 0x0000, 0x0000, 0x0000, 0x0000, 0x0000, 0x0000, 0x0000, 0x0000, 0x0000, 0x0000, 0x0000, 0x0000, 0x0000,
 0x0000, 0x0000, 0x0000, 0x0000, 0x10C3, 0x6BF2, 0x9599, 0x6C38, 0x3218, 0x0896, 0x0014, 0x3A98, 0x9DDD, 0xB69E, 0xBEFE, 0xC73F,
 0xBEDE, 0xA63D, 0xAE3D, 0xA61D, 0x851B, 0x745A, 0x747A, 0x7CBB, 0x9DDD, 0xA63D, 0xA61D, 0xA63D, 0xB69E, 0xB69E, 0xBF1E, 0xC71E,
 0xAE7D, 0x7CDB, 0x1936, 0x0015, 0x1917, 0x42D9, 0x84F8, 0x9578, 0x4AAC, 0x0840, 0x0000, 0x0000, 0x0000, 0x0000, 0x0000, 0x0000,
 0x0000, 0x0000, 0x0000, 0x0000, 0x0000, 0x0000, 0x0000, 0x0000, 0x0000, 0x0000, 0x0000, 0x0000, 0x0000, 0x0000, 0x0000, 0x0000,
 0x0000, 0x1904, 0x31C6, 0x5B6E, 0x6C18, 0x2155, 0x0894, 0x1136, 0x5B99, 0xAE5D, 0xAE5D, 0x9DFD, 0xAE7D, 0xBEFE, 0xC73E, 0xB6DE,
 0x6C3B, 0x3238, 0x2A37, 0x4319, 0xA61D, 0xC71E, 0xBEFE, 0xBEDE, 0xAE9D, 0xAE7D, 0xA63D, 0xB69E, 0x959C, 0x3A78, 0x10F5, 0x0053,
 0x3A97, 0x7435, 0x4AAA, 0x29A6, 0x1082, 0x0000, 0x0000, 0x0000, 0x0000, 0x0000, 0x0000, 0x0000, 0x0000, 0x0000, 0x0000, 0x0000,
 0x0000, 0x0000, 0x0000, 0x0000, 0x0000, 0x0000, 0x0000, 0x0000, 0x0000, 0x0000, 0x0000, 0x0000, 0x0000, 0x0000, 0x0000, 0x1903,
 0x31E9, 0x1929, 0x5B54, 0x7CFC, 0x8D7C, 0x9DBC, 0x4B18, 0x3216, 0x6C3A, 0xBEDE, 0xB6BE, 0xAE7D, 0x851B, 0x6C1A, 0x6C3A, 0x747A,
 0xA61D, 0xB6BE, 0xB6BE, 0x959C, 0x4277, 0x3217, 0x3217, 0x6C1A, 0x9DFD, 0x84FB, 0x7CDC, 0x320F, 0x2149, 0x31E7, 0x0841, 0x0000,
 0x0000, 0x0000, 0x0000, 0x0000, 0x0000, 0x0000, 0x0000, 0x0000, 0x0000, 0x0000, 0x0000, 0x0000, 0x0000, 0x0000, 0x0000, 0x0000,
 0x0000, 0x0000, 0x0000, 0x0000, 0x0000, 0x0000, 0x0000, 0x0000, 0x0000, 0x0000, 0x0000, 0x0000, 0x0000, 0x1081, 0x9555, 0xDFFF,
 0xCF7F, 0x8D7C, 0x10F5, 0x0013, 0x42F8, 0xBEFE, 0xC6FF, 0xCEDC, 0x8493, 0x84D4, 0xA61A, 0x6BCF, 0xBE7B, 0xCF1F, 0xBEDE, 0x851C,
 0x0054, 0x0013, 0x0013, 0x3A98, 0xB69E, 0xCF9F, 0xD7BF, 0x5B2C, 0x0000, 0x0000, 0x0000, 0x0000, 0x0000, 0x0000, 0x0000, 0x0000,
 0x0000, 0x0000, 0x0000, 0x0000, 0x0000, 0x0000, 0x0000, 0x0000, 0x0000, 0x0000, 0x0000, 0x0000, 0x0000, 0x0000, 0x0000, 0x0000,
 0x0000, 0x0000, 0x0000, 0x0000, 0x0000, 0x0000, 0x0000, 0x0000, 0x0000, 0x0841, 0x4ACD, 0xA5FB, 0xD7BF, 0x9DDE, 0x2197, 0x29D6,
 0x851B, 0xAE9E, 0xCF1F, 0xF77D, 0x9471, 0x7C32, 0x9DB9, 0x6B4D, 0xE6FB, 0xDF7F, 0xB6BE, 0x9DDD, 0x4B59, 0x08F5, 0x0015, 0x4B1A,
 0xBF1F, 0xC73F, 0x8CF7, 0x29A7, 0x0000, 0x0000, 0x0000, 0x0000, 0x0000, 0x0000, 0x0000, 0x0000, 0x0000, 0x0000, 0x0000, 0x0000,
 0x0000, 0x0000, 0x0000, 0x0000, 0x0000, 0x0000, 0x0000, 0x0000, 0x0000, 0x0000, 0x0000, 0x0000, 0x0000, 0x0000, 0x0000, 0x0000,
 0x0000, 0x0000, 0x0000, 0x0000, 0x0000, 0x0000, 0x0000, 0x428C, 0xA5D8, 0x6C37, 0x1976, 0x535A, 0xB69E, 0xBEDE, 0xBEBE, 0xE79F,
 0xF7FF, 0xC6BE, 0xA5DD, 0xF7FF, 0xF7DF, 0xC6FE, 0xB6BE, 0xB6BE, 0x853C, 0x1997, 0x0012, 0x3233, 0x8D58, 0x8D16, 0x2145, 0x0000,
 0x0000, 0x0000, 0x0000, 0x0000, 0x0000, 0x0000, 0x0000, 0x0000, 0x0000, 0x0000, 0x0000, 0x0000, 0x0000, 0x0000, 0x0000, 0x0000,
 0x0000, 0x0000, 0x0000, 0x0000, 0x0000, 0x0000, 0x0000, 0x0000, 0x0000, 0x0000, 0x0000, 0x0000, 0x0000, 0x0000, 0x0000, 0x0000,
 0x0000, 0x0000, 0x0000, 0x0841, 0x10C2, 0x08A6, 0x0070, 0x08F7, 0x5BBA, 0xB69D, 0xBEFE, 0xC73F, 0xBEBE, 0x63BA, 0x2A37, 0xAE3D,
 0xC71E, 0xC71E, 0xB6BE, 0x851C, 0x2197, 0x0094, 0x0028, 0x0842, 0x10A3, 0x10A3, 0x0020, 0x0000, 0x0000, 0x0000, 0x0000, 0x0000,
 0x0000, 0x0000, 0x0000, 0x0000, 0x0000, 0x0000, 0x0000, 0x0000, 0x0000, 0x0000, 0x0000, 0x0000, 0x0000, 0x0000, 0x0000, 0x0000,
 0x0000, 0x0000, 0x0000, 0x0000, 0x0000, 0x0000, 0x0000, 0x0000, 0x0000, 0x0000, 0x0000, 0x0000, 0x0000, 0x0000, 0x0000, 0x0000,
 0x0000, 0x0000, 0x0005, 0x002F, 0x08D7, 0x5359, 0xB6BE, 0xB69E, 0x5B99, 0x08B5, 0x0074, 0x3237, 0x9DDC, 0xBF1E, 0x7CDB, 0x2197,
 0x0054, 0x0028, 0x0001, 0x0000, 0x0000, 0x0000, 0x0000, 0x0000, 0x0000, 0x0000, 0x0000, 0x0000, 0x0000, 0x0000, 0x0000, 0x0000,
 0x0000, 0x0000, 0x0000, 0x0000, 0x0000, 0x0000, 0x0000, 0x0000, 0x0000, 0x0000, 0x0000, 0x0000, 0x0000, 0x0000, 0x0000, 0x0000,
 0x0000, 0x0000, 0x0000, 0x0000, 0x0000, 0x0000, 0x0000, 0x0000, 0x0000, 0x0000, 0x0000, 0x0000, 0x0000, 0x0000, 0x0000, 0x0025,
 0x000F, 0x1117, 0x4B39, 0x4B39, 0x1136, 0x0034, 0x0075, 0x0095, 0x3AB8, 0x5379, 0x29F8, 0x0033, 0x0029, 0x0000, 0x0000, 0x0000,
 0x0000, 0x0000, 0x0000, 0x0000, 0x0000, 0x0000, 0x0000, 0x0000, 0x0000, 0x0000, 0x0000, 0x0000, 0x0000, 0x0000, 0x0000, 0x0000,
 0x0000, 0x0000, 0x0000, 0x0000, 0x0000, 0x0000, 0x0000, 0x0000, 0x0000, 0x0000, 0x0000, 0x0000, 0x0000, 0x0000, 0x0000, 0x0000,
 0x0000, 0x0000, 0x0000, 0x0000, 0x0000, 0x0000, 0x0000, 0x0000, 0x0000, 0x0000, 0x0000, 0x0000, 0x0024, 0x004F, 0x0035, 0x0036,
 0x0076, 0x00B6, 0x00B6, 0x0096, 0x0056, 0x0036, 0x0052, 0x0049, 0x0001, 0x0000, 0x0000, 0x0000, 0x0000, 0x0000, 0x0000, 0x0000,
 0x0000, 0x0000, 0x0000, 0x0000, 0x0000, 0x0000, 0x0000, 0x0000, 0x0000, 0x0000, 0x0000, 0x0000, 0x0000, 0x0000, 0x0000, 0x0000,
 0x0000, 0x0000, 0x0000, 0x0000, 0x0000, 0x0000, 0x0000, 0x0000, 0x0000, 0x0000, 0x0000, 0x0000, 0x0000, 0x0000, 0x0000, 0x0000,
 0x0000, 0x0000, 0x0000, 0x0000, 0x0000, 0x0000, 0x0000, 0x0000, 0x0000, 0x0004, 0x004F, 0x0070, 0x0070, 0x0070, 0x0070, 0x0070,
 0x0070, 0x0051, 0x0029, 0x0000, 0x0000, 0x0000, 0x0000, 0x0000, 0x0000, 0x0000, 0x0000, 0x0000, 0x0000, 0x0000, 0x0000, 0x0000,
 0x0000, 0x0000, 0x0000, 0x0000, 0x0000, 0x0000, 0x0000, 0x0000, 0x0000, 0x0000, 0x0000, 0x0000, 0x0000, 0x0000, 0x0000, 0x0000,
 0x0000, 0x0000, 0x0000, 0x0000, 0x0000, 0x0000, 0x0000, 0x0000, 0x0000, 0x0000, 0x0000, 0x0000, 0x0000, 0x0000, 0x0000, 0x0000,
 0x0000, 0x0000, 0x0000, 0x0000, 0x0000, 0x0000, 0x0001, 0x0001, 0x0001, 0x0001, 0x0001, 0x0001, 0x0001, 0x0001, 0x0000, 0x0000,
 0x0000, 0x0000, 0x0000, 0x0000, 0x0000, 0x0000, 0x0000, 0x0000, 0x0000, 0x0000, 0x0000, 0x0000, 0x0000, 0x0000, 0x0000, 0x0000,
 0x0000, 0x0000, 0x0000, 0x0000, 0x0000, 0x0000, 0x0000, 0x0000, 0x0000, 0x0000, 0x0000, 0x0000, 0x0000, 0x0000, 0x0000, 0x0000,
 0x0000, 0x0000, 0x0000, 0x0000, 0x0000, 0x0000, 0x0000, 0x0000, 0x0000, 0x0000, 0x0000, 0x0000, 0x0000, 0x0000, 0x0000, 0x0000,
 0x0000, 0x0000, 0x0000, 0x0000, 0x0000, 0x0000, 0x0000, 0x0000, 0x0000, 0x0000, 0x0000, 0x0000, 0x0000, 0x0000, 0x0000, 0x0000,
 0x0000, 0x0000, 0x0000, 0x0000, 0x0000, 0x0000, 0x0000, 0x0000, 0x0000, 0x0000, 0x0000, 0x0000, 0x0000, 0x0000, 0x0000, 0x0000,
 0x0000, 0x0000, 0x0000, 0x0000, 0x0000, 0x0000, 0x0000, 0x0000, 0x0000, 0x0000, 0x0000, 0x0000, 0x0000, 0x0000, 0x0000, 0x0000,
 0x0000, 0x0000, 0x0000, 0x0000, 0x0000, 0x0000, 0x0000, 0x0000, 0x0000, 0x0000, 0x0000, 0x0000, 0x0000, 0x0000, 0x0000, 0x0000,
 0x0000, 0x0000, 0x0000, 0x0000, 0x0000, 0x0000, 0x0000, 0x0000, 0x0000, 0x0000, 0x0000, 0x0000, 0x0000, 0x0000, 0x0000, 0x0000,
 0x0000, 0x0000, 0x0000, 0x0000, 0x0000, 0x0000, 0x0000, 0x0000, 0x0000, 0x0000, 0x0000, 0x0000, 0x0000, 0x0000, 0x0000, 0x0000,
 0x0000, 0x0000, 0x0000, 0x0000, 0x0000, 0x0000, 0x0000, 0x0000, 0x0000, 0x0000, 0x0000, 0x0000, 0x0000, 0x0000, 0x0000, 0x0000,
 0x0000, 0x0000, 0x0000, 0x0000, 0x0000, 0x0000, 0x0000, 0x0000, 0x0000, 0x0000, 0x0000, 0x0000, 0x0000, 0x0000, 0x0000, 0x0000,
 0x0000, 0x0000, 0x0000, 0x0000, 0x0000, 0x0000, 0x0000, 0x0000, 0x0000, 0x0000, 0x0000, 0x0000, 0x0000, 0x0000, 0x0000, 0x0000,
 0x0000, 0x0000, 0x0000, 0x0000, 0x0000, 0x0000, 0x0000, 0x0000, 0x0000, 0x0000, 0x0000, 0x0000, 0x0000, 0x0000, 0x0000, 0x0000,
 0x0000, 0x0000, 0x0000, 0x0000, 0x0000, 0x0000, 0x0000, 0x0000, 0x0000, 0x0000, 0x0000, 0x0000, 0x0000, 0x0000, 0x0000, 0x0000,
 0x0000, 0x0000, 0x0000, 0x0000, 0x0000, 0x0000, 0x0000, 0x0000, 0x0000, 0x0000, 0x0000, 0x0000, 0x0000, 0x0000, 0x0000, 0x0000,
 0x0000, 0x0000, 0x0000, 0x0000, 0x0000, 0x0000, 0x0000, 0x0000, 0x0000, 0x0000, 0x0000, 0x0000, 0x0000, 0x0000, 0x0000, 0x0000,
 0x0000, 0x0000, 0x0000, 0x0000, 0x0000, 0x0000, 0x0000, 0x0000, 0x0000, 0x0000, 0x0000, 0x0000, 0x0000, 0x0000, 0x0000, 0x0000,
 0x0000, 0x0000, 0x0000, 0x0000, 0x0000, 0x0000, 0x0000, 0x0000, 0x0000, 0x0000, 0x0000, 0x0000, 0x0000, 0x0000, 0x0000, 0x0000,
 0x0000, 0x0000, 0x0000, 0x0000, 0x0000, 0x0000, 0x0000, 0x0000, 0x0000, 0x0000, 0x0000, 0x0000, 0x0000, 0x0000, 0x0000, 0x0000,
 0x0000, 0x0000, 0x0000, 0x0000, 0x0000, 0x0000, 0x0000, 0x0000, 0x0000, 0x0000, 0x0000, 0x0000, 0x0000, 0x0000, 0x0000, 0x0000,
 0x0000, 0x0000, 0x0000, 0x0000, 0x0000, 0x0000, 0x0000, 0x0000, 0x0000, 0x0000, 0x0000, 0x0000, 0x0000, 0x0000, 0x0000, 0x0000,
 0x0000, 0x0000, 0x0000, 0x0000, 0x0000, 0x0000, 0x0000, 0x0000, 0x0000, 0x0000, 0x0000, 0x0000, 0x0000, 0x0000, 0x0000, 0x0000,
 0x0000, 0x0000, 0x0000, 0x0000, 0x0000, 0x0000, 0x0000, 0x0000, 0x0000, 0x0000, 0x0000, 0x0000, 0x0000, 0x0000, 0x0000, 0x0000,
 0x0000, 0x0000, 0x0000, 0x0000, 0x0000, 0x0000, 0x0000, 0x0000, 0x0000, 0x0000, 0x0000, 0x0000, 0x0000, 0x0000, 0x0000, 0x0000,
 0x0000, 0x0000, 0x0000, 0x0000, 0x0000, 0x0000, 0x0000, 0x0000, 0x0000, 0x0000, 0x0000, 0x0000, 0x0000, 0x0000, 0x0000, 0x0000,
 0x0000, 0x0000, 0x0000, 0x0000, 0x0000, 0x0000, 0x0000, 0x0000, 0x0000, 0x0000, 0x0000, 0x0000, 0x0000, 0x0000, 0x0000, 0x0000,
 0x0000, 0x0000, 0x0000, 0x0000, 0x0000, 0x0000, 0x0000, 0x0000, 0x0000, 0x0000, 0x0000, 0x0000, 0x0000, 0x0000, 0x0000, 0x0000,
 0x0000, 0x0000, 0x0000, 0x0000, 0x0000, 0x0000, 0x0000, 0x0000, 0x0000, 0x0000, 0x0000, 0x0000, 0x0000, 0x0000, 0x0000, 0x0000,
 0x0000, 0x0000, 0x0000, 0x0000, 0x0000, 0x0000, 0x0000, 0x0000, 0x0000, 0x0000, 0x0000, 0x0000, 0x0000, 0x0000, 0x0000, 0x0000,
 0x0000, 0x0000, 0x0000, 0x0000, 0x0000, 0x0000, 0x0000, 0x0000, 0x0000, 0x0000, 0x0000, 0x0000, 0x0000, 0x0000, 0x0000, 0x0000,
 0x0000, 0x0000, 0x0000, 0x0000, 0x0000, 0x0000, 0x0000, 0x0000, 0x0000, 0x0000, 0x0000, 0x0000, 0x0000, 0x0000, 0x0000, 0x0000,
 0x0000, 0x0000, 0x0000, 0x0000, 0x0000, 0x0000, 0x0000, 0x0000, 0x0000, 0x0000, 0x0000, 0x0000, 0x0000, 0x0000, 0x0000, 0x0000,
 0x0000, 0x0000, 0x0000, 0x0000, 0x0000, 0x0000, 0x0000, 0x0000, 0x0000, 0x0000, 0x0000, 0x0000, 0x0000, 0x0000, 0x0000, 0x0000,
 0x0000, 0x0000, 0x0000, 0x0000, 0x0000, 0x0000, 0x0000, 0x0000, 0x0000, 0x0000, 0x0000, 0x0000, 0x0000, 0x0000, 0x0000, 0x0000,
 0x0000, 0x0000, 0x0000, 0x0000, 0x0000, 0x0000, 0x0000, 0x0000, 0x0000, 0x0000, 0x0000, 0x0000, 0x0000, 0x0000, 0x0000, 0x0000,
 0x0000, 0x0000, 0x0000, 0x0000, 0x0000, 0x0000, 0x0000, 0x0000, 0x0000, 0x0000, 0x0000, 0x0000, 0x0000, 0x0000, 0x0863, 0x1063,
 0x0000, 0x0000, 0x0000, 0x0000, 0x0000, 0x0000, 0x0000, 0x0000, 0x0000, 0x0000, 0x0000, 0x0000, 0x0000, 0x0000, 0x0000, 0x0000,
 0x0000, 0x0020, 0x0020, 0x0000, 0x0000, 0x0000, 0x0000, 0x0000, 0x0000, 0x0000, 0x0020, 0x0040, 0x0040, 0x0000, 0x0000, 0x0000,
 0x0000, 0x0000, 0x0020, 0x0000, 0x0000, 0x0000, 0x0000, 0x0020, 0x0020, 0x0000, 0x0000, 0x0000, 0x0000, 0x0000, 0x0000, 0x0000,
 0x0000, 0x0000, 0x0000, 0x0000, 0x0000, 0x0000, 0x0863, 0x18A6, 0x1885, 0x10A2, 0x290B, 0x20E9, 0x0841, 0x1063, 0x1886, 0x1062,
 0x1082, 0x1885, 0x0863, 0x1063, 0x0862, 0x0000, 0x0000, 0x0841, 0x0020, 0x0000, 0x0841, 0x1063, 0x0862, 0x18A5, 0x20C9, 0x18A6,
 0x0841, 0x0000, 0x0000, 0x0000, 0x0000, 0x0020, 0x1885, 0x28EA, 0x28EA, 0x18A6, 0x0841, 0x0000, 0x0000, 0x0841, 0x18A6, 0x1084,
 0x0000, 0x0000, 0x0841, 0x18A7, 0x20C9, 0x1885, 0x0020, 0x0842, 0x18A5, 0x0841, 0x0000, 0x0000, 0x0843, 0x0863, 0x0000, 0x0000,
 0x0000, 0x1062, 0x28EB, 0x312D, 0x312C, 0x396B, 0x3950, 0x28EA, 0x1082, 0x28EB, 0x394F, 0x314A, 0x312C, 0x28EB, 0x20E6, 0x28CC,
 0x20AB, 0x0860, 0x1043, 0x28CB, 0x1085, 0x0020, 0x18A6, 0x310C, 0x2929, 0x310E, 0x314C, 0x312C, 0x28E9, 0x0841, 0x0000, 0x0000,
 0x0000, 0x18A4, 0x30ED, 0x312D, 0x312B, 0x312D, 0x28E9, 0x0862, 0x0000, 0x1083, 0x390F, 0x310D, 0x0861, 0x0020, 0x20C8, 0x392F,
 0x312C, 0x310B, 0x20E6, 0x20E7, 0x30EE, 0x18A4, 0x0000, 0x0000, 0x18C6, 0x20C8, 0x0020, 0x0000, 0x0000, 0x18C6, 0x390F, 0x20E6,
 0x18A5, 0x2909, 0x3910, 0x28CB, 0x18C4, 0x310D, 0x314B, 0x314A, 0x3911, 0x20C9, 0x18C3, 0x28CE, 0x38F1, 0x2105, 0x20C6, 0x3912,
 0x310C, 0x18C3, 0x28EA, 0x30EC, 0x3129, 0x30F0, 0x2948, 0x20C5, 0x20E8, 0x0862, 0x0000, 0x0000, 0x0020, 0x28CA, 0x310D, 0x1083,
 0x0860, 0x18C6, 0x390E, 0x28E9, 0x0861, 0x18A7, 0x394F, 0x3950, 0x18C7, 0x0860, 0x20AB, 0x392F, 0x2926, 0x18C6, 0x20E7, 0x28E9,
 0x30D0, 0x20E8, 0x0000, 0x0000, 0x1083, 0x18C6, 0x0020, 0x0000, 0x0000, 0x18C5, 0x312E, 0x10A3, 0x0000, 0x0040, 0x20C8, 0x30EE,
 0x18C5, 0x28E9, 0x28EA, 0x2104, 0x28EC, 0x20AA, 0x10A3, 0x290B, 0x4191, 0x396C, 0x314B, 0x396F, 0x398C, 0x312B, 0x312C, 0x20C7,
 0x18A4, 0x3910, 0x396E, 0x20E7, 0x0881, 0x0000, 0x0000, 0x0000, 0x0020, 0x28EA, 0x310C, 0x0842, 0x0000, 0x0020, 0x20C6, 0x30ED,
 0x2907, 0x290B, 0x2909, 0x2928, 0x30EC, 0x18C4, 0x20C7, 0x3931, 0x396D, 0x18C5, 0x0860, 0x18C6, 0x4171, 0x396E, 0x1083, 0x0020,
 0x1083, 0x20E8, 0x0841, 0x0000, 0x0000, 0x1082, 0x30ED, 0x28EA, 0x0841, 0x0000, 0x0862, 0x20C9, 0x1063, 0x1083, 0x28EC, 0x314A,
 0x396D, 0x28CB, 0x10A3, 0x28EA, 0x394D, 0x396C, 0x3911, 0x290A, 0x2926, 0x3930, 0x390F, 0x1884, 0x0841, 0x312B, 0x49D0, 0x4190,
 0x20A7, 0x0000, 0x0000, 0x0000, 0x0000, 0x18A5, 0x310E, 0x18C5, 0x0000, 0x0000, 0x0860, 0x28CB, 0x416E, 0x394F, 0x1886, 0x0860,
 0x28EB, 0x312C, 0x2907, 0x396C, 0x49D1, 0x394E, 0x1084, 0x18A4, 0x416F, 0x41AE, 0x310C, 0x20E8, 0x2929, 0x392D, 0x1083, 0x0000,
 0x0000, 0x0020, 0x20C7, 0x310F, 0x20E7, 0x0841, 0x0000, 0x0840, 0x0020, 0x0000, 0x18A4, 0x312C, 0x392F, 0x20A7, 0x0861, 0x20A7,
 0x20E7, 0x10A4, 0x20AA, 0x1885, 0x0860, 0x20A8, 0x20AA, 0x0861, 0x0000, 0x10A3, 0x312C, 0x394F, 0x20C9, 0x0020, 0x0000, 0x0000,
 0x0000, 0x0861, 0x28EC, 0x310D, 0x1083, 0x0020, 0x0860, 0x28EB, 0x394F, 0x312B, 0x1063, 0x0000, 0x1084, 0x28EB, 0x20C7, 0x18E5,
 0x392D, 0x392F, 0x1885, 0x1082, 0x28E9, 0x20E6, 0x28EA, 0x310D, 0x2929, 0x312C, 0x18A6, 0x0000, 0x0000, 0x0000, 0x0840, 0x28E9,
 0x310E, 0x28E9, 0x18C5, 0x20C7, 0x1064, 0x0000, 0x0000, 0x0862, 0x1083, 0x0841, 0x0000, 0x0841, 0x0821, 0x0000, 0x0020, 0x0020,
 0x0000, 0x0020, 0x0020, 0x0000, 0x0000, 0x0000, 0x1062, 0x1885, 0x0862, 0x0000, 0x0000, 0x0000, 0x0000, 0x0000, 0x10A3, 0x30ED,
 0x310C, 0x20E7, 0x2908, 0x310E, 0x20C8, 0x0861, 0x0000, 0x0000, 0x0000, 0x0841, 0x0821, 0x0020, 0x1083, 0x1885, 0x0841, 0x0000,
 0x0020, 0x0000, 0x0840, 0x0861, 0x1082, 0x310C, 0x28E9, 0x0000, 0x0000, 0x0000, 0x0000, 0x0840, 0x20C7, 0x310C, 0x312E, 0x30EF,
 0x18A6, 0x0020, 0x0000, 0x0000, 0x0000, 0x0000, 0x0000, 0x0000, 0x0000, 0x0000, 0x0000, 0x0000, 0x0000, 0x0000, 0x0000, 0x0000,
 0x0000, 0x0000, 0x0000, 0x0000, 0x0000, 0x0000, 0x0000, 0x0000, 0x0000, 0x0000, 0x0000, 0x1083, 0x28EA, 0x312D, 0x310C, 0x20C7,
 0x0841, 0x0000, 0x0000, 0x0000, 0x0000, 0x0000, 0x0000, 0x0000, 0x0000, 0x0000, 0x0000, 0x0000, 0x0000, 0x0000, 0x0000, 0x0000,
 0x0021, 0x20C8, 0x20C8, 0x0020, 0x0000, 0x0000, 0x0000, 0x0000, 0x0000, 0x0861, 0x18C5, 0x18A4, 0x0841, 0x0000, 0x0000, 0x0000,
 0x0000, 0x0000, 0x0000, 0x0000, 0x0000, 0x0000, 0x0000, 0x0000, 0x0000, 0x0000, 0x0000, 0x0000, 0x0000, 0x0000, 0x0000, 0x0000,
 0x0000, 0x0000, 0x0000, 0x0000, 0x0000, 0x0000, 0x0000, 0x0000, 0x0020, 0x0861, 0x0861, 0x0020, 0x0000, 0x0000, 0x0000, 0x0000,
 0x0000, 0x0000, 0x0000, 0x0000, 0x0000, 0x0000, 0x0000, 0x0000, 0x0000, 0x0000, 0x0000, 0x0000, 0x0000, 0x0020, 0x0020, 0x0000};

const unsigned short gameover2[] = {
 0x0000, 0x0000, 0x0000, 0x0000, 0x0000, 0x29A7, 0x08A6, 0x08A6, 0x3A08, 0x29A7, 0x29A7, 0x31E8, 0x31C8, 0x29A7, 0x29A7, 0x29A7,
 0x29A7, 0x31E8, 0x31E8, 0x18E4, 0x0000, 0x0000, 0x0000, 0x0000, 0x0000, 0x0000, 0x0000, 0x0000, 0x0000, 0x0000, 0x0000, 0x0000,
 0x0000, 0x0000, 0x0000, 0x0000, 0x0000, 0x0000, 0x0000, 0x0000, 0x0000, 0x0000, 0x0000, 0x0000, 0x0000, 0x0000, 0x0000, 0x0000,
 0x0000, 0x0000, 0x0000, 0x0000, 0x0000, 0x0000, 0x0000, 0x0000, 0x0000, 0x0000, 0x0000, 0x0000, 0x0000, 0x0000, 0x0000, 0x0000,
 0x0000, 0x8D16, 0x4B3A, 0x431A, 0xB69F, 0xBF1F, 0xBEFF, 0xA63E, 0xB69F, 0xBF1F, 0xBEFF, 0xBEFF, 0xBEFF, 0xA63E, 0xBF1F, 0x84B5,
 0x10A3, 0x0000, 0x0000, 0x0000, 0x0000, 0x0000, 0x0000, 0x0000, 0x0000, 0x0000, 0x0000, 0x0000, 0x0000, 0x0000, 0x0000, 0x0000,
 0x0000, 0x0000, 0x0000, 0x0000, 0x0000, 0x0000, 0x0000, 0x0000, 0x0000, 0x0000, 0x0000, 0x0000, 0x0000, 0x0000, 0x0000, 0x0000,
 0x0000, 0x0000, 0x0000, 0x0000, 0x0000, 0x0000, 0x0000, 0x0000, 0x0000, 0x0000, 0x0000, 0x0000, 0x0000, 0x0000, 0x7C73, 0x6C3C,
 0x1996, 0xB6BE, 0xB6BE, 0x1996, 0x641A, 0xBEFE, 0xB69E, 0xB69E, 0xB6BE, 0x1996, 0x63DA, 0xC75F, 0x8D17, 0x0000, 0x0000, 0x0000,
 0x0000, 0x0000, 0x0000, 0x0000, 0x0000, 0x0000, 0x0000, 0x0000, 0x0000, 0x0000, 0x0000, 0x0000, 0x0000, 0x0000, 0x0000, 0x0000,
 0x0000, 0x0000, 0x0000, 0x0000, 0x0000, 0x0000, 0x0000, 0x0000, 0x0000, 0x0000, 0x0000, 0x0000, 0x0000, 0x0000, 0x0000, 0x0000,
 0x0000, 0x0000, 0x0000, 0x0000, 0x0000, 0x0000, 0x0000, 0x0000, 0x0000, 0x0000, 0x10A2, 0x5B70, 0x853E, 0x2A18, 0xB6BE, 0xB69E,
 0x4B39, 0x1956, 0x1976, 0x2A17, 0xB69E, 0xB69E, 0x42F8, 0x5BDB, 0xA5F8, 0x0000, 0x0000, 0x0000, 0x0000, 0x0000, 0x0000, 0x0000,
 0x0000, 0x0000, 0x0000, 0x0000, 0x0000, 0x0000, 0x0000, 0x0000, 0x0000, 0x0000, 0x0000, 0x0000, 0x0000, 0x0000, 0x532E, 0xAE5B,
 0x9DD9, 0x9DD9, 0xA61A, 0x21B3, 0x42D4, 0x9DD9, 0x9579, 0x9DD9, 0x9579, 0x9558, 0x9DDA, 0x6390, 0x0000, 0x0000, 0x0000, 0x0000,
 0x0000, 0x0000, 0x0000, 0x0000, 0x0000, 0x0000, 0x0000, 0x2124, 0x3A4B, 0x0029, 0x42B7, 0x5379, 0x1976, 0x0034, 0x0054, 0x0095,
 0x3AB8, 0x5379, 0x1156, 0x1156, 0x3A96, 0x004C, 0x0000, 0x0000, 0x0000, 0x0000, 0x0000, 0x0000, 0x0000, 0x0000, 0x0000, 0x0000,
 0x0000, 0x0000, 0x0000, 0x0000, 0x0000, 0x0000, 0x0000, 0x0000, 0x0000, 0x0000, 0x29CD, 0x537C, 0x4B3A, 0x4B5A, 0x535A, 0x08D6,
 0x641B, 0xDFFF, 0xAE7E, 0x42F9, 0xAE5E, 0xBEFF, 0xCF9F, 0x84F6, 0x0000, 0x0000, 0x0000, 0x0000, 0x0000, 0x0000, 0x0000, 0x0000,
 0x0000, 0x0000, 0x0000, 0x0000, 0x0000, 0x0000, 0x0033, 0x0015, 0x0075, 0x00B5, 0x0095, 0x0095, 0x0034, 0x0014, 0x0075, 0x0074,
 0x0035, 0x00B6, 0x0049, 0x0000, 0x0000, 0x0000, 0x0000, 0x0000, 0x0000, 0x0000, 0x0000, 0x0000, 0x0000, 0x0000, 0x0000, 0x0000,
 0x0000, 0x0000, 0x0000, 0x0000, 0x0000, 0x0025, 0x002F, 0x0035, 0x0034, 0x0034, 0x0034, 0x0034, 0x3A98, 0x7C9B, 0x63FA, 0x42D8,
 0xAE5E, 0xC73F, 0x9599, 0x428C, 0x0000, 0x0000, 0x0000, 0x0000, 0x0000, 0x0000, 0x0000, 0x0000, 0x0000, 0x0000, 0x0000, 0x0000,
 0x0841, 0x1906, 0x00B4, 0x0095, 0x0095, 0x0095, 0x0095, 0x0095, 0x0095, 0x0095, 0x0095, 0x0095, 0x0095, 0x0095, 0x0097, 0x0028,
 0x0001, 0x0000, 0x0000, 0x0000, 0x0000, 0x0000, 0x0000, 0x0000, 0x0000, 0x0000, 0x0000, 0x0000, 0x0001, 0x0024, 0x0003, 0x0003,
 0x0003, 0x0091, 0x00B7, 0x0095, 0x0095, 0x0095, 0x0095, 0x00B5, 0x0075, 0x0014, 0x0916, 0x9DFD, 0x9599, 0x9DDA, 0x3A4A, 0x0000,
 0x0000, 0x0000, 0x0000, 0x0000, 0x0000, 0x0000, 0x0000, 0x0000, 0x0000, 0x0000, 0x0000, 0x0000, 0x2986, 0xA63D, 0x08F6, 0x0075,
 0x0095, 0x0095, 0x0095, 0x0095, 0x0095, 0x0095, 0x0095, 0x0095, 0x0095, 0x0095, 0x00B5, 0x00B6, 0x0029, 0x0000, 0x0020, 0x0000,
 0x0000, 0x0000, 0x0000, 0x0000, 0x0020, 0x0000, 0x0000, 0x0000, 0x006C, 0x00B7, 0x0095, 0x0095, 0x0095, 0x0095, 0x0095, 0x0095,
 0x0095, 0x0095, 0x0095, 0x0095, 0x0095, 0x00B5, 0x00B5, 0x0094, 0x0002, 0x0000, 0x0000, 0x0000, 0x0000, 0x0000, 0x0000, 0x0000,
 0x0000, 0x0000, 0x0000, 0x0000, 0x0000, 0x0000, 0x0000, 0x0000, 0x29A7, 0xA65E, 0x08F6, 0x0075, 0x0095, 0x0095, 0x0095, 0x0095,
 0x0095, 0x0095, 0x0095, 0x0095, 0x0075, 0x08F5, 0x9DDC, 0x2A17, 0x0012, 0x42D5, 0x8D59, 0x0072, 0x0011, 0x84F9, 0x3A95, 0x3234,
 0x8D59, 0x0011, 0x0011, 0x84F9, 0x5358, 0x0035, 0x0095, 0x0095, 0x0095, 0x0095, 0x0095, 0x0095, 0x0095, 0x0095, 0x0095, 0x0095,
 0x0054, 0x3A98, 0x8D19, 0x0002, 0x0000, 0x0000, 0x0000, 0x0000, 0x0000, 0x0000, 0x0000, 0x0000, 0x0000, 0x0000, 0x0000, 0x0000,
 0x0000, 0x0000, 0x0000, 0x0000, 0x29A7, 0xB69F, 0x0095, 0x0054, 0x00B5, 0x0095, 0x0095, 0x0095, 0x0095, 0x0095, 0x0095, 0x0095,
 0x0095, 0x00B5, 0x3257, 0x0054, 0x4B19, 0x747B, 0x29D7, 0x08F6, 0x7CBC, 0x42F9, 0x63FA, 0x6C5B, 0x4B39, 0x84FC, 0x7CBC, 0x4B19,
 0x1956, 0x0075, 0x0095, 0x0034, 0x0095, 0x0095, 0x0095, 0x0095, 0x0095, 0x0095, 0x0095, 0x0095, 0x0034, 0x42F9, 0xA619, 0x0000,
 0x0000, 0x0000, 0x0000, 0x0000, 0x0000, 0x0000, 0x0000, 0x0000, 0x0000, 0x0000, 0x0000, 0x0000, 0x0000, 0x0000, 0x0000, 0x0000,
 0x18E3, 0x6BD2, 0x5B9A, 0x08F6, 0x0054, 0x00B5, 0x0095, 0x0095, 0x0095, 0x0095, 0x0095, 0x0095, 0x0095, 0x00D5, 0x42D8, 0x5318,
 0x5BDA, 0x5BB9, 0x3217, 0x0095, 0x63D9, 0x4B18, 0x5BB9, 0x3A77, 0x0055, 0x6C5A, 0xC71E, 0x6C5A, 0x1976, 0x0054, 0x1136, 0x5359,
 0x08F5, 0x0095, 0x0095, 0x0095, 0x0095, 0x0095, 0x0095, 0x0095, 0x0034, 0x42D9, 0x9DD9, 0x0000, 0x0000, 0x0000, 0x0000, 0x0000,
 0x0000, 0x0000, 0x0000, 0x0000, 0x0000, 0x0000, 0x0000, 0x0000, 0x0000, 0x0000, 0x0000, 0x0000, 0x0000, 0x0000, 0x9577, 0x42F8,
 0x08D6, 0x0075, 0x0095, 0x0095, 0x0095, 0x0095, 0x0095, 0x0095, 0x0075, 0x08F5, 0x8D5C, 0xCF7F, 0x5399, 0x5B99, 0xAE7D, 0x21B6,
 0x1136, 0xA61D, 0x641A, 0x1936, 0x21D7, 0x1976, 0x7CDB, 0xA61D, 0x42D8, 0x0014, 0x19B6, 0x959C, 0x1136, 0x0075, 0x0095, 0x0095,
 0x0095, 0x0095, 0x0095, 0x0095, 0x0014, 0x42D9, 0xA5FA, 0x0000, 0x0000, 0x0000, 0x0000, 0x0000, 0x0000, 0x0000, 0x0000, 0x0000,
 0x0000, 0x0000, 0x0000, 0x0000, 0x0000, 0x0000, 0x0000, 0x0000, 0x0000, 0x0000, 0x0000, 0x9556, 0x4B5A, 0x0055, 0x0095, 0x0095,
 0x0095, 0x0095, 0x00D5, 0x00D5, 0x0095, 0x0095, 0x0054, 0x84FB, 0xB69E, 0xAE5D, 0xAE5D, 0xB6BE, 0xB6BE, 0xB69E, 0xB69E, 0xAE9E,
 0xB69E, 0xAE5D, 0x1156, 0x0095, 0x00D5, 0x00D5, 0x0095, 0x0095, 0x0095, 0x0095, 0x0095, 0x0095, 0x0095, 0x0095, 0x0095, 0x00D5,
 0x0895, 0x42F9, 0x9578, 0x0000, 0x0000, 0x0000, 0x0000, 0x0000, 0x0000, 0x0000, 0x0000, 0x0000, 0x0000, 0x0000, 0x0000, 0x0000,
 0x0000, 0x0000, 0x0000, 0x0000, 0x0000, 0x0000, 0x0000, 0x1082, 0x7CB5, 0x6C3C, 0x0014, 0x0095, 0x0095, 0x0014, 0x6C3A, 0x747B,
 0x0034, 0x0034, 0x0034, 0x00B5, 0x08F5, 0x0095, 0x2A17, 0xBEFE, 0xB6BE, 0xAE7E, 0xC73F, 0x747A, 0x19B6, 0xB69E, 0xA5FD, 0x9DDD,
 0xAE5D, 0x63FA, 0x0014, 0x0095, 0x0095, 0x0095, 0x0095, 0x0095, 0x0095, 0x0034, 0x0014, 0x749C, 0xBF1F, 0x7C96, 0x0882, 0x0000,
 0x0000, 0x0000, 0x0000, 0x0000, 0x0000, 0x0000, 0x0000, 0x0000, 0x0000, 0x0000, 0x0000, 0x0000, 0x0000, 0x0000, 0x0000, 0x0000,
 0x0000, 0x0000, 0x0000, 0x0000, 0x2165, 0x6BD2, 0x745B, 0x0075, 0x0075, 0x745A, 0x5BD9, 0x1936, 0x1956, 0x7CBB, 0x7CBB, 0x84FB,
 0x7CBB, 0x749B, 0x63DA, 0x3257, 0xB69E, 0xCF9F, 0x63FA, 0x3277, 0x851B, 0xB69E, 0xC73F, 0xBEDE, 0xC71E, 0xB6BE, 0x6C3A, 0x0095,
 0x0095, 0x0095, 0x0095, 0x0074, 0x1156, 0x853D, 0x8D7E, 0x530F, 0x426A, 0x2166, 0x0000, 0x0000, 0x0000, 0x0000, 0x0000, 0x0000,
 0x0000, 0x0000, 0x0000, 0x0000, 0x0000, 0x0000, 0x0000, 0x0000, 0x0000, 0x0000, 0x0000, 0x0000, 0x0000, 0x0000, 0x0000, 0x0000,
 0x0000, 0x2989, 0x539B, 0x0075, 0x0095, 0x5359, 0x63D9, 0x29D6, 0x21B7, 0xC71E, 0xC71E, 0x6C3A, 0x8D5C, 0xCF7F, 0xA63D, 0x4B18,
 0x5B99, 0x63B9, 0x4B18, 0x747B, 0xC73F, 0xAE5D, 0x5379, 0xA61D, 0x8D5C, 0x63B9, 0x5379, 0x0095, 0x0095, 0x0095, 0x0095, 0x0075,
 0x1114, 0x63AF, 0x6BF0, 0x10C2, 0x0000, 0x0000, 0x0000, 0x0000, 0x0000, 0x0000, 0x0000, 0x0000, 0x0000, 0x0000, 0x0000, 0x0000,
 0x0000, 0x0000, 0x0000, 0x0000, 0x0000, 0x0000, 0x0000, 0x0000, 0x0000, 0x0000, 0x0000, 0x0000, 0x0000, 0x0008, 0x0036, 0x00B5,
 0x00B5, 0x0013, 0x7CBB, 0x7CDB, 0x1976, 0xBEDE, 0xB6BE, 0x3257, 0x6C1A, 0xBEFE, 0xB6DE, 0xB69E, 0x00B5, 0x0013, 0x641A, 0xCF5F,
 0xB69E, 0xAE5D, 0x2A17, 0x745A, 0x3A78, 0x0013, 0x0034, 0x0095, 0x0095, 0x0095, 0x0095, 0x00B6, 0x0072, 0x0002, 0x0002, 0x0004,
 0x0002, 0x0000, 0x0000, 0x0000, 0x0000, 0x0000, 0x0000, 0x0000, 0x0000, 0x0000, 0x0000, 0x0000, 0x0000, 0x0000, 0x0000, 0x0000,
 0x0000, 0x0000, 0x0000, 0x0000, 0x0000, 0x0000, 0x0000, 0x0000, 0x0000, 0x0048, 0x00B6, 0x0095, 0x0095, 0x0895, 0x747A, 0x63FA,
 0x1156, 0xA63D, 0xB69E, 0xB6BE, 0xB6BE, 0xB69E, 0xB6BE, 0xA63D, 0x0916, 0x0014, 0x63FA, 0xBF1E, 0xB69E, 0xB69E, 0xAE7D, 0x2A37,
 0x0074, 0x0095, 0x0095, 0x0095, 0x0095, 0x0095, 0x0095, 0x0095, 0x0095, 0x00B6, 0x00B6, 0x00B7, 0x004B, 0x0000, 0x0000, 0x0000,
 0x0000, 0x0000, 0x0000, 0x0000, 0x0000, 0x0000, 0x0000, 0x0000, 0x0000, 0x0000, 0x0000, 0x0000, 0x0000, 0x0000, 0x0000, 0x0000,
 0x0000, 0x0000, 0x0000, 0x0000, 0x0000, 0x0047, 0x00B6, 0x0095, 0x0075, 0x957C, 0x5B99, 0x0075, 0x0075, 0x1136, 0xAE5D, 0xB6BE,
 0xB6BE, 0xB6BE, 0xB6BE, 0xAE5D, 0x0936, 0x0014, 0x6C1A, 0xC73E, 0xB69E, 0xA63D, 0x1136, 0x851B, 0x4B39, 0x0014, 0x00B5, 0x0095,
 0x0095, 0x0095, 0x0095, 0x0095, 0x0095, 0x0095, 0x0095, 0x0095, 0x0096, 0x006D, 0x0000, 0x0000, 0x0000, 0x0000, 0x0000, 0x0000,
 0x0000, 0x0000, 0x0000, 0x0000, 0x0000, 0x0000, 0x0000, 0x0000, 0x0000, 0x0000, 0x0000, 0x0000, 0x0000, 0x0000, 0x0000, 0x0000,
 0x0049, 0x0093, 0x0095, 0x0095, 0x0095, 0x2A17, 0x1156, 0x0014, 0x21B6, 0x853C, 0x3257, 0xA63D, 0x6C1A, 0x63FA, 0xAE7D, 0x29F7,
 0x00B5, 0x0075, 0x1916, 0x641A, 0xCF5F, 0xBEFE, 0x8D7C, 0xB6DE, 0xB6BE, 0x5B99, 0x0034, 0x0034, 0x0034, 0x0014, 0x0074, 0x00B5,
 0x0095, 0x0095, 0x0095, 0x0095, 0x00B6, 0x0094, 0x006D, 0x0000, 0x0000, 0x0000, 0x0000, 0x0000, 0x0000, 0x0000, 0x0000, 0x0000,
 0x0000, 0x0000, 0x0000, 0x0000, 0x0000, 0x0000, 0x0000, 0x0000, 0x0000, 0x0000, 0x0000, 0x0048, 0x0093, 0x00B6, 0x0095, 0x0095,
 0x0095, 0x0054, 0x0075, 0x0075, 0x1176, 0x5BB9, 0x0075, 0x42F8, 0x1996, 0x1976, 0x4B18, 0x0034, 0x0095, 0x00B5, 0x0034, 0x1976,
 0x5BB9, 0x5379, 0x5BDA, 0x5399, 0x63FA, 0x3A98, 0x1115, 0x6C1A, 0x6C1A, 0x6C5A, 0x29F7, 0x0014, 0x00B5, 0x0095, 0x0095, 0x0095,
 0x0095, 0x00B6, 0x0094, 0x004A, 0x0001, 0x0000, 0x0000, 0x0000, 0x0000, 0x0000, 0x0000, 0x0000, 0x0000, 0x0000, 0x0000, 0x0000,
 0x0000, 0x0000, 0x0000, 0x0000, 0x0000, 0x0026, 0x0026, 0x0093, 0x00B6, 0x0095, 0x0095, 0x0095, 0x0095, 0x0095, 0x0095, 0x00B5,
 0x0075, 0x0034, 0x0095, 0x0014, 0x0034, 0x0034, 0x0014, 0x0075, 0x0075, 0x0075, 0x0075, 0x0034, 0x0014, 0x0014, 0x0014, 0x0034,
 0x0014, 0x0014, 0x1996, 0x8D5C, 0x8D5C, 0x959C, 0x63FA, 0x2196, 0x0054, 0x0095, 0x0095, 0x0095, 0x0095, 0x0095, 0x0095, 0x0096,
 0x0002, 0x0000, 0x0000, 0x0000, 0x0000, 0x0000, 0x0000, 0x0000, 0x0000, 0x0000, 0x0000, 0x0000, 0x0000, 0x0000, 0x0001, 0x0002,
 0x0026, 0x00B6, 0x00B6, 0x0095, 0x0095, 0x0095, 0x0095, 0x0095, 0x0095, 0x0095, 0x0095, 0x0095, 0x0095, 0x0095, 0x0095, 0x0915,
 0x1136, 0x1136, 0x1136, 0x1136, 0x1136, 0x1136, 0x1136, 0x1136, 0x1136, 0x1136, 0x00B5, 0x0095, 0x0095, 0x0095, 0x0095, 0x0054,
 0x0054, 0x0014, 0x63DA, 0x84FB, 0x10D5, 0x0095, 0x0095, 0x0095, 0x0095, 0x0095, 0x0095, 0x0094, 0x0002, 0x0000, 0x0000, 0x0000,
 0x0000, 0x0000, 0x0000, 0x0000, 0x0000, 0x0000, 0x0000, 0x0000, 0x0000, 0x0000, 0x004B, 0x0095, 0x0094, 0x0095, 0x0095, 0x0095,
 0x0095, 0x0095, 0x0095, 0x0095, 0x0095, 0x0095, 0x0095, 0x0095, 0x0095, 0x0074, 0x0034, 0x84FB, 0xB69E, 0xA63D, 0xA63D, 0xA63D,
 0xA63D, 0xA63D, 0xA63D, 0xA63D, 0xAE5D, 0xA5FD, 0x0916, 0x0034, 0x0075, 0x0075, 0x0095, 0x0095, 0x0095, 0x0095, 0x0074, 0x4B18,
 0x9DDD, 0x00B5, 0x0095, 0x0095, 0x0095, 0x0095, 0x0095, 0x0074, 0x0002, 0x0000, 0x0000, 0x0000, 0x0000, 0x0000, 0x0000, 0x0000,
 0x0000, 0x0000, 0x0000, 0x0000, 0x0000, 0x004C, 0x0094, 0x00B6, 0x0095, 0x0095, 0x0095, 0x0095, 0x0095, 0x0095, 0x0095, 0x0095,
 0x0095, 0x0095, 0x00B5, 0x0034, 0x1136, 0x853B, 0x851B, 0xB69E, 0xE79F, 0xF7DF, 0xF7DF, 0xF7DF, 0xFFFF, 0xF7FF, 0xF7DF, 0xF7DF,
 0xEFBF, 0xBEFE, 0x8D5C, 0x851B, 0x957C, 0x5379, 0x0014, 0x0095, 0x0095, 0x0095, 0x0075, 0x0916, 0x29F7, 0x0095, 0x0095, 0x0095,
 0x00B5, 0x0034, 0x0936, 0x957D, 0x10C3, 0x0000, 0x0000, 0x0000, 0x0000, 0x0000, 0x0000, 0x0000, 0x0000, 0x0000, 0x0001, 0x004C,
 0x004C, 0x0094, 0x00B6, 0x0095, 0x0095, 0x0095, 0x0095, 0x0095, 0x0095, 0x0095, 0x0095, 0x0095, 0x0095, 0x00B5, 0x0014, 0x21B6,
 0x955C, 0xEFDF, 0xFFFF, 0x63FA, 0xB61D, 0xFFFF, 0xFFFF, 0xFFFF, 0x7C3A, 0xEF5F, 0xFFFF, 0xFFFF, 0xEF7F, 0x5359, 0xE7BF, 0xEFDF,
 0xDFBF, 0xA63D, 0x4B18, 0x0095, 0x0095, 0x0095, 0x00B5, 0x0075, 0x0054, 0x0095, 0x00B5, 0x0054, 0x0014, 0x2197, 0x747A, 0x530D,
 0x0861, 0x0000, 0x0000, 0x0000, 0x0000, 0x0000, 0x0000, 0x0000, 0x0000, 0x0002, 0x004B, 0x00B7, 0x00B7, 0x0095, 0x0095, 0x0095,
 0x0095, 0x0095, 0x0095, 0x0095, 0x0095, 0x0095, 0x0095, 0x0095, 0x0095, 0x0075, 0x2196, 0x5379, 0x9DBC, 0xFFFF, 0xB5BC, 0x08D5,
 0x4AB8, 0xCE9D, 0xF7BF, 0x94FB, 0x0054, 0x6BB9, 0xDF1E, 0xE75E, 0x7C1A, 0x0054, 0x94BB, 0xF7BF, 0xB5FD, 0x855C, 0x9DFD, 0x0054,
 0x0095, 0x0095, 0x0095, 0x0095, 0x0095, 0x0095, 0x0054, 0x2A18, 0x42D9, 0x5BB8, 0x7431, 0x0000, 0x0000, 0x0000, 0x0000, 0x0000,
 0x0000, 0x0000, 0x0000, 0x0000, 0x0001, 0x004B, 0x00B8, 0x0095, 0x0095, 0x0095, 0x0095, 0x0095, 0x0095, 0x0095, 0x0095, 0x0095,
 0x0095, 0x0095, 0x0095, 0x0095, 0x0095, 0x0034, 0x7CBB, 0x7CBB, 0x3A57, 0xF7BF, 0x21B6, 0x0074, 0x0054, 0x7C5A, 0xE73E, 0x08F5,
 0x0075, 0x0875, 0xAD9C, 0xBE1D, 0x0875, 0x0075, 0x08B5, 0xD6DE, 0x7C3A, 0x42D8, 0x9DFD, 0x1136, 0x00B5, 0x0095, 0x0095, 0x0095,
 0x0095, 0x0095, 0x1116, 0x7CD9, 0xBEDC, 0x6BF1, 0x0000, 0x0000, 0x0000, 0x0000, 0x0000, 0x0000, 0x0000, 0x0000, 0x0000, 0x0000,
 0x004B, 0x00B6, 0x0095, 0x0095, 0x0095, 0x0095, 0x0095, 0x0095, 0x0095, 0x0095, 0x0095, 0x0095, 0x0095, 0x0095, 0x0095, 0x0095,
 0x0095, 0x0034, 0x641A, 0xDF7F, 0xFFDF, 0xFFFF, 0xFFDF, 0x21B6, 0x7C5A, 0xFFFF, 0xFFFF, 0xE75E, 0x08F5, 0xB5DC, 0xFFFF, 0xFFFF,
 0xC63D, 0x00D5, 0xDEFE, 0xFFFF, 0xFFFF, 0xDF5F, 0xAE9E, 0xA61D, 0x1136, 0x0075, 0x0095, 0x0095, 0x0075, 0x00D5, 0xA61E, 0x3A29,
 0x0020, 0x0020, 0x0000, 0x0000, 0x0000, 0x0000, 0x0000, 0x0000, 0x0000, 0x0000, 0x0000, 0x0000, 0x006C, 0x00B8, 0x0095, 0x0095,
 0x0095, 0x0034, 0x6C5A, 0x63FA, 0x0014, 0x0095, 0x0095, 0x0095, 0x0095, 0x0095, 0x0095, 0x0095, 0x0095, 0x0034, 0x6C5A, 0xCF5F,
 0xD73E, 0xFFFF, 0xFFFF, 0xADFD, 0xA63D, 0xC6DE, 0xC6FE, 0xCF3F, 0xA5FD, 0xC6FE, 0xC71E, 0xBEDE, 0xB69E, 0x959C, 0xFFFF, 0xFFFF,
 0xE77F, 0xB6BE, 0xB6BE, 0xB6BE, 0x1156, 0x0075, 0x0014, 0x2A38, 0xAE5F, 0x9DDD, 0x31C8, 0x0841, 0x0000, 0x0000, 0x0000, 0x0000,
 0x0000, 0x0000, 0x0000, 0x0000, 0x0000, 0x0000, 0x0000, 0x0000, 0x0024, 0x006E, 0x00B6, 0x0095, 0x0095, 0x0075, 0x3217, 0x6C5A,
 0x63B9, 0x0014, 0x0096, 0x00B7, 0x00B7, 0x00B7, 0x00B7, 0x00B6, 0x0095, 0x0014, 0x1936, 0x6C3A, 0xBEFE, 0xDF9F, 0xDF9F, 0xC6FE,
 0xAE9E, 0xB6BE, 0x95BC, 0x3277, 0x42B8, 0x3237, 0x7CBB, 0xB6DE, 0xAE7E, 0xBEDE, 0xDF7F, 0xDF9F, 0xCF3F, 0xBEFE, 0x9DDD, 0x3257,
 0x0054, 0x0035, 0x4AFB, 0x7457, 0x530C, 0x4ACB, 0x0000, 0x0000, 0x0000, 0x0000, 0x0000, 0x0000, 0x0000, 0x0000, 0x0000, 0x0000,
 0x0000, 0x0000, 0x0000, 0x0000, 0x0000, 0x0028, 0x00B7, 0x0095, 0x0095, 0x00B5, 0x0014, 0x29D7, 0x749B, 0x3A97, 0x002C, 0x000B,
 0x004C, 0x006D, 0x006D, 0x006D, 0x0095, 0x3278, 0x3A77, 0x6C1A, 0xAE5D, 0x641A, 0x641A, 0xA5FD, 0xB6BE, 0xB6BE, 0x95BD, 0x3A99,
 0x3257, 0x3A58, 0x7CDB, 0xB6DE, 0xB69E, 0xAE7D, 0x6C7A, 0x641A, 0x6C1A, 0x8D5C, 0x9DFD, 0x3277, 0x42D8, 0x10AF, 0x4AF1, 0x530C,
 0x0000, 0x0000, 0x0000, 0x0000, 0x0000, 0x0000, 0x0000, 0x0000, 0x0000, 0x0000, 0x0000, 0x0000, 0x0000, 0x0000, 0x0000, 0x0000,
 0x0000, 0x0049, 0x0097, 0x0095, 0x0095, 0x0075, 0x1136, 0x1936, 0x3A98, 0xB6BC, 0x2145, 0x1903, 0x0840, 0x0000, 0x0000, 0x0000,
 0x0050, 0x959C, 0xC75F, 0xC71E, 0x8D3C, 0x0014, 0x0014, 0x851C, 0xBEDE, 0xB6BE, 0xB69D, 0x9DD9, 0xBEDE, 0xA5FA, 0xAE5B, 0xBEBE,
 0xB6BE, 0xA63D, 0x00B5, 0x0014, 0x0014, 0x3278, 0xBF1E, 0xBF1E, 0xC75F, 0x31C7, 0x0000, 0x0000, 0x0000, 0x0000, 0x0000, 0x0000,
 0x0000, 0x0000, 0x0000, 0x0000, 0x0000, 0x0000, 0x0000, 0x0000, 0x0000, 0x0000, 0x0000, 0x0000, 0x0000, 0x0049, 0x00B7, 0x00B5,
 0x0095, 0x0054, 0x6C3A, 0xBEFE, 0xAE7D, 0xAE7D, 0xAE7E, 0xBEFF, 0x426B, 0x0000, 0x0000, 0x0000, 0x0000, 0x8CF6, 0xBEDF, 0xBEDE,
 0x8D5C, 0x0075, 0x0075, 0x8D3C, 0xB6BE, 0xDF9F, 0xCE59, 0x0861, 0xA61C, 0x2146, 0x8C51, 0xF7FF, 0xAE9E, 0xAE3D, 0x1156, 0x0075,
 0x0034, 0x3AB8, 0xBEFE, 0xB69E, 0xB6BE, 0x29A7, 0x0000, 0x0000, 0x0000, 0x0000, 0x0000, 0x0000, 0x0000, 0x0000, 0x0000, 0x0000,
 0x0000, 0x0000, 0x0000, 0x0000, 0x0000, 0x0000, 0x0000, 0x0000, 0x0000, 0x0009, 0x2A1A, 0x8D5C, 0x0075, 0x745A, 0xAE7E, 0xC73F,
 0x959C, 0x1976, 0xB6BE, 0xC73F, 0xBEDD, 0x5B6F, 0x0000, 0x0000, 0x0000, 0x10A3, 0x7C95, 0xD7BF, 0x957D, 0x00D5, 0x959C, 0xB69E,
 0xAE7D, 0xD73F, 0xFFDE, 0xD6BB, 0xBEDE, 0xCEBB, 0xF77D, 0xEF9F, 0xAE7D, 0xB69E, 0xAE5D, 0x21F7, 0x0014, 0x42FA, 0xCF7F, 0xB6BE,
 0x2987, 0x0021, 0x0000, 0x0000, 0x0000, 0x0000, 0x0000, 0x0000, 0x0000, 0x0000, 0x0000, 0x0000, 0x0000, 0x0000, 0x0000, 0x0000,
 0x0000, 0x0000, 0x0000, 0x0000, 0x0000, 0x0003, 0x31EE, 0xB6DE, 0x749B, 0xA63D, 0xCF7F, 0x84FB, 0x3277, 0x641A, 0x3277, 0x3A98,
 0x42DA, 0x194E, 0x0000, 0x0000, 0x0000, 0x0000, 0x2145, 0x4AAB, 0x31ED, 0x00B7, 0x42B8, 0xA63D, 0xBEFE, 0xBEBE, 0xD75F, 0xDF9F,
 0x42F8, 0xBE9E, 0xE7BF, 0xBEDE, 0xB6BE, 0xBEDE, 0x5379, 0x1118, 0x002E, 0x10E8, 0x428B, 0x3A2A, 0x0000, 0x0000, 0x0000, 0x0000,
 0x0000, 0x0000, 0x0000, 0x0000, 0x0000, 0x0000, 0x0000, 0x0000, 0x0000, 0x0000, 0x0000, 0x0000, 0x0000, 0x0000, 0x0000, 0x0000,
 0x0000, 0x0000, 0x29A6, 0xC73F, 0xC75F, 0xBEDE, 0x84FB, 0x42D8, 0x5B99, 0xB6BE, 0x4B59, 0x0054, 0x1977, 0x4B35, 0x3A4A, 0x0000,
 0x0000, 0x0000, 0x0000, 0x0000, 0x0000, 0x004D, 0x0014, 0x4AF9, 0x9DDD, 0xC71E, 0xA63D, 0x5BB9, 0x0054, 0x42B8, 0x95BC, 0xBF1E,
 0xAE5D, 0x63DA, 0x0096, 0x002F, 0x0024, 0x0000, 0x0000, 0x0000, 0x0000, 0x0000, 0x0000, 0x0000, 0x0000, 0x0000, 0x0000, 0x0000,
 0x0000, 0x0000, 0x0000, 0x0000, 0x0000, 0x0000, 0x0000, 0x0000, 0x0000, 0x0000, 0x0000, 0x0000, 0x0000, 0x0000, 0x2146, 0x9599,
 0x9578, 0xBEBE, 0x4B19, 0x5359, 0xC75F, 0xAE7E, 0x9DFD, 0x2A37, 0x84FC, 0xC75F, 0x7C74, 0x0000, 0x0000, 0x0000, 0x0000, 0x0000,
 0x0000, 0x0000, 0x006F, 0x0014, 0x4B39, 0xA63D, 0x747A, 0x0014, 0x0095, 0x0014, 0x4B38, 0xA63D, 0x747B, 0x0034, 0x0072, 0x0003,
 0x0000, 0x0000, 0x0000, 0x0000, 0x0000, 0x0000, 0x0000, 0x0000, 0x0000, 0x0000, 0x0000, 0x0000, 0x0000, 0x0000, 0x0000, 0x0000,
 0x0000, 0x0000, 0x0000, 0x0000, 0x0000, 0x0000, 0x0000, 0x0000, 0x0000, 0x0000, 0x0000, 0x0000, 0x0000, 0x84F7, 0xB69E, 0xAE7D,
 0xB6BE, 0xA5FD, 0x08F5, 0x8D3C, 0xC73F, 0x63B1, 0x0000, 0x0000, 0x0000, 0x0000, 0x0000, 0x0000, 0x0000, 0x0000, 0x0000, 0x006F,
 0x0096, 0x0095, 0x0095, 0x0095, 0x0095, 0x0095, 0x0095, 0x0095, 0x0095, 0x0093, 0x0001, 0x0000, 0x0000, 0x0000, 0x0000, 0x0000,
 0x0000, 0x0000, 0x0000, 0x0000, 0x0000, 0x0000, 0x0000, 0x0000, 0x0000, 0x0000, 0x0000, 0x0000, 0x0000, 0x0000, 0x0000, 0x0000,
 0x0000, 0x0000, 0x0000, 0x0000, 0x0000, 0x0000, 0x0000, 0x0000, 0x0000, 0x0882, 0x10A3, 0x5B4F, 0xC77F, 0xBEDF, 0xA63E, 0xC73F,
 0x530E, 0x0841, 0x0000, 0x0000, 0x0000, 0x0000, 0x0000, 0x0000, 0x0000, 0x0000, 0x0000, 0x0001, 0x004E, 0x0098, 0x0096, 0x00B6,
 0x00B6, 0x00B6, 0x0096, 0x0097, 0x0072, 0x0002, 0x0000, 0x0000, 0x0000, 0x0000, 0x0000, 0x0000, 0x0000, 0x0000, 0x0000, 0x0000,
 0x0000, 0x0000, 0x0000, 0x0000, 0x0000, 0x0000, 0x0000, 0x0000, 0x0000, 0x0000, 0x0000, 0x0000, 0x0000, 0x0000, 0x0000, 0x0000,
 0x0000, 0x0000, 0x0000, 0x0000, 0x0000, 0x0000, 0x0000, 0x10A3, 0x3A4A, 0x3A09, 0x3A4A, 0x3A4A, 0x1082, 0x0000, 0x0000, 0x0000,
 0x0000, 0x0000, 0x0000, 0x0000, 0x0000, 0x0000, 0x0000, 0x0000, 0x0003, 0x0027, 0x0027, 0x0027, 0x0027, 0x0027, 0x0027, 0x0027,
 0x0025, 0x0000, 0x0000, 0x0000, 0x0000, 0x0000, 0x0000, 0x0000, 0x0000, 0x0000, 0x0000, 0x0000, 0x0000, 0x0000, 0x0000, 0x0000,
 0x0000, 0x0000, 0x0000, 0x0000, 0x0000, 0x0000, 0x0000, 0x0000, 0x0000, 0x0000, 0x0000, 0x0000, 0x0000, 0x0000, 0x0000, 0x0000,
 0x0000, 0x0000, 0x0000, 0x0000, 0x0000, 0x0000, 0x0000, 0x0000, 0x0000, 0x0000, 0x0000, 0x0000, 0x0000, 0x0000, 0x0000, 0x0000,
 0x0000, 0x0000, 0x0000, 0x0000, 0x0000, 0x0000, 0x0000, 0x0000, 0x0000, 0x0000, 0x0000, 0x0000, 0x0000, 0x0000, 0x0000, 0x0000,
 0x0000, 0x0000, 0x0000, 0x0000, 0x0000, 0x0000, 0x0000, 0x0000, 0x0000, 0x0000, 0x0000, 0x0000, 0x0000, 0x0000, 0x0000, 0x0000,
 0x0000, 0x0000, 0x0000, 0x0000, 0x0000, 0x0000, 0x0000, 0x0000, 0x0000, 0x0000, 0x0000, 0x0000, 0x0000, 0x0000, 0x0000, 0x0000,
 0x0000, 0x0000, 0x0000, 0x0000, 0x0000, 0x0000, 0x0000, 0x0000, 0x0000, 0x0000, 0x0000, 0x0000, 0x0000, 0x0000, 0x0000, 0x0000,
 0x0000, 0x0000, 0x0000, 0x0000, 0x0000, 0x0000, 0x0000, 0x0000, 0x0000, 0x0000, 0x0000, 0x0000, 0x0000, 0x0000, 0x0000, 0x0000,
 0x0000, 0x0000, 0x0000, 0x0000, 0x0000, 0x0000, 0x0000, 0x0000, 0x0000, 0x0000, 0x0000, 0x0000, 0x0000, 0x0000, 0x0000, 0x0000,
 0x0000, 0x0000, 0x0000, 0x0000, 0x0000, 0x0000, 0x0000, 0x0000, 0x0000, 0x0000, 0x0000, 0x0000, 0x0000, 0x0000, 0x0000, 0x0000,
 0x0000, 0x0000, 0x0000, 0x0000, 0x0000, 0x0000, 0x0000, 0x0000, 0x0000, 0x0000, 0x0000, 0x0000, 0x0000, 0x0000, 0x0000, 0x0000,
 0x0000, 0x0000, 0x0000, 0x0000, 0x0000, 0x0000, 0x0000, 0x0000, 0x0000, 0x0000, 0x0000, 0x0000, 0x0000, 0x0000, 0x0000, 0x0000,
 0x0000, 0x0000, 0x0000, 0x0000, 0x0000, 0x0000, 0x0000, 0x0000, 0x0000, 0x0000, 0x0000, 0x0000, 0x0000, 0x0000, 0x0000, 0x0000,
 0x0000, 0x0000, 0x0000, 0x0000, 0x0000, 0x0000, 0x0000, 0x0000, 0x0000, 0x0000, 0x0000, 0x0000, 0x0000, 0x0000, 0x0000, 0x0000,
 0x0000, 0x0000, 0x0000, 0x0000, 0x0000, 0x0000, 0x0000, 0x0000, 0x0000, 0x0000, 0x0000, 0x0000, 0x0000, 0x0000, 0x0000, 0x0000,
 0x0000, 0x0000, 0x0000, 0x0000, 0x0000, 0x0000, 0x0000, 0x0000, 0x0000, 0x0000, 0x0000, 0x0000, 0x0000, 0x0000, 0x0000, 0x0000,
 0x0000, 0x0000, 0x0000, 0x0000, 0x0000, 0x0000, 0x0000, 0x0000, 0x0000, 0x0000, 0x0000, 0x0000, 0x0000, 0x0000, 0x0000, 0x0000,
 0x0000, 0x0000, 0x0000, 0x0000, 0x0000, 0x0000, 0x0000, 0x0000, 0x0000, 0x0000, 0x0000, 0x0000, 0x0000, 0x0000, 0x0000, 0x0000,
 0x0000, 0x0000, 0x0000, 0x0000, 0x0000, 0x0000, 0x0000, 0x0000, 0x0000, 0x0000, 0x0000, 0x0000, 0x0000, 0x0000, 0x0000, 0x0000,
 0x0000, 0x0000, 0x0000, 0x0000, 0x0000, 0x0000, 0x0000, 0x0000, 0x0000, 0x0000, 0x0000, 0x0000, 0x0000, 0x0000, 0x0000, 0x0000,
 0x0000, 0x0000, 0x0000, 0x0000, 0x0000, 0x0000, 0x0000, 0x0000, 0x0000, 0x0000, 0x0000, 0x0000, 0x0000, 0x0000, 0x0000, 0x0000,
 0x0000, 0x0000, 0x0000, 0x0000, 0x0000, 0x0000, 0x0000, 0x0000, 0x0000, 0x0000, 0x0000, 0x0000, 0x0000, 0x0000, 0x0000, 0x0000,
 0x0000, 0x0000, 0x0000, 0x0000, 0x0000, 0x0000, 0x0000, 0x0000, 0x0000, 0x0000, 0x0000, 0x0000, 0x0000, 0x0000, 0x0000, 0x0000,
 0x0000, 0x0000, 0x0000, 0x0000, 0x0000, 0x0000, 0x0000, 0x0000, 0x0000, 0x0000, 0x0000, 0x0000, 0x0000, 0x0000, 0x0000, 0x0000,
 0x0000, 0x0000, 0x0000, 0x0000, 0x0000, 0x0000, 0x0000, 0x0000, 0x0000, 0x0000, 0x0000, 0x0000, 0x0000, 0x0000, 0x0000, 0x0000,
 0x0000, 0x0000, 0x0000, 0x0000, 0x0000, 0x0000, 0x0000, 0x0000, 0x0000, 0x0000, 0x0000, 0x0000, 0x0000, 0x0000, 0x0000, 0x0000,
 0x0000, 0x0000, 0x0000, 0x0000, 0x0000, 0x0000, 0x0000, 0x0000, 0x0000, 0x0000, 0x0000, 0x0000, 0x0000, 0x0000, 0x0000, 0x0000,
 0x0000, 0x0000, 0x0000, 0x0000, 0x0000, 0x0000, 0x0000, 0x0000, 0x0000, 0x0000, 0x0000, 0x0000, 0x0000, 0x0000, 0x0000, 0x0000,
 0x0000, 0x0000, 0x0000, 0x0000, 0x0000, 0x0000, 0x0000, 0x0000, 0x0000, 0x0000, 0x0000, 0x0000, 0x0000, 0x0000, 0x0000, 0x0000,
 0x0000, 0x0000, 0x0000, 0x0000, 0x0000, 0x0000, 0x0000, 0x0000, 0x0000, 0x0000, 0x0000, 0x0000, 0x0000, 0x0000, 0x0000, 0x0000,
 0x0000, 0x0000, 0x0000, 0x0000, 0x0000, 0x0000, 0x0000, 0x0000, 0x0000, 0x0000, 0x0000, 0x0000, 0x0000, 0x0000, 0x0000, 0x0000,
 0x0000, 0x0000, 0x0000, 0x0000, 0x0000, 0x0000, 0x0000, 0x0000, 0x0000, 0x0000, 0x0000, 0x0000, 0x0000, 0x0000, 0x0000, 0x0000,
 0x0000, 0x0000, 0x0000, 0x0000, 0x0000, 0x0000, 0x0000, 0x0000, 0x0000, 0x0000, 0x0000, 0x0000, 0x0000, 0x0000, 0x0000, 0x0000,
 0x0000, 0x0000, 0x0000, 0x0000, 0x0000, 0x0000, 0x0000, 0x0000, 0x0000, 0x0000, 0x0000, 0x0000, 0x0000, 0x0000, 0x0000, 0x0000,
 0x0000, 0x0000, 0x0000, 0x0000, 0x0000, 0x0000, 0x0000, 0x0000, 0x0000, 0x0000, 0x0000, 0x0000, 0x0000, 0x0000, 0x0000, 0x0000,
 0x0000, 0x0000, 0x0000, 0x0000, 0x0000, 0x0000, 0x0000, 0x0000, 0x0000, 0x0000, 0x0000, 0x0000, 0x0000, 0x0000, 0x0000, 0x0000,
 0x0000, 0x0000, 0x0020, 0x0000, 0x0000, 0x0000, 0x0000, 0x0000, 0x0000, 0x0000, 0x0000, 0x0000, 0x0000, 0x0000, 0x0000, 0x0000,
 0x0000, 0x0000, 0x0000, 0x0000, 0x0000, 0x0000, 0x0000, 0x0000, 0x0000, 0x0000, 0x0000, 0x0000, 0x0000, 0x0000, 0x0000, 0x0000,
 0x0000, 0x0000, 0x0000, 0x0000, 0x0000, 0x0000, 0x0000, 0x0000, 0x0000, 0x0000, 0x0000, 0x0000, 0x0000, 0x0000, 0x0000, 0x0000,
 0x0000, 0x0000, 0x0000, 0x0000, 0x0000, 0x0000, 0x0000, 0x0000, 0x0000, 0x0000, 0x0020, 0x0040, 0x0000, 0x1063, 0x28EA, 0x0020,
 0x0000, 0x0040, 0x0000, 0x0000, 0x0840, 0x0000, 0x0020, 0x0000, 0x0000, 0x0000, 0x0000, 0x0000, 0x0000, 0x0000, 0x0000, 0x0000,
 0x1081, 0x0861, 0x0000, 0x0000, 0x0000, 0x0000, 0x0000, 0x0000, 0x0020, 0x10A3, 0x1082, 0x0020, 0x0000, 0x0000, 0x0000, 0x0000,
 0x0861, 0x0000, 0x0000, 0x0000, 0x0020, 0x1082, 0x0840, 0x0000, 0x0000, 0x0840, 0x0000, 0x0000, 0x0000, 0x0000, 0x0000, 0x0000,
 0x0000, 0x0000, 0x0000, 0x0000, 0x0000, 0x1082, 0x28EB, 0x310D, 0x20C7, 0x3148, 0x310F, 0x0880, 0x18A5, 0x30ED, 0x20E6, 0x18E4,
 0x28EC, 0x18C3, 0x28C9, 0x18A4, 0x0000, 0x0862, 0x18C5, 0x0000, 0x0000, 0x20C6, 0x20C6, 0x20E7, 0x30EF, 0x310E, 0x20E6, 0x0020,
 0x0000, 0x0000, 0x0000, 0x0840, 0x28EA, 0x3910, 0x392F, 0x310C, 0x10A2, 0x0000, 0x0000, 0x18A3, 0x30EE, 0x18A3, 0x0000, 0x0840,
 0x28EA, 0x310F, 0x310D, 0x10A3, 0x0861, 0x310D, 0x1083, 0x0000, 0x0000, 0x18A6, 0x20C7, 0x0000, 0x0000, 0x0000, 0x0000, 0x0000,
 0x0020, 0x28EA, 0x310F, 0x2928, 0x310D, 0x4170, 0x310F, 0x10C1, 0x28CC, 0x396E, 0x394D, 0x4170, 0x28EC, 0x1903, 0x2890, 0x28CE,
 0x0860, 0x20C8, 0x30B2, 0x18C4, 0x0861, 0x30D0, 0x316A, 0x30EE, 0x316B, 0x2106, 0x392E, 0x18A5, 0x0000, 0x0000, 0x0000, 0x20C6,
 0x30F0, 0x2106, 0x18E4, 0x310C, 0x310E, 0x10A2, 0x0000, 0x2908, 0x3913, 0x312B, 0x0020, 0x1083, 0x38F1, 0x3188, 0x20E8, 0x310D,
 0x2925, 0x2890, 0x20E7, 0x0000, 0x0000, 0x18A6, 0x20C8, 0x0000, 0x0000, 0x0000, 0x0000, 0x0000, 0x0020, 0x310C, 0x2929, 0x0000,
 0x0860, 0x2908, 0x30D0, 0x18E4, 0x28C9, 0x310B, 0x2122, 0x2890, 0x20CA, 0x10A1, 0x392F, 0x4172, 0x2106, 0x2909, 0x4192, 0x312B,
 0x2105, 0x30EE, 0x2103, 0x28AD, 0x310F, 0x20E5, 0x10A2, 0x0842, 0x0000, 0x0000, 0x0000, 0x20E9, 0x310D, 0x0040, 0x0000, 0x0860,
 0x310C, 0x30EC, 0x10A1, 0x30ED, 0x39AA, 0x310E, 0x18C5, 0x1082, 0x30D0, 0x312D, 0x18C3, 0x1082, 0x18C4, 0x30F1, 0x312D, 0x0840,
 0x0000, 0x0841, 0x18C5, 0x0000, 0x0000, 0x0000, 0x0000, 0x0000, 0x0000, 0x28E9, 0x310D, 0x0840, 0x0000, 0x0040, 0x312D, 0x20C9,
 0x10A2, 0x390F, 0x2105, 0x2929, 0x28CD, 0x10A0, 0x28ED, 0x41AD, 0x394E, 0x396F, 0x3149, 0x312C, 0x41AE, 0x310D, 0x0880, 0x28C9,
 0x49B1, 0x418E, 0x20C7, 0x0000, 0x0000, 0x0000, 0x0000, 0x20C6, 0x390F, 0x1081, 0x0000, 0x0000, 0x10C2, 0x30EF, 0x3169, 0x310E,
 0x10A2, 0x20C7, 0x310F, 0x1902, 0x310D, 0x49F0, 0x394E, 0x1083, 0x0861, 0x416F, 0x49D1, 0x28E8, 0x0881, 0x20C6, 0x392E, 0x0840,
 0x0000, 0x0000, 0x0000, 0x0000, 0x0000, 0x10A3, 0x38F0, 0x2107, 0x0000, 0x0000, 0x1083, 0x1063, 0x0000, 0x20E7, 0x392F, 0x396F,
 0x28CD, 0x0880, 0x28EC, 0x2909, 0x2928, 0x30B2, 0x18C5, 0x18C4, 0x30D1, 0x28EB, 0x0000, 0x1082, 0x310D, 0x49D0, 0x30EF, 0x0861,
 0x0000, 0x0000, 0x0000, 0x0881, 0x310F, 0x2908, 0x0000, 0x0000, 0x0040, 0x28EC, 0x418F, 0x310E, 0x0861, 0x0040, 0x310D, 0x30ED,
 0x2126, 0x394E, 0x49B1, 0x28CB, 0x10A0, 0x30EE, 0x398A, 0x310E, 0x310F, 0x316A, 0x392D, 0x0862, 0x0000, 0x0000, 0x0000, 0x0000,
 0x0000, 0x0000, 0x2908, 0x38F0, 0x2106, 0x0040, 0x0840, 0x0841, 0x0000, 0x0020, 0x20C6, 0x28EA, 0x10A3, 0x0000, 0x18A5, 0x1063,
 0x0020, 0x18C4, 0x0020, 0x0000, 0x18A3, 0x0862, 0x0000, 0x0000, 0x10A3, 0x28EB, 0x20E8, 0x0020, 0x0000, 0x0000, 0x0000, 0x0000,
 0x20E7, 0x38F0, 0x20E5, 0x0840, 0x18E2, 0x30EF, 0x312A, 0x18C4, 0x0000, 0x0000, 0x1082, 0x20C8, 0x0840, 0x18C5, 0x28EC, 0x18A6,
 0x0020, 0x18A4, 0x0861, 0x10A3, 0x20C8, 0x18E3, 0x310E, 0x18A5, 0x0000, 0x0000, 0x0000, 0x0000, 0x0000, 0x0000, 0x0020, 0x2908,
 0x38F0, 0x312C, 0x310E, 0x28EB, 0x0020, 0x0000, 0x0000, 0x0000, 0x0000, 0x0000, 0x0000, 0x0000, 0x0000, 0x0000, 0x0000, 0x0000,
 0x0000, 0x0000, 0x0000, 0x0000, 0x0000, 0x0020, 0x0000, 0x0000, 0x0000, 0x0000, 0x0000, 0x0000, 0x0020, 0x2908, 0x3910, 0x394D,
 0x390F, 0x310C, 0x0861, 0x0000, 0x0000, 0x0000, 0x0000, 0x0000, 0x0000, 0x0000, 0x0020, 0x0000, 0x0000, 0x0000, 0x0000, 0x0000,
 0x0000, 0x0020, 0x30ED, 0x20E8, 0x0000, 0x0000, 0x0000, 0x0000, 0x0000, 0x0000, 0x0000, 0x0000, 0x10A3, 0x290A, 0x310C, 0x18C5,
 0x0000, 0x0000, 0x0000, 0x0000, 0x0000, 0x0000, 0x0000, 0x0000, 0x0000, 0x0000, 0x0000, 0x0000, 0x0000, 0x0000, 0x0000, 0x0000,
 0x0000, 0x0000, 0x0000, 0x0000, 0x0000, 0x0000, 0x0000, 0x0000, 0x0000, 0x0000, 0x1083, 0x18C6, 0x18A5, 0x0840, 0x0000, 0x0000,
 0x0000, 0x0000, 0x0000, 0x0000, 0x0000, 0x0000, 0x0000, 0x0000, 0x0000, 0x0000, 0x0000, 0x0000, 0x0000, 0x0000, 0x1083, 0x1062};

const unsigned short gameover3[] = {
 0x0000, 0x0000, 0x0000, 0x0000, 0x0000, 0x0000, 0x0000, 0x0000, 0x0000, 0x0000, 0x0000, 0x0000, 0x0000, 0x0000, 0x0000, 0x0000,
 0x0000, 0x0000, 0x0000, 0x0000, 0x0000, 0x0000, 0x0000, 0x0000, 0x0000, 0x0000, 0x0000, 0x0000, 0x0000, 0x0000, 0x0000, 0x0000,
 0x0000, 0x0000, 0x0000, 0x0000, 0x0000, 0x0000, 0x29A8, 0x31E8, 0x31C8, 0x29A7, 0x29A7, 0x29A7, 0x29A7, 0x31E8, 0x31C8, 0x29A7,
 0x29A7, 0x3208, 0x0065, 0x10C7, 0x29A7, 0x0000, 0x0000, 0x0000, 0x0000, 0x0000, 0x0000, 0x0000, 0x0000, 0x0000, 0x0000, 0x0000,
 0x0000, 0x0000, 0x0000, 0x0000, 0x0000, 0x0000, 0x0000, 0x0000, 0x0000, 0x0000, 0x0000, 0x0000, 0x0000, 0x0000, 0x0000, 0x0000,
 0x0000, 0x0000, 0x0000, 0x0000, 0x0000, 0x0000, 0x0000, 0x0000, 0x0000, 0x0000, 0x0000, 0x0000, 0x0000, 0x0000, 0x0000, 0x0000,
 0x0841, 0x3A29, 0xBF1F, 0xA63F, 0xB69F, 0xBF1F, 0xBEFF, 0xBEFF, 0xBF1F, 0xA63E, 0xAE5F, 0xBF1F, 0xBEFF, 0xAE7F, 0x3A99, 0x5BBB,
 0x84D5, 0x0000, 0x0000, 0x0000, 0x0000, 0x0000, 0x0000, 0x0000, 0x0000, 0x0000, 0x0000, 0x0000, 0x0000, 0x0000, 0x0000, 0x0000,
 0x0000, 0x0000, 0x0000, 0x0000, 0x0000, 0x0000, 0x0000, 0x0000, 0x0000, 0x0000, 0x0000, 0x0000, 0x0000, 0x0000, 0x0000, 0x0000,
 0x0000, 0x0000, 0x0000, 0x0000, 0x0000, 0x0000, 0x0000, 0x0000, 0x0000, 0x0000, 0x0000, 0x0000, 0x426B, 0xBEFF, 0xAE7D, 0x0916,
 0x749B, 0xBEFE, 0xB69E, 0xB6BE, 0xBEDE, 0x19B6, 0x3A98, 0xC71E, 0xAE7E, 0x1136, 0x7CFD, 0x6BF1, 0x0000, 0x0000, 0x0000, 0x0000,
 0x0000, 0x0000, 0x0000, 0x0000, 0x4ACC, 0x9DBA, 0x8D58, 0x9558, 0x9DB9, 0x9578, 0x9598, 0x6C16, 0x0091, 0x8D38, 0xA5F9, 0x9DD9,
 0x9DD9, 0x9DB8, 0x10C3, 0x0000, 0x0000, 0x0000, 0x0000, 0x0000, 0x0000, 0x0000, 0x0000, 0x0000, 0x0000, 0x0000, 0x0000, 0x0000,
 0x0000, 0x0000, 0x0000, 0x0000, 0x0000, 0x0000, 0x0000, 0x0000, 0x52EB, 0xAE7F, 0x21D7, 0x8D3C, 0xC73F, 0x749B, 0x1956, 0x21B6,
 0x2196, 0x7CBB, 0xB6BE, 0xA61D, 0x21D8, 0x8D7F, 0x4AEE, 0x10A2, 0x0000, 0x0000, 0x0000, 0x0000, 0x0000, 0x0000, 0x0000, 0x0000,
 0x6BD1, 0xCFBF, 0xBEDF, 0xB6BF, 0x4B3A, 0x95BD, 0xDFFF, 0x95BD, 0x0096, 0x4319, 0x537A, 0x535A, 0x535A, 0x4B59, 0x0862, 0x0000,
 0x0000, 0x0000, 0x0000, 0x0000, 0x0000, 0x0000, 0x0000, 0x0000, 0x0000, 0x0000, 0x0000, 0x0000, 0x0000, 0x0000, 0x0000, 0x0000,
 0x0000, 0x0000, 0x0000, 0x0027, 0x1992, 0x3A98, 0x0075, 0x42F8, 0x5379, 0x21B7, 0x0014, 0x0054, 0x0034, 0x3A98, 0x537A, 0x3275,
 0x0008, 0x42AC, 0x10C3, 0x0000, 0x0000, 0x0000, 0x0000, 0x0000, 0x0000, 0x0000, 0x0000, 0x0000, 0x3A09, 0x9558, 0xBF1F, 0xB6BF,
 0x4B19, 0x5B99, 0x7CBB, 0x5379, 0x0075, 0x0034, 0x0034, 0x0034, 0x0034, 0x0034, 0x002A, 0x0002, 0x0000, 0x0000, 0x0000, 0x0000,
 0x0000, 0x0000, 0x0000, 0x0000, 0x0000, 0x0000, 0x0000, 0x0000, 0x0000, 0x0000, 0x0000, 0x0000, 0x0000, 0x0000, 0x0027, 0x0091,
 0x0077, 0x0034, 0x0095, 0x0034, 0x0014, 0x0055, 0x00B5, 0x0095, 0x0095, 0x0054, 0x0035, 0x0010, 0x0000, 0x0000, 0x0000, 0x0000,
 0x0000, 0x0000, 0x0000, 0x0000, 0x0000, 0x0000, 0x0000, 0x0000, 0x0000, 0x29A8, 0x9DFB, 0x9599, 0xAE5D, 0x2A37, 0x0014, 0x0054,
 0x0095, 0x0095, 0x0095, 0x0095, 0x0095, 0x0095, 0x00B7, 0x004A, 0x0003, 0x0003, 0x0003, 0x0003, 0x0000, 0x0000, 0x0000, 0x0000,
 0x0000, 0x0000, 0x0000, 0x0000, 0x0000, 0x0000, 0x0000, 0x0000, 0x0000, 0x0025, 0x0095, 0x0096, 0x0095, 0x0095, 0x0095, 0x0095,
 0x0095, 0x0095, 0x0095, 0x0095, 0x0095, 0x0095, 0x0096, 0x00B2, 0x18E4, 0x0020, 0x0000, 0x0000, 0x0000, 0x0000, 0x0000, 0x0000,
 0x0000, 0x0000, 0x0000, 0x0000, 0x0000, 0x0000, 0x0000, 0x0000, 0x0092, 0x00B6, 0x00B5, 0x0095, 0x0095, 0x0095, 0x0095, 0x0095,
 0x0095, 0x0095, 0x0095, 0x0095, 0x0095, 0x0095, 0x0095, 0x00B6, 0x0026, 0x0000, 0x0000, 0x0000, 0x0000, 0x0000, 0x0000, 0x0000,
 0x0000, 0x0000, 0x0000, 0x0000, 0x0025, 0x00B6, 0x00B5, 0x00B5, 0x0095, 0x0095, 0x0095, 0x0095, 0x0095, 0x0095, 0x0095, 0x0095,
 0x0095, 0x0095, 0x0054, 0x21D7, 0xAE5D, 0x18E4, 0x0000, 0x0000, 0x0000, 0x0000, 0x0000, 0x0000, 0x0000, 0x0000, 0x0000, 0x0000,
 0x0000, 0x0000, 0x0000, 0x0000, 0x0002, 0x6C14, 0x5BDB, 0x0034, 0x0095, 0x0095, 0x0095, 0x0095, 0x0095, 0x0095, 0x0095, 0x0095,
 0x0095, 0x0095, 0x0095, 0x0055, 0x84F9, 0x5356, 0x0010, 0x0031, 0x9579, 0x2A14, 0x3254, 0x8D39, 0x0011, 0x0011, 0x7CD8, 0x5376,
 0x0011, 0x0936, 0xA61D, 0x42D8, 0x0034, 0x0095, 0x0095, 0x0095, 0x0095, 0x0095, 0x0095, 0x0095, 0x0095, 0x0095, 0x0054, 0x21D7,
 0xB69E, 0x18E4, 0x0000, 0x0000, 0x0000, 0x0000, 0x0000, 0x0000, 0x0000, 0x0000, 0x0000, 0x0000, 0x0000, 0x0000, 0x0000, 0x0000,
 0x0000, 0x8CF4, 0x749C, 0x0034, 0x0095, 0x0095, 0x0095, 0x0095, 0x0095, 0x0095, 0x0095, 0x00B5, 0x0075, 0x0034, 0x0095, 0x0095,
 0x29F7, 0x5BBA, 0x7CBC, 0x7CDC, 0x4B39, 0x6C5B, 0x63FB, 0x42F9, 0x7CBC, 0x0916, 0x29B7, 0x641B, 0x63BA, 0x0034, 0x3A98, 0x1976,
 0x0075, 0x0095, 0x0095, 0x0095, 0x0095, 0x0095, 0x0095, 0x0095, 0x0095, 0x00B5, 0x0014, 0x1997, 0xBEFF, 0x1904, 0x0000, 0x0000,
 0x0000, 0x0000, 0x0000, 0x0000, 0x0000, 0x0000, 0x0000, 0x0000, 0x0000, 0x0000, 0x0000, 0x0000, 0x0000, 0x84D4, 0x747C, 0x0034,
 0x0095, 0x0095, 0x0095, 0x0095, 0x0095, 0x0095, 0x0095, 0x0075, 0x21D7, 0x42D8, 0x0095, 0x0075, 0x29D7, 0x8D5C, 0xC73F, 0x6C5A,
 0x0034, 0x42B8, 0x5BD9, 0x42D8, 0x6C3A, 0x00B5, 0x2996, 0x5BB9, 0x641A, 0x42D8, 0x42F8, 0x1976, 0x0075, 0x0095, 0x0095, 0x0095,
 0x0095, 0x0095, 0x0095, 0x0095, 0x0095, 0x0034, 0x1977, 0x5B99, 0x63D1, 0x0882, 0x0000, 0x0000, 0x0000, 0x0000, 0x0000, 0x0000,
 0x0000, 0x0000, 0x0000, 0x0000, 0x0000, 0x0000, 0x0000, 0x0000, 0x0000, 0x84D5, 0x747C, 0x0014, 0x0095, 0x0095, 0x0095, 0x0095,
 0x0095, 0x0095, 0x0095, 0x0034, 0x4B39, 0x8D3B, 0x0075, 0x0034, 0x6C5A, 0xA61D, 0x7CBB, 0x1156, 0x2196, 0x10F5, 0x5BDA, 0xA63D,
 0x1116, 0x1936, 0x9DFD, 0x6C5A, 0x3257, 0xC73F, 0xAE7D, 0x3A98, 0x0034, 0x0095, 0x0095, 0x0095, 0x0095, 0x0095, 0x0095, 0x0095,
 0x0075, 0x1936, 0x5BB9, 0x8CF5, 0x0000, 0x0000, 0x0000, 0x0000, 0x0000, 0x0000, 0x0000, 0x0000, 0x0000, 0x0000, 0x0000, 0x0000,
 0x0000, 0x0000, 0x0000, 0x0000, 0x0000, 0x7C94, 0x747C, 0x0055, 0x00D5, 0x0095, 0x0095, 0x0095, 0x0095, 0x0095, 0x0095, 0x0095,
 0x0095, 0x0095, 0x0095, 0x00B5, 0x00D5, 0x0075, 0x1996, 0xAE7D, 0xAE7D, 0xAE7E, 0xB69E, 0xB69E, 0xB69E, 0xB69E, 0xAE7D, 0xAE5D,
 0xB69E, 0x9DDC, 0x08F5, 0x0075, 0x0095, 0x00B5, 0x00D5, 0x0095, 0x0095, 0x0095, 0x0095, 0x0095, 0x0095, 0x959D, 0x7432, 0x0000,
 0x0000, 0x0000, 0x0000, 0x0000, 0x0000, 0x0000, 0x0000, 0x0000, 0x0000, 0x0000, 0x0000, 0x0000, 0x0000, 0x0000, 0x0000, 0x0000,
 0x0000, 0x0882, 0x5330, 0xB6BF, 0x9DDE, 0x00D5, 0x0014, 0x0055, 0x00B5, 0x0095, 0x0095, 0x0095, 0x0095, 0x0055, 0x0075, 0x8D3B,
 0x9DFD, 0x95BC, 0x9DFD, 0xB69E, 0x1996, 0x749B, 0xC73F, 0xAE7E, 0xB6BE, 0xC75F, 0x42D8, 0x08B5, 0x0916, 0x08F5, 0x0034, 0x0034,
 0x0014, 0x21D7, 0xA61D, 0x08F5, 0x0054, 0x00B5, 0x0054, 0x00B5, 0x9DFF, 0x426B, 0x0882, 0x0000, 0x0000, 0x0000, 0x0000, 0x0000,
 0x0000, 0x0000, 0x0000, 0x0000, 0x0000, 0x0000, 0x0000, 0x0000, 0x0000, 0x0000, 0x0000, 0x0000, 0x0000, 0x0000, 0x18E4, 0x4ACB,
 0x4AAC, 0x7CBB, 0x8D5E, 0x537A, 0x0054, 0x0095, 0x0095, 0x0095, 0x0075, 0x1976, 0x851B, 0xC71E, 0xBEFE, 0xBEFE, 0xC73F, 0xB69E,
 0x7CBB, 0x3A98, 0x641A, 0xCF7F, 0xBEDE, 0x3AB8, 0x5379, 0x745A, 0x6C5A, 0x7CBB, 0x747A, 0x7CBB, 0x42D8, 0x08B5, 0x3A98, 0x7CDB,
 0x29F7, 0x0034, 0x21D7, 0x7CDA, 0x4ACC, 0x0861, 0x0000, 0x0000, 0x0000, 0x0000, 0x0000, 0x0000, 0x0000, 0x0000, 0x0000, 0x0000,
 0x0000, 0x0000, 0x0000, 0x0000, 0x0000, 0x0000, 0x0000, 0x0000, 0x0000, 0x0000, 0x0000, 0x0000, 0x0000, 0x638E, 0x7C71, 0x4AD2,
 0x0075, 0x0095, 0x0095, 0x0095, 0x0075, 0x1176, 0x747A, 0x63DA, 0xAE5D, 0x8D3C, 0x5BD9, 0xAE7E, 0xC73F, 0x6C3A, 0x42F8, 0x6C1A,
 0x63DA, 0x3AB8, 0x95BC, 0xCF7F, 0xA61D, 0x6C3A, 0xBEDE, 0xCF7F, 0x747A, 0x0895, 0x42D8, 0x747A, 0x21D7, 0x0034, 0x21B7, 0x6C18,
 0x0000, 0x0000, 0x0000, 0x0000, 0x0000, 0x0000, 0x0000, 0x0000, 0x0000, 0x0000, 0x0000, 0x0000, 0x0000, 0x0000, 0x0000, 0x0000,
 0x0000, 0x0000, 0x0000, 0x0000, 0x0000, 0x0000, 0x0000, 0x0000, 0x0004, 0x0002, 0x0001, 0x0008, 0x00B6, 0x0095, 0x0095, 0x0095,
 0x00B5, 0x0095, 0x0014, 0x0014, 0x6C1A, 0x5379, 0x21F7, 0xAE7D, 0xB69E, 0xCF5F, 0x6C3A, 0x0013, 0x0075, 0xAE3D, 0xBEDE, 0xBEDE,
 0x851B, 0x1996, 0xA63D, 0xC73F, 0x63FA, 0x1996, 0xBEFE, 0x08F5, 0x0034, 0x00B5, 0x0095, 0x0033, 0x0001, 0x0000, 0x0000, 0x0000,
 0x0000, 0x0000, 0x0000, 0x0000, 0x0000, 0x0000, 0x0000, 0x0000, 0x0000, 0x0000, 0x0000, 0x0000, 0x0000, 0x0000, 0x0000, 0x0000,
 0x0000, 0x0000, 0x0000, 0x0025, 0x00B6, 0x0095, 0x0095, 0x0095, 0x0095, 0x0095, 0x0095, 0x0095, 0x0095, 0x0095, 0x0095, 0x0095,
 0x0054, 0x5BB9, 0xBEDE, 0xB69E, 0xB69E, 0xBF1E, 0x641A, 0x0014, 0x08D5, 0x9DFD, 0xB6BE, 0xB69E, 0xB69E, 0xB69E, 0xB69E, 0xBEDE,
 0x5BB9, 0x1976, 0xA63D, 0x1996, 0x0075, 0x0095, 0x00B5, 0x0093, 0x0001, 0x0000, 0x0000, 0x0000, 0x0000, 0x0000, 0x0000, 0x0000,
 0x0000, 0x0000, 0x0000, 0x0000, 0x0000, 0x0000, 0x0000, 0x0000, 0x0000, 0x0000, 0x0000, 0x0000, 0x0000, 0x0000, 0x0027, 0x0095,
 0x0095, 0x0095, 0x0095, 0x0095, 0x0095, 0x0095, 0x0095, 0x0095, 0x0095, 0x0095, 0x0095, 0x0014, 0x7CBB, 0x5379, 0x1976, 0xAE7D,
 0xB69E, 0xC73F, 0x6C5A, 0x0014, 0x08F5, 0xA63D, 0xBEDE, 0xB6BE, 0xBEDE, 0xB69E, 0xC73F, 0x4B39, 0x0054, 0x0095, 0x1976, 0x9DFD,
 0x3278, 0x0054, 0x00B5, 0x0093, 0x0000, 0x0000, 0x0000, 0x0000, 0x0000, 0x0000, 0x0000, 0x0000, 0x0000, 0x0000, 0x0000, 0x0000,
 0x0000, 0x0000, 0x0000, 0x0000, 0x0000, 0x0000, 0x0000, 0x0000, 0x0000, 0x0048, 0x0093, 0x00B6, 0x0095, 0x0095, 0x0095, 0x0095,
 0x0095, 0x0095, 0x0034, 0x0014, 0x0014, 0x0034, 0x00D5, 0x7CBB, 0xBEFE, 0xA61D, 0x851B, 0xBEFE, 0xCF5F, 0x6C5A, 0x1956, 0x0075,
 0x00B5, 0x3217, 0xA61D, 0x7CDB, 0x5379, 0xB6BE, 0x3A78, 0x6C3A, 0x5B79, 0x0034, 0x0075, 0x3A77, 0x1156, 0x0075, 0x0095, 0x0094,
 0x006F, 0x0002, 0x0000, 0x0000, 0x0000, 0x0000, 0x0000, 0x0000, 0x0000, 0x0000, 0x0000, 0x0000, 0x0000, 0x0000, 0x0000, 0x0000,
 0x0000, 0x0000, 0x0000, 0x0000, 0x0028, 0x0092, 0x00B7, 0x0095, 0x0095, 0x0095, 0x0095, 0x0095, 0x0095, 0x0054, 0x4B18, 0x5BD9,
 0x5BD9, 0x42F8, 0x00B5, 0x63DA, 0x63FA, 0x63FA, 0x6C3A, 0x5BD9, 0x641A, 0x1996, 0x0014, 0x00B5, 0x0095, 0x0014, 0x42F8, 0x2A17,
 0x08F5, 0x5B99, 0x0034, 0x42D8, 0x4B19, 0x0054, 0x0095, 0x0034, 0x0075, 0x00B5, 0x0095, 0x0095, 0x00B7, 0x006D, 0x0025, 0x0000,
 0x0000, 0x0000, 0x0000, 0x0000, 0x0000, 0x0000, 0x0000, 0x0000, 0x0000, 0x0000, 0x0000, 0x0000, 0x0000, 0x0000, 0x0000, 0x0000,
 0x0093, 0x00B6, 0x0095, 0x0095, 0x0095, 0x0095, 0x0095, 0x0075, 0x00B5, 0x2A37, 0x851B, 0x9DDC, 0x9DFD, 0x749A, 0x0075, 0x0034,
 0x0034, 0x0014, 0x0014, 0x0014, 0x0014, 0x0054, 0x0095, 0x0075, 0x0075, 0x0075, 0x0014, 0x0034, 0x0075, 0x0034, 0x0095, 0x0054,
 0x0054, 0x00B5, 0x0095, 0x0095, 0x0095, 0x0095, 0x0095, 0x0095, 0x0095, 0x00B7, 0x0070, 0x0024, 0x0024, 0x0000, 0x0000, 0x0000,
 0x0000, 0x0000, 0x0000, 0x0000, 0x0000, 0x0000, 0x0000, 0x0000, 0x0000, 0x0000, 0x0000, 0x0000, 0x0072, 0x00B6, 0x0095, 0x0095,
 0x0095, 0x0095, 0x0095, 0x0095, 0x21F7, 0xAE3D, 0x1976, 0x0034, 0x0075, 0x0075, 0x0095, 0x0095, 0x0095, 0x00D5, 0x08F5, 0x08F5,
 0x08F5, 0x08F5, 0x08F5, 0x08F5, 0x08F5, 0x08F5, 0x08F5, 0x08F5, 0x00D5, 0x0095, 0x0095, 0x0095, 0x0095, 0x0095, 0x0095, 0x0095,
 0x0095, 0x0095, 0x0095, 0x0095, 0x0095, 0x0095, 0x0095, 0x0096, 0x00B5, 0x0024, 0x0001, 0x0000, 0x0000, 0x0000, 0x0000, 0x0000,
 0x0000, 0x0000, 0x0000, 0x0000, 0x0000, 0x0000, 0x0000, 0x0000, 0x0031, 0x0096, 0x00B5, 0x0095, 0x0095, 0x0095, 0x0034, 0x42D8,
 0x9DDC, 0x1136, 0x0095, 0x0095, 0x0095, 0x0095, 0x0095, 0x0054, 0x0014, 0x4B39, 0xAE7D, 0x9DFD, 0x9DFD, 0x9DFD, 0x9DFD, 0x9DFD,
 0x9DFD, 0x9DFD, 0x9DFD, 0xAE5D, 0x749B, 0x0014, 0x0054, 0x0054, 0x0075, 0x00B5, 0x0095, 0x0095, 0x0095, 0x0095, 0x0095, 0x0095,
 0x0095, 0x0095, 0x0095, 0x0095, 0x0095, 0x0093, 0x0094, 0x004A, 0x0000, 0x0000, 0x0000, 0x0000, 0x0000, 0x0000, 0x0000, 0x0000,
 0x0000, 0x0000, 0x0000, 0x0000, 0x84D9, 0x2A18, 0x0014, 0x00B5, 0x0095, 0x0095, 0x0075, 0x1156, 0x3257, 0x0075, 0x0095, 0x0095,
 0x00B5, 0x0074, 0x0054, 0x6C3A, 0x7CBB, 0x9DFD, 0xD77F, 0xEFBF, 0xEFBF, 0xEFBF, 0xF7FF, 0xFFFF, 0xEFBF, 0xEFBF, 0xEFDF, 0xDF9F,
 0xAE7E, 0x749B, 0x74BB, 0x851B, 0x42F8, 0x0014, 0x0095, 0x0095, 0x0095, 0x0095, 0x0095, 0x0095, 0x0095, 0x0095, 0x0095, 0x0095,
 0x0095, 0x0095, 0x00B6, 0x0093, 0x004A, 0x0000, 0x0000, 0x0000, 0x0000, 0x0000, 0x0000, 0x0000, 0x0000, 0x0000, 0x0000, 0x0000,
 0x5B4D, 0x6C38, 0x3259, 0x0014, 0x0054, 0x0095, 0x00B5, 0x0075, 0x0054, 0x0095, 0x0095, 0x00B5, 0x0054, 0x08F5, 0x6C1A, 0xD73E,
 0xF7FF, 0x9D9C, 0x6C1A, 0xFFFF, 0xFFFF, 0xFFFF, 0xD6BE, 0x9D1B, 0xFFFF, 0xFFFF, 0xFFFF, 0xADFD, 0x747A, 0xF7FF, 0xE7BF, 0xDFBF,
 0x9DFD, 0x42B8, 0x0095, 0x0095, 0x0095, 0x0095, 0x0095, 0x0095, 0x0095, 0x0095, 0x0095, 0x0095, 0x0095, 0x0095, 0x0095, 0x00B6,
 0x0093, 0x004A, 0x004A, 0x0001, 0x0000, 0x0000, 0x0000, 0x0000, 0x0000, 0x0000, 0x0000, 0x0000, 0x0000, 0x63AE, 0x7479, 0x3218,
 0x2A38, 0x0095, 0x0095, 0x0095, 0x0095, 0x0095, 0x0095, 0x0075, 0x1115, 0x42F8, 0x959C, 0xFFFF, 0xD6DE, 0x4AB8, 0x0095, 0xB5DC,
 0xFFDF, 0xD6DE, 0x5318, 0x00D5, 0xBE1D, 0xFFFF, 0xD6BE, 0x4A98, 0x1136, 0xC65D, 0xFFFF, 0xADFD, 0x95BC, 0x9DDD, 0x0054, 0x0095,
 0x0095, 0x0095, 0x0095, 0x0095, 0x0095, 0x0095, 0x0095, 0x0095, 0x0095, 0x0095, 0x0095, 0x0095, 0x0095, 0x00B7, 0x00B7, 0x004A,
 0x0002, 0x0000, 0x0000, 0x0000, 0x0000, 0x0000, 0x0000, 0x0000, 0x0000, 0x0000, 0x428B, 0xBEFE, 0xA61C, 0x1996, 0x0095, 0x0095,
 0x0095, 0x0095, 0x0095, 0x0034, 0x5379, 0x9DDC, 0x1136, 0xF79F, 0x5338, 0x0034, 0x0075, 0x08F5, 0xEF7F, 0x6BD9, 0x0034, 0x0075,
 0x1136, 0xF79F, 0x5B59, 0x0034, 0x0075, 0x1996, 0xFFFF, 0x6359, 0x42D8, 0x9DDD, 0x08F5, 0x0095, 0x0095, 0x0095, 0x0095, 0x0095,
 0x0095, 0x0095, 0x0095, 0x0095, 0x0095, 0x0095, 0x0095, 0x0095, 0x0095, 0x0095, 0x0095, 0x00B7, 0x004B, 0x0000, 0x0000, 0x0000,
 0x0000, 0x0000, 0x0000, 0x0000, 0x0000, 0x0000, 0x0020, 0x0882, 0x10C3, 0xA5FC, 0x29F8, 0x0014, 0x0075, 0x0095, 0x0095, 0x0034,
 0x4318, 0xCF3E, 0xEF9F, 0xFFFF, 0xF7BF, 0x6399, 0x08F5, 0xEF5F, 0xFFFF, 0xFFDF, 0x7C3A, 0x1956, 0xF79F, 0xFFFF, 0xF7BF, 0x6399,
 0x21B6, 0xEF9F, 0xFFFF, 0xF7BF, 0xD71E, 0xAE7D, 0x9DFD, 0x1136, 0x0074, 0x0095, 0x0095, 0x0095, 0x0095, 0x0095, 0x0095, 0x0095,
 0x0095, 0x0095, 0x0075, 0x0075, 0x00B5, 0x0095, 0x0095, 0x0095, 0x0095, 0x006D, 0x0000, 0x0000, 0x0000, 0x0000, 0x0000, 0x0000,
 0x0000, 0x0000, 0x0000, 0x0000, 0x0000, 0x29A6, 0x7CB9, 0x9DFF, 0x7CBC, 0x0034, 0x0075, 0x0014, 0x4B59, 0xCF7F, 0xCF1E, 0xFFFF,
 0xFFFF, 0xC69D, 0x851C, 0xCF1E, 0xC6FE, 0xD75F, 0xBEBE, 0x9DDC, 0xDF9F, 0xC6FE, 0xCF1E, 0xA5FD, 0xA5BC, 0xFFFF, 0xFFFF, 0xE77F,
 0xBEBE, 0xB6BE, 0xBEFE, 0x1176, 0x0054, 0x0095, 0x0095, 0x0095, 0x0095, 0x0095, 0x0095, 0x0095, 0x0095, 0x0014, 0x6C3A, 0x5B99,
 0x0034, 0x0095, 0x0095, 0x0095, 0x00B8, 0x0070, 0x0000, 0x0000, 0x0000, 0x0000, 0x0000, 0x0000, 0x0000, 0x0000, 0x0000, 0x0000,
 0x0000, 0x0000, 0x428B, 0x6BF0, 0x63B1, 0x641B, 0x1137, 0x0014, 0x1136, 0x63FA, 0xB69E, 0xDF9F, 0xE7BF, 0xCF3F, 0xB6BE, 0xAE7D,
 0xB6BE, 0x6C5A, 0x4AF8, 0x5359, 0x4B39, 0xA61D, 0xAE9E, 0xB69E, 0xC71E, 0xE7BF, 0xE7BF, 0xCF3E, 0xB6DE, 0x9DFD, 0x42F8, 0x0095,
 0x0074, 0x00B6, 0x00B6, 0x00B6, 0x00B6, 0x00B6, 0x00B6, 0x0096, 0x0054, 0x5B99, 0x6C5A, 0x3A57, 0x0055, 0x0095, 0x0095, 0x00B6,
 0x0070, 0x0026, 0x0000, 0x0000, 0x0000, 0x0000, 0x0000, 0x0000, 0x0000, 0x0000, 0x0000, 0x0000, 0x0000, 0x0000, 0x0000, 0x0000,
 0x0861, 0x84F6, 0x1130, 0x2174, 0x3217, 0x42D8, 0xB69E, 0x7CFB, 0x747B, 0x959C, 0xB6BE, 0xB69E, 0xB6DE, 0x5BBA, 0x29B7, 0x21D7,
 0x3258, 0x9DFD, 0xB6BE, 0xB6BE, 0xA61D, 0x749B, 0x74BB, 0x7C9B, 0x9DBC, 0x9DBC, 0x21D7, 0x3257, 0x0937, 0x0072, 0x006F, 0x006F,
 0x006F, 0x004E, 0x002E, 0x008F, 0x3278, 0x851B, 0x1996, 0x0014, 0x00B5, 0x0095, 0x0095, 0x00B7, 0x0049, 0x0000, 0x0000, 0x0000,
 0x0000, 0x0000, 0x0000, 0x0000, 0x0000, 0x0000, 0x0000, 0x0000, 0x0000, 0x0000, 0x0000, 0x0000, 0x0000, 0x0000, 0x0000, 0x7C73,
 0xC75F, 0xBEFE, 0xA63D, 0x08F5, 0x0013, 0x5379, 0xBF1E, 0xB69E, 0xB6BE, 0xAE5C, 0xAE7C, 0xB6BE, 0xAE3B, 0xB69D, 0xB69E, 0xBEDE,
 0x7CFB, 0x0014, 0x0054, 0x0014, 0x3AB8, 0xBF1E, 0xBEDE, 0xC73F, 0x3A78, 0x0009, 0x0000, 0x0000, 0x0000, 0x0861, 0x1082, 0x31C7,
 0xBEDE, 0x21B7, 0x08F5, 0x08F5, 0x0095, 0x0095, 0x0095, 0x00B7, 0x004A, 0x0000, 0x0000, 0x0000, 0x0000, 0x0000, 0x0000, 0x0000,
 0x0000, 0x0000, 0x0000, 0x0000, 0x0000, 0x0000, 0x0000, 0x0000, 0x0000, 0x0000, 0x0000, 0x7453, 0xC73F, 0xB6BE, 0xA63D, 0x1136,
 0x0014, 0x5399, 0xBEFE, 0xB69E, 0xFFFF, 0x5289, 0x426B, 0x9599, 0x0841, 0xE71C, 0xCF3F, 0xB6DE, 0x84FB, 0x0034, 0x0095, 0x0034,
 0x42F8, 0xBEFE, 0xB69E, 0xBF1F, 0x320A, 0x0000, 0x0000, 0x0000, 0x0000, 0x7CB5, 0xAE9E, 0xAE5C, 0xB6BE, 0xAE5D, 0xB6BE, 0x5399,
 0x0014, 0x0095, 0x0075, 0x0097, 0x004A, 0x0000, 0x0000, 0x0000, 0x0000, 0x0000, 0x0000, 0x0000, 0x0000, 0x0000, 0x0000, 0x0000,
 0x0000, 0x0000, 0x0000, 0x0000, 0x0000, 0x0000, 0x0000, 0x18E4, 0x6BF2, 0xCF9F, 0xB6BF, 0x08F6, 0x63FA, 0xAE7D, 0xB69E, 0xB69E,
 0xFFFF, 0xDEBA, 0xBE5A, 0xBEDD, 0xC638, 0xFFFF, 0xCF1E, 0xAE7E, 0xAE7D, 0x851B, 0x08D5, 0x0015, 0x4B1A, 0xCF9F, 0xBEDF, 0x3A2A,
 0x0861, 0x0000, 0x0000, 0x0861, 0x8D16, 0xBEFE, 0xCF7F, 0xA61D, 0x1996, 0xAE5D, 0xC73F, 0xA63D, 0x5BB9, 0x0055, 0x84FB, 0x21FA,
 0x000A, 0x0000, 0x0000, 0x0000, 0x0000, 0x0000, 0x0000, 0x0000, 0x0000, 0x0000, 0x0000, 0x0000, 0x0000, 0x0000, 0x0000, 0x0000,
 0x0000, 0x0000, 0x0000, 0x0000, 0x1904, 0x5B4E, 0x4ACE, 0x00B5, 0x3A78, 0x959C, 0xC71E, 0xB69E, 0xCF1E, 0xEFFF, 0xA5FD, 0x63FA,
 0xF7FF, 0xDF5F, 0xBEBE, 0xBEDE, 0xA63D, 0x5339, 0x00D7, 0x002E, 0x194B, 0x5B2E, 0x4ACD, 0x0000, 0x0000, 0x0000, 0x0000, 0x0000,
 0x4B18, 0x537A, 0x5339, 0x4318, 0x5379, 0x42D8, 0x95BC, 0xCF5F, 0xA61D, 0x63FA, 0xBEDE, 0x3210, 0x0004, 0x0000, 0x0000, 0x0000,
 0x0000, 0x0000, 0x0000, 0x0000, 0x0000, 0x0000, 0x0000, 0x0000, 0x0000, 0x0000, 0x0000, 0x0000, 0x0000, 0x0000, 0x0000, 0x0000,
 0x0000, 0x0000, 0x0000, 0x004C, 0x0013, 0x3258, 0x8D5C, 0xB6BE, 0xB6DE, 0x95BC, 0x3257, 0x00B5, 0x74BB, 0xAE7D, 0xBEFE, 0xA5FD,
 0x5359, 0x0014, 0x0070, 0x0024, 0x0000, 0x0000, 0x0000, 0x0000, 0x0000, 0x0000, 0x1082, 0x3A4B, 0x2A16, 0x0055, 0x0075, 0x5359,
 0xBEFE, 0x3A98, 0x5359, 0x959C, 0xBEDE, 0xC73F, 0xBF1F, 0x29A6, 0x0000, 0x0000, 0x0000, 0x0000, 0x0000, 0x0000, 0x0000, 0x0000,
 0x0000, 0x0000, 0x0000, 0x0000, 0x0000, 0x0000, 0x0000, 0x0000, 0x0000, 0x0000, 0x0000, 0x0000, 0x0000, 0x0000, 0x0000, 0x0000,
 0x006D, 0x0035, 0x0916, 0x9DDD, 0xAE7D, 0x3257, 0x0014, 0x0075, 0x0095, 0x8D5C, 0xB69E, 0x4B39, 0x0014, 0x0091, 0x0000, 0x0000,
 0x0000, 0x0000, 0x0000, 0x0000, 0x0000, 0x0000, 0x2987, 0xB69E, 0xC71F, 0x3237, 0x42D8, 0xB69E, 0xB69E, 0xC73E, 0x3258, 0x4B39,
 0xBEDE, 0x9DFB, 0xA61C, 0x2966, 0x0000, 0x0000, 0x0000, 0x0000, 0x0000, 0x0000, 0x0000, 0x0000, 0x0000, 0x0000, 0x0000, 0x0000,
 0x0000, 0x0000, 0x0000, 0x0000, 0x0000, 0x0000, 0x0000, 0x0000, 0x0000, 0x0000, 0x0000, 0x0000, 0x0000, 0x004B, 0x00B7, 0x08F5,
 0x08F5, 0x00B5, 0x0095, 0x0095, 0x0095, 0x00D5, 0x08F5, 0x00D6, 0x0070, 0x0000, 0x0000, 0x0000, 0x0000, 0x0000, 0x0000, 0x0000,
 0x0000, 0x0000, 0x0000, 0x10C3, 0xAE3C, 0xBEFF, 0x63FA, 0x1976, 0xB69E, 0xB69E, 0xAE5E, 0xB6DF, 0x8D17, 0x0841, 0x0841, 0x0000,
 0x0000, 0x0000, 0x0000, 0x0000, 0x0000, 0x0000, 0x0000, 0x0000, 0x0000, 0x0000, 0x0000, 0x0000, 0x0000, 0x0000, 0x0000, 0x0000,
 0x0000, 0x0000, 0x0000, 0x0000, 0x0000, 0x0000, 0x0000, 0x0000, 0x0000, 0x0001, 0x0027, 0x0096, 0x0097, 0x0096, 0x00B6, 0x00B6,
 0x00B6, 0x0096, 0x0098, 0x004D, 0x0002, 0x0000, 0x0000, 0x0000, 0x0000, 0x0000, 0x0000, 0x0000, 0x0000, 0x0000, 0x0000, 0x0000,
 0x1925, 0x9DFA, 0xBEFF, 0x9DFE, 0xBF1F, 0xC75F, 0x532E, 0x2146, 0x18E4, 0x0000, 0x0000, 0x0000, 0x0000, 0x0000, 0x0000, 0x0000,
 0x0000, 0x0000, 0x0000, 0x0000, 0x0000, 0x0000, 0x0000, 0x0000, 0x0000, 0x0000, 0x0000, 0x0000, 0x0000, 0x0000, 0x0000, 0x0000,
 0x0000, 0x0000, 0x0000, 0x0000, 0x0000, 0x0000, 0x0000, 0x0049, 0x0049, 0x0049, 0x0049, 0x0049, 0x0049, 0x0049, 0x004A, 0x0024,
 0x0000, 0x0000, 0x0000, 0x0000, 0x0000, 0x0000, 0x0000, 0x0000, 0x0000, 0x0000, 0x0000, 0x0000, 0x0000, 0x3209, 0x532E, 0x530D,
 0x4ACD, 0x530E, 0x10A3, 0x0000, 0x0000, 0x0000, 0x0000, 0x0000, 0x0000, 0x0000, 0x0000, 0x0000, 0x0000, 0x0000, 0x0000, 0x0000,
 0x0000, 0x0000, 0x0000, 0x0000, 0x0000, 0x0000, 0x0000, 0x0000, 0x0000, 0x0000, 0x0000, 0x0000, 0x0000, 0x0000, 0x0000, 0x0000,
 0x0000, 0x0000, 0x0000, 0x0000, 0x0000, 0x0000, 0x0000, 0x0000, 0x0000, 0x0000, 0x0000, 0x0000, 0x0000, 0x0000, 0x0000, 0x0000,
 0x0000, 0x0000, 0x0000, 0x0000, 0x0000, 0x0000, 0x0000, 0x0000, 0x0000, 0x0000, 0x0000, 0x0000, 0x0000, 0x0000, 0x0000, 0x0000,
 0x0000, 0x0000, 0x0000, 0x0000, 0x0000, 0x0000, 0x0000, 0x0000, 0x0000, 0x0000, 0x0000, 0x0000, 0x0000, 0x0000, 0x0000, 0x0000,
 0x0000, 0x0000, 0x0000, 0x0000, 0x0000, 0x0000, 0x0000, 0x0000, 0x0000, 0x0000, 0x0000, 0x0000, 0x0000, 0x0000, 0x0000, 0x0000,
 0x0000, 0x0000, 0x0000, 0x0000, 0x0000, 0x0000, 0x0000, 0x0000, 0x0000, 0x0000, 0x0000, 0x0000, 0x0000, 0x0000, 0x0000, 0x0000,
 0x0000, 0x0000, 0x0000, 0x0000, 0x0000, 0x0000, 0x0000, 0x0000, 0x0000, 0x0000, 0x0000, 0x0000, 0x0000, 0x0000, 0x0000, 0x0000,
 0x0000, 0x0000, 0x0000, 0x0000, 0x0000, 0x0000, 0x0000, 0x0000, 0x0000, 0x0000, 0x0000, 0x0000, 0x0000, 0x0000, 0x0000, 0x0000,
 0x0000, 0x0000, 0x0000, 0x0000, 0x0000, 0x0000, 0x0000, 0x0000, 0x0000, 0x0000, 0x0000, 0x0000, 0x0000, 0x0000, 0x0000, 0x0000,
 0x0000, 0x0000, 0x0000, 0x0000, 0x0000, 0x0000, 0x0000, 0x0000, 0x0000, 0x0000, 0x0000, 0x0000, 0x0000, 0x0000, 0x0000, 0x0000,
 0x0000, 0x0000, 0x0000, 0x0000, 0x0000, 0x0000, 0x0000, 0x0000, 0x0000, 0x0000, 0x0000, 0x0000, 0x0000, 0x0000, 0x0000, 0x0000,
 0x0000, 0x0000, 0x0000, 0x0000, 0x0000, 0x0000, 0x0000, 0x0000, 0x0000, 0x0000, 0x0000, 0x0000, 0x0000, 0x0000, 0x0000, 0x0000,
 0x0000, 0x0000, 0x0000, 0x0000, 0x0000, 0x0000, 0x0000, 0x0000, 0x0000, 0x0000, 0x0000, 0x0000, 0x0000, 0x0000, 0x0000, 0x0000,
 0x0000, 0x0000, 0x0000, 0x0000, 0x0000, 0x0000, 0x0000, 0x0000, 0x0000, 0x0000, 0x0000, 0x0000, 0x0000, 0x0000, 0x0000, 0x0000,
 0x0000, 0x0000, 0x0000, 0x0000, 0x0000, 0x0000, 0x0000, 0x0000, 0x0000, 0x0000, 0x0000, 0x0000, 0x0000, 0x0000, 0x0000, 0x0000,
 0x0000, 0x0000, 0x0000, 0x0000, 0x0000, 0x0000, 0x0000, 0x0000, 0x0000, 0x0000, 0x0000, 0x0000, 0x0000, 0x0000, 0x0000, 0x0000,
 0x0000, 0x0000, 0x0000, 0x0000, 0x0000, 0x0000, 0x0000, 0x0000, 0x0000, 0x0000, 0x0000, 0x0000, 0x0000, 0x0000, 0x0000, 0x0000,
 0x0000, 0x0000, 0x0000, 0x0000, 0x0000, 0x0000, 0x0000, 0x0000, 0x0000, 0x0000, 0x0000, 0x0000, 0x0000, 0x0000, 0x0000, 0x0000,
 0x0000, 0x0000, 0x0000, 0x0000, 0x0000, 0x0000, 0x0000, 0x0000, 0x0000, 0x0000, 0x0000, 0x0000, 0x0000, 0x0000, 0x0000, 0x0000,
 0x0000, 0x0000, 0x0000, 0x0000, 0x0000, 0x0000, 0x0000, 0x0000, 0x0000, 0x0000, 0x0000, 0x0000, 0x0000, 0x0000, 0x0000, 0x0000,
 0x0000, 0x0000, 0x0000, 0x0000, 0x0000, 0x0000, 0x0000, 0x0000, 0x0000, 0x0000, 0x0000, 0x0000, 0x0000, 0x0000, 0x0000, 0x0000,
 0x0000, 0x0000, 0x0000, 0x0000, 0x0000, 0x0000, 0x0000, 0x0000, 0x0000, 0x0000, 0x0000, 0x0000, 0x0000, 0x0000, 0x0000, 0x0000,
 0x0000, 0x0000, 0x0000, 0x0000, 0x0000, 0x0000, 0x0000, 0x0000, 0x0000, 0x0000, 0x0000, 0x0000, 0x0000, 0x0000, 0x0000, 0x0000,
 0x0000, 0x0000, 0x0000, 0x0000, 0x0000, 0x0000, 0x0000, 0x0000, 0x0000, 0x0000, 0x0000, 0x0000, 0x0000, 0x0000, 0x0000, 0x0000,
 0x0000, 0x0000, 0x0000, 0x0000, 0x0000, 0x0000, 0x0000, 0x0000, 0x0000, 0x0000, 0x0000, 0x0000, 0x0000, 0x0000, 0x0000, 0x0000,
 0x0000, 0x0000, 0x0000, 0x0000, 0x0000, 0x0000, 0x0000, 0x0000, 0x0000, 0x0000, 0x0000, 0x0000, 0x0000, 0x0000, 0x0000, 0x0000,
 0x0000, 0x0000, 0x0000, 0x0000, 0x0000, 0x0000, 0x0000, 0x0000, 0x0000, 0x0000, 0x0000, 0x0000, 0x0000, 0x0000, 0x0000, 0x0000,
 0x0000, 0x0000, 0x0000, 0x0000, 0x0000, 0x0000, 0x0000, 0x0000, 0x0000, 0x0000, 0x0000, 0x0000, 0x0000, 0x0000, 0x0000, 0x0000,
 0x0000, 0x0000, 0x0000, 0x0000, 0x0000, 0x0000, 0x0000, 0x0000, 0x0000, 0x0000, 0x0000, 0x0000, 0x0000, 0x0000, 0x0000, 0x0000,
 0x0000, 0x0000, 0x0000, 0x0000, 0x0000, 0x0000, 0x0000, 0x0000, 0x0000, 0x0000, 0x0000, 0x0000, 0x0000, 0x0000, 0x0000, 0x0000,
 0x0000, 0x0000, 0x0000, 0x0000, 0x0000, 0x0000, 0x0000, 0x0000, 0x0000, 0x0000, 0x0000, 0x0000, 0x0000, 0x0000, 0x0000, 0x0000,
 0x0000, 0x0000, 0x0000, 0x0000, 0x0000, 0x0000, 0x0000, 0x0000, 0x0000, 0x0000, 0x0000, 0x0000, 0x0000, 0x0000, 0x0000, 0x0000,
 0x0000, 0x0000, 0x0000, 0x0000, 0x0000, 0x0000, 0x0000, 0x0000, 0x0000, 0x0000, 0x0000, 0x0000, 0x0000, 0x0000, 0x0000, 0x0000,
 0x0000, 0x0000, 0x0000, 0x0000, 0x0000, 0x0000, 0x0000, 0x0000, 0x0000, 0x0000, 0x0000, 0x0000, 0x0000, 0x0000, 0x0000, 0x0000,
 0x0000, 0x0000, 0x0000, 0x0000, 0x0000, 0x0000, 0x0000, 0x0000, 0x0000, 0x0000, 0x0000, 0x0000, 0x0000, 0x0000, 0x0000, 0x0000,
 0x0000, 0x0000, 0x0000, 0x0000, 0x0000, 0x0000, 0x0000, 0x0000, 0x0000, 0x0000, 0x0000, 0x0000, 0x0000, 0x0000, 0x0000, 0x0000,
 0x0000, 0x0000, 0x0000, 0x0000, 0x0000, 0x0000, 0x0000, 0x0000, 0x0000, 0x0000, 0x0000, 0x0000, 0x0000, 0x0000, 0x0000, 0x0000,
 0x0000, 0x0000, 0x0000, 0x0000, 0x0000, 0x0000, 0x0000, 0x0000, 0x0000, 0x0000, 0x0000, 0x1885, 0x20C7, 0x0000, 0x0000, 0x0020,
 0x0000, 0x0000, 0x0020, 0x0000, 0x0000, 0x0000, 0x0000, 0x0000, 0x0000, 0x0000, 0x0000, 0x0000, 0x0000, 0x0000, 0x0020, 0x0860,
 0x0020, 0x0000, 0x0000, 0x0000, 0x0000, 0x0000, 0x0000, 0x0020, 0x0881, 0x0861, 0x0000, 0x0000, 0x0000, 0x0000, 0x0000, 0x0040,
 0x0000, 0x0000, 0x0000, 0x0000, 0x0840, 0x0840, 0x0000, 0x0000, 0x0000, 0x0020, 0x0000, 0x0000, 0x0000, 0x0000, 0x0000, 0x0000,
 0x0000, 0x0000, 0x0000, 0x10A3, 0x28EA, 0x28EA, 0x18C4, 0x312A, 0x30ED, 0x0040, 0x18C5, 0x28EB, 0x18C5, 0x10A2, 0x28EB, 0x10A3,
 0x18C6, 0x18C5, 0x0000, 0x0020, 0x18A4, 0x0020, 0x0000, 0x0861, 0x20C7, 0x10A3, 0x28EA, 0x310E, 0x290A, 0x0881, 0x0000, 0x0000,
 0x0000, 0x0000, 0x0840, 0x28E9, 0x30EF, 0x310E, 0x28E9, 0x0881, 0x0000, 0x0000, 0x1082, 0x30EC, 0x18A4, 0x0000, 0x0000, 0x18C4,
 0x30ED, 0x310E, 0x20E6, 0x0020, 0x20C7, 0x28E9, 0x0020, 0x0000, 0x0020, 0x20C7, 0x1062, 0x0000, 0x0000, 0x0000, 0x0860, 0x30ED,
 0x312E, 0x312B, 0x392E, 0x4170, 0x310C, 0x10C0, 0x28AE, 0x3950, 0x392E, 0x418E, 0x30EE, 0x1903, 0x28AE, 0x28AF, 0x0881, 0x10A4,
 0x30B1, 0x20E7, 0x0000, 0x20E8, 0x30D0, 0x3189, 0x30F0, 0x3168, 0x310C, 0x312C, 0x0841, 0x0000, 0x0000, 0x0000, 0x2927, 0x30F0,
 0x2928, 0x2107, 0x310E, 0x310D, 0x1081, 0x0000, 0x20E6, 0x38D3, 0x312C, 0x0040, 0x0020, 0x28ED, 0x394E, 0x2928, 0x392F, 0x2106,
 0x28CA, 0x30CF, 0x0880, 0x0000, 0x0840, 0x28EB, 0x18C5, 0x0000, 0x0000, 0x0000, 0x1082, 0x3910, 0x2105, 0x0020, 0x10A2, 0x310C,
 0x30CF, 0x18E2, 0x28CC, 0x310B, 0x2123, 0x30B0, 0x28CC, 0x10A0, 0x30ED, 0x4153, 0x2908, 0x20E5, 0x4151, 0x394F, 0x10C1, 0x28CB,
 0x2909, 0x2106, 0x30D1, 0x2929, 0x10C1, 0x18A5, 0x0821, 0x0000, 0x0000, 0x0040, 0x30ED, 0x30ED, 0x0040, 0x0000, 0x10A1, 0x310D,
 0x310C, 0x0880, 0x28EB, 0x39AC, 0x392E, 0x20E6, 0x0040, 0x28CD, 0x310F, 0x20E4, 0x10C2, 0x18A4, 0x290A, 0x30D2, 0x20E5, 0x0000,
 0x0000, 0x10A3, 0x1082, 0x0000, 0x0000, 0x0000, 0x0860, 0x310E, 0x20E8, 0x0000, 0x0000, 0x10C2, 0x3910, 0x18A6, 0x20E4, 0x38F0,
 0x18E4, 0x2907, 0x30EE, 0x10A0, 0x28CB, 0x41CE, 0x392E, 0x41AD, 0x394C, 0x396C, 0x39AC, 0x396E, 0x18A7, 0x1082, 0x3930, 0x49D0,
 0x310C, 0x0861, 0x0000, 0x0000, 0x0000, 0x0000, 0x312A, 0x310E, 0x0860, 0x0000, 0x0000, 0x18C3, 0x30EF, 0x3167, 0x310E, 0x18C4,
 0x20C6, 0x390F, 0x18E2, 0x20C8, 0x4191, 0x418F, 0x20C7, 0x0020, 0x28E9, 0x49D2, 0x394D, 0x10A1, 0x0040, 0x28EA, 0x314B, 0x0020,
 0x0000, 0x0000, 0x0000, 0x28E8, 0x30EF, 0x10A1, 0x0000, 0x0000, 0x18C6, 0x1063, 0x0020, 0x2908, 0x310F, 0x398D, 0x30EF, 0x0880,
 0x28CA, 0x310C, 0x3148, 0x30B3, 0x28CA, 0x18E2, 0x3910, 0x30D1, 0x18C4, 0x0000, 0x2909, 0x41AF, 0x4191, 0x20C9, 0x0000, 0x0000,
 0x0000, 0x0000, 0x18E3, 0x3910, 0x20E6, 0x0000, 0x0000, 0x0040, 0x28EC, 0x418E, 0x390F, 0x1082, 0x0020, 0x310C, 0x30EF, 0x2925,
 0x310D, 0x49EF, 0x3930, 0x1082, 0x20A8, 0x394E, 0x396C, 0x390F, 0x310B, 0x316B, 0x310D, 0x0840, 0x0000, 0x0000, 0x0000, 0x0861,
 0x310D, 0x310D, 0x10A2, 0x0000, 0x0040, 0x0020, 0x0000, 0x0020, 0x20E7, 0x310D, 0x20E6, 0x0000, 0x18A5, 0x20C7, 0x0040, 0x20C6,
 0x1063, 0x0000, 0x18A4, 0x20C6, 0x0020, 0x0000, 0x0840, 0x2909, 0x310E, 0x18C6, 0x0000, 0x0000, 0x0000, 0x0000, 0x0020, 0x2909,
 0x30F0, 0x18C3, 0x0020, 0x10A0, 0x30EE, 0x312C, 0x20E7, 0x0021, 0x0000, 0x1082, 0x28EB, 0x1084, 0x10A3, 0x310D, 0x310C, 0x0861,
 0x1062, 0x20C6, 0x1081, 0x28EA, 0x20C8, 0x2106, 0x30CF, 0x1082, 0x0000, 0x0000, 0x0000, 0x0000, 0x10A2, 0x310D, 0x310F, 0x2928,
 0x30EC, 0x20C8, 0x0000, 0x0000, 0x0000, 0x0040, 0x0000, 0x0000, 0x0000, 0x0000, 0x0000, 0x0000, 0x0000, 0x0000, 0x0000, 0x0000,
 0x0000, 0x0000, 0x0000, 0x0000, 0x0860, 0x0000, 0x0000, 0x0000, 0x0000, 0x0000, 0x0000, 0x0860, 0x310B, 0x390F, 0x312B, 0x312D,
 0x310F, 0x10A3, 0x0000, 0x0000, 0x0000, 0x0000, 0x0020, 0x0000, 0x0000, 0x0040, 0x0840, 0x0000, 0x0000, 0x0000, 0x0000, 0x0000,
 0x0000, 0x18A3, 0x30D1, 0x18A4, 0x0000, 0x0000, 0x0000, 0x0000, 0x0000, 0x0860, 0x20E7, 0x394D, 0x310E, 0x18C5, 0x0000, 0x0000,
 0x0000, 0x0000, 0x0000, 0x0000, 0x0000, 0x0000, 0x0000, 0x0000, 0x0000, 0x0000, 0x0000, 0x0000, 0x0000, 0x0000, 0x0000, 0x0000,
 0x0000, 0x0000, 0x0000, 0x0000, 0x0000, 0x0000, 0x0000, 0x0000, 0x0040, 0x18C5, 0x2909, 0x20E7, 0x1081, 0x0000, 0x0000, 0x0000,
 0x0000, 0x0000, 0x0000, 0x0000, 0x0000, 0x0000, 0x0000, 0x0000, 0x0000, 0x0000, 0x0000, 0x0000, 0x0000, 0x0020, 0x20E7, 0x0862};

 const unsigned short banana[] = {
 0x0000, 0x0063, 0x0370, 0x0DFC, 0x04B7, 0x0083, 0x00A4, 0x0DBA, 0x2F9F, 0x2575, 0x032E, 0x0042, 0x03B2, 0x37DF, 0x1B2D, 0x0020,
 0x0000, 0x0000, 0x1E1C, 0x2D55, 0x0000, 0x0000, 0x0000, 0x0000, 0x0C55, 0x0ACC, 0x0000, 0x0000, 0x0000, 0x0000, 0x0063, 0x00C6,
 0x0000, 0x0000, 0x0000, 0x0000};

 const unsigned short hearts3[] = {
 0x0000, 0x0000, 0x0000, 0x0001, 0x0000, 0x0000, 0x0000, 0x0000, 0x0000, 0x0001, 0x0000, 0x0000, 0x0000, 0x0000, 0x0000, 0x0001,
 0x0000, 0x0000, 0x0000, 0x0000, 0x000F, 0x0818, 0x0001, 0x0000, 0x0000, 0x0000, 0x000E, 0x0818, 0x0001, 0x0000, 0x0000, 0x0000,
 0x000E, 0x0818, 0x0001, 0x0000, 0x0000, 0x000B, 0x101F, 0x101F, 0x0816, 0x0001, 0x0000, 0x000B, 0x101F, 0x101F, 0x0816, 0x0001,
 0x0000, 0x000A, 0x101F, 0x101F, 0x0816, 0x0001, 0x0002, 0x28FE, 0x205F, 0x101F, 0x101F, 0x000D, 0x0001, 0x28FD, 0x207F, 0x101F,
 0x101F, 0x000D, 0x0001, 0x28FD, 0x207F, 0x101F, 0x101F, 0x000D, 0x0002, 0x311B, 0x20DA, 0x0012, 0x101F, 0x000A, 0x0001, 0x291B,
 0x28FA, 0x0012, 0x101F, 0x000B, 0x0001, 0x291A, 0x28FB, 0x0012, 0x101F, 0x000A, 0x0000, 0x0002, 0x0002, 0x0000, 0x0005, 0x0000,
 0x0000, 0x0002, 0x0002, 0x0000, 0x0005, 0x0000, 0x0000, 0x0002, 0x0003, 0x0000, 0x0005, 0x0000};

 const unsigned short hearts2[] = {
 0x0000, 0x0000, 0x0000, 0x0001, 0x0000, 0x0000, 0x0000, 0x0000, 0x0000, 0x0001, 0x0000, 0x0000, 0x0000, 0x0000, 0x000F, 0x0818,
 0x0001, 0x0000, 0x0000, 0x0000, 0x000E, 0x0818, 0x0001, 0x0000, 0x0000, 0x000B, 0x101F, 0x101F, 0x0816, 0x0001, 0x0000, 0x000B,
 0x101F, 0x101F, 0x0816, 0x0001, 0x0002, 0x28FE, 0x205F, 0x101F, 0x101F, 0x000D, 0x0001, 0x28FD, 0x207F, 0x101F, 0x101F, 0x000D,
 0x0002, 0x311B, 0x20DA, 0x0012, 0x101F, 0x000A, 0x0001, 0x291B, 0x28FA, 0x0012, 0x101F, 0x000B, 0x0000, 0x0002, 0x0002, 0x0000,
 0x0005, 0x0000, 0x0000, 0x0002, 0x0002, 0x0000, 0x0005, 0x0000};

 const unsigned short hearts1[] = {
 0x0000, 0x0000, 0x0000, 0x0001, 0x0000, 0x0000, 0x0000, 0x0000, 0x000F, 0x0818, 0x0001, 0x0000, 0x0000, 0x000B, 0x101F, 0x101F,
 0x0816, 0x0001, 0x0002, 0x28FE, 0x205F, 0x101F, 0x101F, 0x000D, 0x0002, 0x311B, 0x20DA, 0x0012, 0x101F, 0x000A, 0x0000, 0x0002,
 0x0002, 0x0000, 0x0005, 0x0000};

 const unsigned short monkS1[] = {
 0x0000, 0x0000, 0x0000, 0x0000, 0x0000, 0x08C3, 0x2AF1, 0x09F0, 0x228F, 0x3310, 0x2AEF, 0x2B10, 0x3330, 0x2AEF, 0x2AEF, 0x2AEF,
 0x2AF0, 0x3330, 0x3351, 0x19A9, 0x0000, 0x0000, 0x0000, 0x0000, 0x0000, 0x0000, 0x0000, 0x0000, 0x0000, 0x0000, 0x0000, 0x0000,
 0x0000, 0x0000, 0x0000, 0x0000, 0x0000, 0x0000, 0x0000, 0x0000, 0x0000, 0x0000, 0x0000, 0x0000, 0x0000, 0x0000, 0x0000, 0x0000,
 0x0000, 0x0000, 0x0000, 0x0000, 0x0000, 0x0000, 0x0000, 0x0000, 0x0000, 0x0000, 0x0000, 0x0000, 0x08E4, 0x3BF6, 0x2C7F, 0x34DF,
 0x55DF, 0x665F, 0x4CFE, 0x447D, 0x663F, 0x665F, 0x665F, 0x5DFF, 0x449E, 0x4D1E, 0x4CF9, 0x1147, 0x0000, 0x0000, 0x0000, 0x0000,
 0x0000, 0x0000, 0x0000, 0x0000, 0x0000, 0x0000, 0x0000, 0x0000, 0x0000, 0x0000, 0x0000, 0x0000, 0x0000, 0x0000, 0x0000, 0x0000,
 0x0000, 0x0000, 0x0000, 0x0000, 0x0000, 0x0000, 0x0000, 0x0000, 0x0000, 0x0000, 0x0000, 0x0000, 0x0000, 0x0000, 0x0000, 0x0000,
 0x0000, 0x0000, 0x0000, 0x0000, 0x08C3, 0x3C16, 0x245F, 0x347F, 0x5D9F, 0x443C, 0x2239, 0x4CBE, 0x4CDE, 0x551E, 0x559F, 0x333B,
 0x229A, 0x5DFF, 0x4435, 0x0020, 0x0000, 0x0000, 0x0000, 0x0000, 0x0000, 0x0000, 0x0000, 0x0000, 0x0000, 0x0000, 0x0000, 0x0000,
 0x0000, 0x0000, 0x0000, 0x0000, 0x0000, 0x0000, 0x0000, 0x0905, 0x1166, 0x1146, 0x1166, 0x08E5, 0x0004, 0x08C5, 0x1126, 0x1146,
 0x1126, 0x1105, 0x1126, 0x08E4, 0x0000, 0x0000, 0x0000, 0x0000, 0x0000, 0x0000, 0x0000, 0x0000, 0x08E4, 0x3BF6, 0x229A, 0x2258,
 0x5DDF, 0x3BBB, 0x0076, 0x0035, 0x08D6, 0x441C, 0x5DBE, 0x227A, 0x227B, 0x3BF6, 0x0042, 0x0000, 0x0000, 0x0000, 0x0000, 0x0000,
 0x0000, 0x0000, 0x0000, 0x0000, 0x0000, 0x0000, 0x0000, 0x0000, 0x0000, 0x0000, 0x0000, 0x0000, 0x0000, 0x0061, 0x3C17, 0x557E,
 0x4D3D, 0x557D, 0x3C1B, 0x1176, 0x44BC, 0x5DDE, 0x551D, 0x553D, 0x557D, 0x5DDE, 0x4C99, 0x0041, 0x0000, 0x0000, 0x0000, 0x0000,
 0x0000, 0x0000, 0x0000, 0x0000, 0x10E4, 0x0885, 0x006C, 0x1999, 0x1117, 0x0015, 0x0015, 0x0015, 0x10F7, 0x19B8, 0x08B6, 0x0076,
 0x08F7, 0x002E, 0x0003, 0x0000, 0x0000, 0x0000, 0x0000, 0x0000, 0x0000, 0x0000, 0x0000, 0x0000, 0x0000, 0x0000, 0x0000, 0x0000,
 0x0000, 0x0000, 0x0000, 0x0000, 0x0022, 0x1134, 0x19BA, 0x1999, 0x1198, 0x2219, 0x447E, 0x5DFF, 0x5DFF, 0x2ADB, 0x3C1D, 0x665F,
 0x667F, 0x4CFA, 0x0041, 0x0000, 0x0000, 0x0000, 0x0000, 0x0000, 0x0000, 0x0000, 0x0000, 0x0000, 0x0000, 0x0007, 0x0016, 0x0015,
 0x0015, 0x0015, 0x0015, 0x0015, 0x0015, 0x0015, 0x0015, 0x0016, 0x0016, 0x000F, 0x0004, 0x0000, 0x0000, 0x0000, 0x0000, 0x0000,
 0x0000, 0x0000, 0x0000, 0x0000, 0x0000, 0x0000, 0x0000, 0x0000, 0x0000, 0x0000, 0x0002, 0x000C, 0x0014, 0x0015, 0x0015, 0x0014,
 0x0056, 0x2239, 0x2259, 0x2219, 0x2B1B, 0x4D3F, 0x665F, 0x4CFA, 0x19EA, 0x0000, 0x0000, 0x0000, 0x0000, 0x0000, 0x0000, 0x0000,
 0x0000, 0x0000, 0x0000, 0x00E8, 0x00F2, 0x0016, 0x0016, 0x0015, 0x0015, 0x0015, 0x0015, 0x0015, 0x0015, 0x0015, 0x0015, 0x0016,
 0x0017, 0x000F, 0x0004, 0x0000, 0x0000, 0x0000, 0x0000, 0x0000, 0x0000, 0x0000, 0x0000, 0x0000, 0x0000, 0x0005, 0x000B, 0x000B,
 0x000A, 0x000D, 0x0015, 0x0017, 0x0015, 0x0015, 0x0015, 0x0015, 0x0015, 0x0014, 0x0015, 0x227B, 0x3375, 0x3351, 0x220A, 0x0000,
 0x0000, 0x0000, 0x0000, 0x0000, 0x0000, 0x0000, 0x0000, 0x0000, 0x0000, 0x0021, 0x0212, 0x023E, 0x0015, 0x0016, 0x0016, 0x0015,
 0x0015, 0x0015, 0x0015, 0x0015, 0x0015, 0x0015, 0x0076, 0x0119, 0x0078, 0x000D, 0x0046, 0x0088, 0x0047, 0x00A8, 0x0027, 0x08E7,
 0x08E8, 0x0005, 0x0005, 0x00C7, 0x00B1, 0x0018, 0x0018, 0x0017, 0x0017, 0x0016, 0x0015, 0x0015, 0x0015, 0x0015, 0x0015, 0x0015,
 0x0015, 0x0016, 0x0012, 0x0004, 0x0000, 0x0000, 0x0000, 0x0000, 0x0000, 0x0000, 0x0000, 0x0000, 0x0000, 0x0000, 0x0000, 0x0000,
 0x0021, 0x01F2, 0x023E, 0x0014, 0x0015, 0x0015, 0x0016, 0x0015, 0x0015, 0x0015, 0x0015, 0x0016, 0x0015, 0x00B7, 0x021C, 0x0159,
 0x08F6, 0x0A5B, 0x01FC, 0x00B8, 0x023C, 0x0A1B, 0x2B9C, 0x2B9D, 0x0917, 0x0097, 0x021C, 0x017A, 0x0015, 0x0015, 0x0015, 0x0016,
 0x0015, 0x0015, 0x0015, 0x0015, 0x0015, 0x0015, 0x0015, 0x0016, 0x0015, 0x0006, 0x0000, 0x0000, 0x0000, 0x0000, 0x0000, 0x0000,
 0x0000, 0x0000, 0x0000, 0x0000, 0x0000, 0x0000, 0x0000, 0x0021, 0x01AF, 0x023C, 0x0077, 0x0015, 0x0015, 0x0016, 0x0016, 0x0015,
 0x0015, 0x0016, 0x0016, 0x0015, 0x0036, 0x00D7, 0x0A5C, 0x243F, 0x34DF, 0x0ABD, 0x00F9, 0x0AFE, 0x34DF, 0x1BDF, 0x13BF, 0x2C5F,
 0x137F, 0x0139, 0x0015, 0x0015, 0x0076, 0x0097, 0x0036, 0x0015, 0x0015, 0x0015, 0x0015, 0x0015, 0x0015, 0x0015, 0x0016, 0x0077,
 0x0027, 0x0000, 0x0000, 0x0000, 0x0000, 0x0000, 0x0000, 0x0000, 0x0000, 0x0000, 0x0000, 0x0000, 0x0000, 0x0000, 0x0000, 0x0042,
 0x018E, 0x021C, 0x0057, 0x0015, 0x0015, 0x0015, 0x0015, 0x0016, 0x0015, 0x0015, 0x0015, 0x0056, 0x027C, 0x34DF, 0x3D1F, 0x34DF,
 0x3CBF, 0x1B9E, 0x3CDF, 0x34BF, 0x0B5F, 0x0B7F, 0x34DF, 0x457F, 0x11F9, 0x0015, 0x0014, 0x0159, 0x01DB, 0x0076, 0x0015, 0x0016,
 0x0015, 0x0015, 0x0015, 0x0015, 0x0014, 0x0016, 0x025D, 0x010A, 0x0000, 0x0000, 0x0000, 0x0000, 0x0000, 0x0000, 0x0000, 0x0000,
 0x0000, 0x0000, 0x0000, 0x0000, 0x0000, 0x0000, 0x0000, 0x0062, 0x01B0, 0x01FC, 0x0056, 0x0015, 0x0015, 0x0016, 0x0015, 0x0035,
 0x0036, 0x0014, 0x00B7, 0x02FE, 0x3D3F, 0x557F, 0x4D3F, 0x559F, 0x4D9F, 0x5DDF, 0x4D5F, 0x453F, 0x451F, 0x4D7F, 0x4D7F, 0x135E,
 0x00F9, 0x0015, 0x0096, 0x00D7, 0x0036, 0x0015, 0x0015, 0x0015, 0x0015, 0x0015, 0x0015, 0x0056, 0x0077, 0x02BC, 0x012A, 0x0000,
 0x0000, 0x0000, 0x0000, 0x0000, 0x0000, 0x0000, 0x0000, 0x0000, 0x0000, 0x0000, 0x0000, 0x0000, 0x0000, 0x0000, 0x0000, 0x0062,
 0x01D1, 0x01BB, 0x0036, 0x0015, 0x0015, 0x0015, 0x0139, 0x0159, 0x0077, 0x021C, 0x02FF, 0x13BF, 0x243F, 0x1BFF, 0x347F, 0x5DBF,
 0x65FF, 0x5DFF, 0x663F, 0x4D5F, 0x243F, 0x1BDF, 0x0B9F, 0x02BE, 0x0118, 0x0015, 0x0015, 0x0015, 0x0015, 0x0015, 0x0015, 0x0015,
 0x0015, 0x0097, 0x021C, 0x023C, 0x014F, 0x0063, 0x0000, 0x0000, 0x0000, 0x0000, 0x0000, 0x0000, 0x0000, 0x0000, 0x0000, 0x0000,
 0x0000, 0x0000, 0x0000, 0x0000, 0x0000, 0x0000, 0x0000, 0x0062, 0x01F3, 0x01BA, 0x0056, 0x0035, 0x0139, 0x01FB, 0x017A, 0x0A9C,
 0x2C9F, 0x2C9F, 0x2C7F, 0x2C7F, 0x1BDF, 0x0B7F, 0x2C5F, 0x55BF, 0x3CFF, 0x243F, 0x2C5F, 0x243F, 0x2C5F, 0x2C7F, 0x34FF, 0x1B9E,
 0x01FB, 0x0139, 0x0035, 0x0035, 0x017A, 0x01FB, 0x01DB, 0x01DC, 0x01DA, 0x0212, 0x01F0, 0x0021, 0x0000, 0x0000, 0x0000, 0x0000,
 0x0000, 0x0000, 0x0000, 0x0000, 0x0000, 0x0000, 0x0000, 0x0000, 0x0000, 0x0000, 0x0000, 0x0000, 0x0000, 0x0000, 0x0000, 0x0065,
 0x01DA, 0x0077, 0x0035, 0x017A, 0x01BA, 0x019B, 0x1C3F, 0x5E1F, 0x65FF, 0x443C, 0x4C9D, 0x5DFF, 0x2C9F, 0x1BDF, 0x2C7F, 0x245F,
 0x1BBF, 0x3CDF, 0x663F, 0x4CDD, 0x555E, 0x5DDF, 0x237C, 0x025C, 0x019A, 0x0055, 0x0035, 0x01DB, 0x025D, 0x0237, 0x0253, 0x01AD,
 0x0000, 0x0000, 0x0000, 0x0000, 0x0000, 0x0000, 0x0000, 0x0000, 0x0000, 0x0000, 0x0000, 0x0000, 0x0000, 0x0000, 0x0000, 0x0000,
 0x0000, 0x0000, 0x0000, 0x0000, 0x0000, 0x0000, 0x0004, 0x0015, 0x0016, 0x0015, 0x0014, 0x019A, 0x037F, 0x243F, 0x663F, 0x5DBF,
 0x229A, 0x333B, 0x5E1F, 0x661F, 0x3CDF, 0x033F, 0x3CDF, 0x661F, 0x5DBF, 0x665F, 0x443D, 0x333B, 0x22BA, 0x0096, 0x0015, 0x0015,
 0x0016, 0x0015, 0x0015, 0x0017, 0x000C, 0x0004, 0x0004, 0x0004, 0x0000, 0x0000, 0x0000, 0x0000, 0x0000, 0x0000, 0x0000, 0x0000,
 0x0000, 0x0000, 0x0000, 0x0000, 0x0000, 0x0000, 0x0000, 0x0000, 0x0000, 0x0000, 0x0000, 0x0000, 0x0000, 0x0004, 0x0014, 0x0016,
 0x0015, 0x00B7, 0x019A, 0x025C, 0x133E, 0x453F, 0x5DFF, 0x557E, 0x557F, 0x5DDF, 0x661F, 0x3CFF, 0x037F, 0x2CBF, 0x5DFF, 0x661F,
 0x553E, 0x447D, 0x2AFA, 0x0076, 0x0015, 0x0015, 0x0015, 0x0016, 0x0016, 0x0015, 0x0015, 0x0014, 0x0013, 0x0014, 0x0013, 0x0007,
 0x0000, 0x0000, 0x0000, 0x0000, 0x0000, 0x0000, 0x0000, 0x0000, 0x0000, 0x0000, 0x0000, 0x0000, 0x0000, 0x0000, 0x0000, 0x0000,
 0x0000, 0x0000, 0x0000, 0x0000, 0x0008, 0x0015, 0x0016, 0x0036, 0x019A, 0x021B, 0x0077, 0x0179, 0x2C7F, 0x4DBF, 0x5E3F, 0x5E1F,
 0x55BF, 0x55DF, 0x2C7F, 0x02BD, 0x02BD, 0x2C7F, 0x5E7F, 0x447D, 0x2B1A, 0x4D1E, 0x331A, 0x0896, 0x0015, 0x0015, 0x0015, 0x0015,
 0x0015, 0x0015, 0x0016, 0x0017, 0x0017, 0x0017, 0x0013, 0x0006, 0x0000, 0x0000, 0x0000, 0x0000, 0x0000, 0x0000, 0x0000, 0x0000,
 0x0000, 0x0000, 0x0000, 0x0000, 0x0000, 0x0000, 0x0000, 0x0000, 0x0000, 0x0001, 0x0006, 0x0013, 0x0016, 0x0016, 0x0015, 0x0097,
 0x01DB, 0x0139, 0x1978, 0x3C9E, 0x241F, 0x349E, 0x3CBE, 0x241E, 0x2C5F, 0x0A5C, 0x00B7, 0x0076, 0x01FB, 0x34BF, 0x4CFE, 0x4CDD,
 0x5E3F, 0x665F, 0x2ADA, 0x0036, 0x0056, 0x0056, 0x0056, 0x0015, 0x0015, 0x0015, 0x0015, 0x0015, 0x0016, 0x0017, 0x0014, 0x0006,
 0x0000, 0x0000, 0x0000, 0x0000, 0x0000, 0x0000, 0x0000, 0x0000, 0x0000, 0x0000, 0x0000, 0x0000, 0x0000, 0x0000, 0x0000, 0x0003,
 0x000E, 0x0013, 0x0017, 0x0016, 0x0016, 0x0015, 0x0015, 0x0097, 0x00D8, 0x08D6, 0x19D8, 0x0138, 0x0958, 0x0978, 0x0118, 0x0158,
 0x0077, 0x0015, 0x0014, 0x0056, 0x0958, 0x1A18, 0x3C1C, 0x5DFF, 0x6EDF, 0x3B5A, 0x00D8, 0x021C, 0x029C, 0x023C, 0x0097, 0x0015,
 0x0015, 0x0015, 0x0015, 0x0015, 0x0015, 0x0017, 0x0013, 0x0006, 0x0000, 0x0000, 0x0000, 0x0000, 0x0000, 0x0000, 0x0000, 0x0000,
 0x0000, 0x0000, 0x0000, 0x0000, 0x0000, 0x0006, 0x0010, 0x0017, 0x0018, 0x0015, 0x0015, 0x0015, 0x0016, 0x0016, 0x0015, 0x0015,
 0x0015, 0x0014, 0x0014, 0x0014, 0x0014, 0x0014, 0x0014, 0x0014, 0x0015, 0x0015, 0x0014, 0x0014, 0x0014, 0x08B6, 0x2259, 0x2ABA,
 0x1137, 0x0097, 0x021C, 0x03BF, 0x03BF, 0x025D, 0x0077, 0x0015, 0x0015, 0x0015, 0x0015, 0x0015, 0x0015, 0x0018, 0x000A, 0x0000,
 0x0000, 0x0000, 0x0000, 0x0000, 0x0000, 0x0000, 0x0000, 0x0000, 0x0000, 0x0000, 0x0008, 0x000C, 0x0012, 0x0018, 0x0016, 0x0015,
 0x0016, 0x0016, 0x0016, 0x0015, 0x0015, 0x0015, 0x0016, 0x0015, 0x0014, 0x0014, 0x1158, 0x2AFB, 0x1ABA, 0x1A9A, 0x22BA, 0x2ADA,
 0x22DA, 0x1ABA, 0x1A9A, 0x2AFB, 0x1157, 0x0014, 0x0014, 0x0015, 0x0015, 0x0076, 0x017A, 0x01FB, 0x035F, 0x02BD, 0x00B7, 0x0015,
 0x0015, 0x0015, 0x0015, 0x0016, 0x0016, 0x0009, 0x0000, 0x0000, 0x0000, 0x0000, 0x0000, 0x0000, 0x0000, 0x0000, 0x0000, 0x0000,
 0x000A, 0x0015, 0x0017, 0x0016, 0x0016, 0x0016, 0x0015, 0x0015, 0x0016, 0x0016, 0x0015, 0x0015, 0x0015, 0x0015, 0x0076, 0x1219,
 0x1239, 0x3C5D, 0x86FF, 0x9EFF, 0x9EFF, 0x96DF, 0x769F, 0x86BF, 0xA6FF, 0x9EFF, 0x973F, 0x4CDD, 0x1239, 0x1A79, 0x08F7, 0x0015,
 0x0015, 0x0015, 0x0015, 0x019A, 0x025C, 0x01FB, 0x0118, 0x0035, 0x0015, 0x0015, 0x0015, 0x0018, 0x000A, 0x0000, 0x0000, 0x0000,
 0x0000, 0x0000, 0x0000, 0x0000, 0x0000, 0x0008, 0x000D, 0x0016, 0x0017, 0x0016, 0x0016, 0x0015, 0x0015, 0x0015, 0x0016, 0x0015,
 0x0015, 0x0015, 0x0015, 0x0015, 0x0035, 0x3B3A, 0x8E9F, 0x8EDF, 0x657E, 0x9E3E, 0xFFFF, 0xFFFF, 0xDF9F, 0x757D, 0xB6BF, 0xFFFF,
 0xFFFF, 0xBEDE, 0x653E, 0x7E3F, 0x869E, 0x4C5C, 0x1117, 0x0015, 0x0015, 0x0015, 0x0015, 0x0035, 0x019A, 0x01BA, 0x0035, 0x0014,
 0x0015, 0x00FA, 0x0073, 0x0006, 0x0000, 0x0000, 0x0000, 0x0000, 0x0000, 0x0000, 0x0000, 0x000C, 0x0016, 0x0017, 0x0016, 0x0016,
 0x0015, 0x0015, 0x0015, 0x0015, 0x0015, 0x0015, 0x0015, 0x0015, 0x0015, 0x0015, 0x0056, 0x1A7A, 0x7E1F, 0xEFDF, 0xE75E, 0x52F9,
 0x52B9, 0xE73E, 0xFFDF, 0xB59C, 0x31B8, 0x73DA, 0xF7BF, 0xF7BF, 0x7BFA, 0x3A18, 0xB5FD, 0xD71C, 0x757B, 0x2B5B, 0x08F7, 0x0015,
 0x0015, 0x0015, 0x0015, 0x0056, 0x0076, 0x0036, 0x0098, 0x00D9, 0x023A, 0x00E8, 0x0000, 0x0000, 0x0000, 0x0000, 0x0000, 0x0000,
 0x0003, 0x000C, 0x0016, 0x0017, 0x0036, 0x0056, 0x0016, 0x0015, 0x0016, 0x0015, 0x0016, 0x0016, 0x0016, 0x0016, 0x0016, 0x0015,
 0x0015, 0x1A59, 0x65FE, 0x9E5E, 0xD65D, 0x9C7B, 0x0835, 0x0015, 0x9CBB, 0xDEFE, 0x4A78, 0x0015, 0x18B6, 0xC61D, 0xC61D, 0x2117,
 0x0015, 0x5AD9, 0xDE9D, 0x73FA, 0x3C7D, 0x3BDC, 0x0896, 0x0015, 0x0015, 0x0015, 0x0015, 0x0015, 0x00B8, 0x025C, 0x029B, 0x0109,
 0x0041, 0x0000, 0x0000, 0x0000, 0x0000, 0x0000, 0x0000, 0x0007, 0x0016, 0x0016, 0x0015, 0x0097, 0x021B, 0x0097, 0x0015, 0x0016,
 0x0016, 0x0016, 0x0016, 0x0016, 0x0016, 0x0016, 0x0015, 0x0015, 0x22FB, 0x8F1F, 0xE75F, 0xE73E, 0xCE5D, 0x39F8, 0x39D8, 0xDEBE,
 0xFF9F, 0x9CDB, 0x2116, 0x6319, 0xEF3E, 0xEF3E, 0x6B39, 0x2937, 0x9CDB, 0xF79F, 0xD69E, 0x7E5F, 0x3C7D, 0x08B6, 0x0015, 0x0016,
 0x0015, 0x0015, 0x011A, 0x0259, 0x016B, 0x0107, 0x0000, 0x0000, 0x0000, 0x0000, 0x0000, 0x0000, 0x0000, 0x0000, 0x0007, 0x0017,
 0x0016, 0x0015, 0x0036, 0x019A, 0x021C, 0x0097, 0x0014, 0x0015, 0x0016, 0x0015, 0x0016, 0x0015, 0x0016, 0x0015, 0x0015, 0x2AFA,
 0x6E9F, 0xBF3F, 0xFFFF, 0xFFFF, 0x9DDD, 0x5CFD, 0xA6FF, 0xA6FF, 0x96DF, 0x5CDD, 0x861F, 0xA71F, 0xA6FF, 0x759E, 0x6CFD, 0xEF9F,
 0xFFFF, 0xBF5F, 0x76DF, 0x3C5D, 0x08B6, 0x0015, 0x0015, 0x019B, 0x027E, 0x0216, 0x012A, 0x0000, 0x0000, 0x0000, 0x0000, 0x0000,
 0x0000, 0x0000, 0x0000, 0x0000, 0x0000, 0x0007, 0x0017, 0x0016, 0x0015, 0x0015, 0x0036, 0x017A, 0x01DA, 0x01FC, 0x011B, 0x0017,
 0x0017, 0x0018, 0x0018, 0x0017, 0x0016, 0x0015, 0x08D6, 0x33BC, 0x765F, 0xB77F, 0xB75F, 0x86BF, 0x55DF, 0x55FF, 0x44DE, 0x22BA,
 0x2279, 0x1A39, 0x33FC, 0x55DF, 0x55DF, 0x767F, 0xAF5F, 0xAF5F, 0x769F, 0x449D, 0x1198, 0x0015, 0x0037, 0x01BC, 0x0215, 0x01CE,
 0x00C6, 0x0000, 0x0000, 0x0000, 0x0000, 0x0000, 0x0000, 0x0000, 0x0000, 0x0000, 0x0000, 0x0000, 0x0002, 0x000C, 0x0015, 0x0016,
 0x0015, 0x0015, 0x0056, 0x025D, 0x02DA, 0x0111, 0x000F, 0x000F, 0x0010, 0x000F, 0x0010, 0x0035, 0x1179, 0x1A19, 0x339C, 0x4D3E,
 0x33BB, 0x339B, 0x4CDE, 0x5DFF, 0x55FF, 0x3CBE, 0x229A, 0x19F8, 0x1A19, 0x33FC, 0x55DF, 0x661F, 0x4CFE, 0x33BB, 0x337B, 0x4CFD,
 0x445D, 0x227A, 0x19B6, 0x0090, 0x0191, 0x00C6, 0x0000, 0x0000, 0x0000, 0x0000, 0x0000, 0x0000, 0x0000, 0x0000, 0x0000, 0x0000,
 0x0000, 0x0000, 0x0000, 0x0000, 0x0003, 0x0014, 0x0016, 0x0015, 0x0014, 0x0938, 0x0B1E, 0x0A92, 0x0062, 0x0001, 0x0001, 0x0002,
 0x0002, 0x0002, 0x004B, 0x3BDB, 0x667F, 0x5DFF, 0x3BFC, 0x0055, 0x0034, 0x2ADA, 0x5E3F, 0x6E3F, 0x6D9F, 0x449E, 0x4D1F, 0x3C5D,
 0x5D1E, 0x763F, 0x665F, 0x2B1A, 0x0055, 0x0054, 0x2AFA, 0x5DBF, 0x667F, 0x4CFA, 0x1106, 0x0021, 0x0000, 0x0000, 0x0000, 0x0000,
 0x0000, 0x0000, 0x0000, 0x0000, 0x0000, 0x0000, 0x0000, 0x0000, 0x0000, 0x0000, 0x0000, 0x0003, 0x0015, 0x0077, 0x0016, 0x099A,
 0x3C9E, 0x4D9F, 0x4D3C, 0x3BF3, 0x224B, 0x1167, 0x0000, 0x0000, 0x0000, 0x0021, 0x226C, 0x559B, 0x6EDF, 0x3BFC, 0x0015, 0x1157,
 0x445D, 0x55DF, 0xA71F, 0xC5FA, 0x42D5, 0x44DC, 0x6CDD, 0xC5FC, 0xB73F, 0x5E1F, 0x3C3D, 0x1116, 0x0014, 0x2ABB, 0x667F, 0x665D,
 0x3391, 0x0882, 0x0000, 0x0000, 0x0000, 0x0000, 0x0000, 0x0000, 0x0000, 0x0000, 0x0000, 0x0000, 0x0000, 0x0000, 0x0000, 0x0000,
 0x0000, 0x0000, 0x0023, 0x1197, 0x01BB, 0x0139, 0x1BDF, 0x55DF, 0x661F, 0x559F, 0x455F, 0x55BD, 0x4CB8, 0x1125, 0x0000, 0x0000,
 0x0000, 0x0020, 0x224C, 0x555B, 0x2B18, 0x0036, 0x2ADB, 0x5DDF, 0x55DF, 0x9EDF, 0xDEFB, 0x7474, 0x4439, 0x74D8, 0xCE99, 0xB71F,
 0x5E3F, 0x55BF, 0x223A, 0x0013, 0x2235, 0x553A, 0x3392, 0x08A4, 0x0000, 0x0000, 0x0000, 0x0000, 0x0000, 0x0000, 0x0000, 0x0000,
 0x0000, 0x0000, 0x0000, 0x0000, 0x0000, 0x0000, 0x0000, 0x0000, 0x0000, 0x08C3, 0x44DB, 0x1BFF, 0x1BBF, 0x559F, 0x5DFF, 0x559F,
 0x2C5F, 0x0B3F, 0x245F, 0x55FF, 0x3BF5, 0x0020, 0x0000, 0x0000, 0x0000, 0x0021, 0x08C4, 0x0068, 0x0013, 0x0897, 0x2B3B, 0x5DDF,
 0x661F, 0x765F, 0x4C9B, 0x1157, 0x2B19, 0x661E, 0x6E1F, 0x5DDF, 0x337B, 0x0896, 0x000A, 0x0043, 0x08C4, 0x0062, 0x0000, 0x0000,
 0x0000, 0x0000, 0x0000, 0x0000, 0x0000, 0x0000, 0x0000, 0x0000, 0x0000, 0x0000, 0x0000, 0x0000, 0x0000, 0x0000, 0x0000, 0x0000,
 0x08C4, 0x559D, 0x561F, 0x55DF, 0x5DFF, 0x4D7F, 0x243F, 0x2C9F, 0x345E, 0x02FE, 0x13DF, 0x1B7A, 0x08C4, 0x0000, 0x0000, 0x0000,
 0x0000, 0x0000, 0x0000, 0x0006, 0x0012, 0x0057, 0x2B1B, 0x5E3F, 0x44BD, 0x1158, 0x0014, 0x0076, 0x3C5D, 0x557F, 0x2239, 0x0056,
 0x000B, 0x0001, 0x0000, 0x0000, 0x0000, 0x0000, 0x0000, 0x0000, 0x0000, 0x0000, 0x0000, 0x0000, 0x0000, 0x0000, 0x0000, 0x0000,
 0x0000, 0x0000, 0x0000, 0x0000, 0x0000, 0x0000, 0x0000, 0x08A3, 0x4CFA, 0x5DDE, 0x5DDE, 0x557F, 0x1C1F, 0x34BF, 0x5DDF, 0x55BF,
 0x243F, 0x139F, 0x455F, 0x4435, 0x08C4, 0x0000, 0x0000, 0x0000, 0x0000, 0x0000, 0x0000, 0x0004, 0x000F, 0x0898, 0x19B8, 0x1117,
 0x0015, 0x0015, 0x0015, 0x10F7, 0x1179, 0x0036, 0x000A, 0x0000, 0x0000, 0x0000, 0x0000, 0x0000, 0x0000, 0x0000, 0x0000, 0x0000,
 0x0000, 0x0000, 0x0000, 0x0000, 0x0000, 0x0000, 0x0000, 0x0000, 0x0000, 0x0000, 0x0000, 0x0000, 0x0000, 0x0000, 0x0020, 0x1105,
 0x1126, 0x222C, 0x557E, 0x4D7F, 0x55BF, 0x5DFF, 0x3CFF, 0x245F, 0x55BF, 0x4D3A, 0x19A8, 0x0021, 0x0000, 0x0000, 0x0000, 0x0000,
 0x0000, 0x0000, 0x0000, 0x0003, 0x000F, 0x0017, 0x0017, 0x0017, 0x0017, 0x0017, 0x0018, 0x0015, 0x000B, 0x0001, 0x0000, 0x0000,
 0x0000, 0x0000, 0x0000, 0x0000, 0x0000, 0x0000, 0x0000, 0x0000, 0x0000, 0x0000, 0x0000, 0x0000, 0x0000, 0x0000, 0x0000, 0x0000,
 0x0000, 0x0000, 0x0000, 0x0000, 0x0000, 0x0000, 0x0000, 0x0000, 0x0020, 0x19C9, 0x3BB3, 0x5E1F, 0x5E3F, 0x55BF, 0x55DF, 0x555C,
 0x19EA, 0x0000, 0x0000, 0x0000, 0x0000, 0x0000, 0x0000, 0x0000, 0x0000, 0x0000, 0x0000, 0x0004, 0x000B, 0x000B, 0x000B, 0x000B,
 0x000B, 0x000C, 0x0009, 0x0002, 0x0000, 0x0000, 0x0000, 0x0000, 0x0000, 0x0000, 0x0000, 0x0000, 0x0000, 0x0000, 0x0000, 0x0000,
 0x0000, 0x0000, 0x0000, 0x0000, 0x0000, 0x0000, 0x0000, 0x0000, 0x0000, 0x0000, 0x0000, 0x0000, 0x0000, 0x0000, 0x0000, 0x0000,
 0x0000, 0x0883, 0x2AEF, 0x3BB3, 0x3B93, 0x3BD3, 0x226D, 0x0000, 0x0000, 0x0000, 0x0000, 0x0000, 0x0000, 0x0000, 0x0000, 0x0000,
 0x0000, 0x0000, 0x0000, 0x0000, 0x0000, 0x0000, 0x0000, 0x0000, 0x0000, 0x0000, 0x0000, 0x0000, 0x0000, 0x0000, 0x0000, 0x0000,
 0x0000, 0x0000, 0x0000, 0x0000, 0x0000, 0x0000, 0x0000, 0x0000, 0x0000, 0x0000, 0x0000, 0x0000, 0x0000, 0x0000, 0x0000, 0x0000,
 0x0000, 0x0000, 0x0000, 0x0000, 0x0000, 0x0000, 0x0000, 0x0000, 0x0000, 0x0000, 0x0020, 0x0020, 0x0020, 0x0000, 0x0000, 0x0000,
 0x0000, 0x0000, 0x0000, 0x0000, 0x0000, 0x0000, 0x0000, 0x0000, 0x0000, 0x0000, 0x0000, 0x0000, 0x0000, 0x0000, 0x0000, 0x0000,
 0x0000, 0x0000, 0x0000, 0x0000, 0x0000, 0x0000, 0x0000, 0x0000, 0x0000, 0x0000, 0x0000, 0x0000, 0x0000, 0x0000, 0x0000, 0x0000,
 0x0000, 0x0000, 0x0000, 0x0000, 0x0000, 0x0000, 0x0000, 0x0000};

const unsigned short monkS2[] = {
 0x0000, 0x0000, 0x0000, 0x0000, 0x0000, 0x0000, 0x0000, 0x0000, 0x0000, 0x0000, 0x0000, 0x0000, 0x0000, 0x0000, 0x0000, 0x0000,
 0x0000, 0x0000, 0x0000, 0x0000, 0x0000, 0x0000, 0x0000, 0x0000, 0x0000, 0x0000, 0x0000, 0x0000, 0x0000, 0x0000, 0x0000, 0x0000,
 0x0000, 0x0000, 0x0000, 0x0042, 0x224B, 0x2ACD, 0x226C, 0x224C, 0x224C, 0x224C, 0x228C, 0x228C, 0x224C, 0x2A6C, 0x224C, 0x09AD,
 0x1A2E, 0x1105, 0x0000, 0x0000, 0x0000, 0x0000, 0x0000, 0x0000, 0x0000, 0x0000, 0x0000, 0x0000, 0x0000, 0x0000, 0x0000, 0x0000,
 0x0000, 0x0000, 0x0000, 0x0000, 0x0000, 0x0000, 0x0000, 0x0000, 0x0000, 0x0000, 0x0000, 0x0000, 0x0000, 0x0000, 0x0000, 0x0000,
 0x0000, 0x0000, 0x0000, 0x0000, 0x0000, 0x0000, 0x0000, 0x0000, 0x0000, 0x08A3, 0x2B0E, 0x44B8, 0x3358, 0x4459, 0x5579, 0x5599,
 0x5579, 0x3C19, 0x3378, 0x4D19, 0x4D39, 0x2C39, 0x23FA, 0x2B54, 0x1105, 0x0000, 0x0000, 0x0000, 0x0000, 0x0000, 0x0000, 0x0041,
 0x1147, 0x1989, 0x1188, 0x19C8, 0x19C8, 0x19A8, 0x08C7, 0x0026, 0x1188, 0x2229, 0x1A09, 0x1A09, 0x08E4, 0x0000, 0x0000, 0x0000,
 0x0000, 0x0000, 0x0000, 0x0000, 0x0000, 0x0000, 0x0000, 0x0000, 0x0000, 0x0000, 0x0000, 0x0000, 0x0000, 0x0000, 0x0000, 0x0000,
 0x1A08, 0x4D3A, 0x44BF, 0x33BE, 0x55BF, 0x55BF, 0x4D1E, 0x4CFE, 0x3C1E, 0x447E, 0x5E3F, 0x4D7F, 0x351F, 0x349B, 0x226D, 0x0862,
 0x0000, 0x0000, 0x0000, 0x0000, 0x0000, 0x0000, 0x08A4, 0x3C15, 0x44D8, 0x4457, 0x33D7, 0x3C17, 0x4D38, 0x33B6, 0x19F4, 0x2B36,
 0x3C17, 0x3BD7, 0x3BF7, 0x19C9, 0x0000, 0x0000, 0x0000, 0x0000, 0x0000, 0x0000, 0x0000, 0x0000, 0x0000, 0x0000, 0x0000, 0x0000,
 0x0000, 0x0000, 0x0000, 0x0000, 0x0000, 0x0000, 0x0000, 0x224D, 0x3C3C, 0x225B, 0x337C, 0x44BE, 0x2ABB, 0x1999, 0x1199, 0x225B,
 0x3C5E, 0x3C1C, 0x22D9, 0x2BB9, 0x228D, 0x0882, 0x0000, 0x0000, 0x0000, 0x0000, 0x0000, 0x0000, 0x0000, 0x08C4, 0x44D9, 0x66BF,
 0x669F, 0x44BF, 0x3C3E, 0x55DF, 0x4D1E, 0x2B3D, 0x229C, 0x229B, 0x229C, 0x22BC, 0x112E, 0x0001, 0x0000, 0x0000, 0x0000, 0x0000,
 0x0000, 0x0000, 0x0000, 0x0000, 0x0000, 0x0000, 0x0000, 0x0000, 0x0000, 0x0000, 0x0000, 0x0000, 0x0001, 0x0007, 0x08F3, 0x1159,
 0x0077, 0x1A19, 0x1A19, 0x0077, 0x0015, 0x0016, 0x08D8, 0x227B, 0x1154, 0x086A, 0x1169, 0x08A2, 0x0000, 0x0000, 0x0000, 0x0000,
 0x0000, 0x0000, 0x0000, 0x0000, 0x0021, 0x226D, 0x557B, 0x5E5F, 0x4CFF, 0x2B1D, 0x225A, 0x229B, 0x19DA, 0x08B8, 0x0078, 0x0078,
 0x0078, 0x0034, 0x0008, 0x0001, 0x0000, 0x0000, 0x0000, 0x0000, 0x0000, 0x0000, 0x0000, 0x0000, 0x0000, 0x0000, 0x0000, 0x0000,
 0x0000, 0x0000, 0x0000, 0x0008, 0x0012, 0x0017, 0x0017, 0x0016, 0x0077, 0x0056, 0x0016, 0x0016, 0x0016, 0x0017, 0x0078, 0x0010,
 0x0002, 0x0020, 0x0000, 0x0000, 0x0000, 0x0000, 0x0000, 0x0000, 0x0000, 0x0000, 0x0000, 0x0000, 0x0042, 0x222B, 0x3330, 0x2AF6,
 0x117A, 0x0016, 0x0036, 0x0037, 0x0016, 0x0016, 0x0016, 0x0016, 0x0017, 0x0011, 0x000B, 0x000B, 0x000C, 0x0009, 0x0001, 0x0000,
 0x0000, 0x0000, 0x0000, 0x0000, 0x0000, 0x0000, 0x0000, 0x0000, 0x0000, 0x0006, 0x0013, 0x0018, 0x0018, 0x0016, 0x0016, 0x0016,
 0x0016, 0x0016, 0x0017, 0x0017, 0x0016, 0x0017, 0x0075, 0x010C, 0x0021, 0x0000, 0x0000, 0x0000, 0x0000, 0x0000, 0x0000, 0x0000,
 0x0000, 0x0000, 0x0000, 0x0000, 0x0020, 0x0062, 0x0888, 0x0053, 0x0016, 0x0016, 0x0016, 0x0016, 0x0016, 0x0016, 0x0016, 0x0017,
 0x0017, 0x0016, 0x0016, 0x0016, 0x0055, 0x010E, 0x0069, 0x0008, 0x008A, 0x008A, 0x0049, 0x00AA, 0x0008, 0x0008, 0x00CA, 0x0049,
 0x0010, 0x00DA, 0x00FA, 0x0037, 0x0016, 0x0017, 0x0016, 0x0016, 0x0017, 0x0017, 0x0017, 0x0016, 0x0016, 0x013B, 0x0236, 0x00A5,
 0x0000, 0x0000, 0x0000, 0x0000, 0x0000, 0x0000, 0x0000, 0x0000, 0x0000, 0x0000, 0x0000, 0x0000, 0x0000, 0x0000, 0x000B, 0x0017,
 0x0017, 0x0017, 0x0017, 0x0017, 0x0017, 0x0017, 0x0017, 0x0017, 0x0018, 0x0018, 0x0018, 0x0079, 0x0199, 0x0138, 0x0977, 0x0A5A,
 0x0A39, 0x1219, 0x029B, 0x0956, 0x0035, 0x01D9, 0x0A39, 0x0119, 0x017C, 0x013A, 0x0037, 0x0016, 0x0017, 0x0017, 0x0017, 0x0017,
 0x0017, 0x0017, 0x0016, 0x0016, 0x015D, 0x029A, 0x00C6, 0x0000, 0x0000, 0x0000, 0x0000, 0x0000, 0x0000, 0x0000, 0x0000, 0x0000,
 0x0000, 0x0000, 0x0000, 0x0000, 0x0000, 0x006A, 0x0079, 0x0017, 0x0016, 0x0017, 0x0017, 0x0017, 0x0017, 0x0016, 0x0017, 0x0058,
 0x00B9, 0x0017, 0x0017, 0x013B, 0x12DE, 0x241F, 0x245F, 0x243F, 0x241F, 0x249F, 0x2B9E, 0x093B, 0x0ADE, 0x2C9F, 0x23BF, 0x0A3C,
 0x00D8, 0x0016, 0x0016, 0x0016, 0x0017, 0x0017, 0x0017, 0x0017, 0x0016, 0x0016, 0x0058, 0x019C, 0x0214, 0x0084, 0x0000, 0x0000,
 0x0000, 0x0000, 0x0000, 0x0000, 0x0000, 0x0000, 0x0000, 0x0000, 0x0000, 0x0000, 0x0000, 0x0000, 0x016F, 0x01BD, 0x0017, 0x0016,
 0x0016, 0x0016, 0x0016, 0x0016, 0x0016, 0x0016, 0x00B8, 0x017A, 0x0016, 0x0017, 0x021C, 0x2C9F, 0x3D5F, 0x3D3F, 0x351F, 0x2CDF,
 0x4DBF, 0x453F, 0x239E, 0x347F, 0x3D5F, 0x3D7F, 0x1BBE, 0x013A, 0x0016, 0x0016, 0x0016, 0x0016, 0x0017, 0x0017, 0x0016, 0x0016,
 0x0058, 0x015B, 0x01B4, 0x00C7, 0x0020, 0x0000, 0x0000, 0x0000, 0x0000, 0x0000, 0x0000, 0x0000, 0x0000, 0x0000, 0x0000, 0x0000,
 0x0000, 0x0000, 0x0000, 0x01AE, 0x025D, 0x00DA, 0x0078, 0x0017, 0x0016, 0x0016, 0x0016, 0x0016, 0x0017, 0x0078, 0x00D8, 0x0016,
 0x0078, 0x02FE, 0x34FF, 0x3D3F, 0x3D1F, 0x455F, 0x4D7F, 0x5DFF, 0x55DF, 0x4D9F, 0x457F, 0x3CFF, 0x455F, 0x1C7F, 0x01FC, 0x0037,
 0x0016, 0x0077, 0x0016, 0x0016, 0x0016, 0x0016, 0x0038, 0x015B, 0x01D5, 0x00C7, 0x0000, 0x0000, 0x0000, 0x0000, 0x0000, 0x0000,
 0x0000, 0x0000, 0x0000, 0x0000, 0x0000, 0x0000, 0x0000, 0x0000, 0x0000, 0x0000, 0x00A5, 0x01B3, 0x021B, 0x01BB, 0x00B9, 0x0058,
 0x0078, 0x0077, 0x0037, 0x0017, 0x0017, 0x0037, 0x00B8, 0x023C, 0x0B7F, 0x1C5F, 0x2C9F, 0x245F, 0x3CFF, 0x5DDF, 0x5DFF, 0x5DFF,
 0x55BF, 0x34BF, 0x245F, 0x2C9F, 0x141F, 0x02FE, 0x015A, 0x00B8, 0x015A, 0x0098, 0x0017, 0x0016, 0x0057, 0x015B, 0x01F6, 0x0108,
 0x0000, 0x0000, 0x0000, 0x0000, 0x0000, 0x0000, 0x0000, 0x0000, 0x0000, 0x0000, 0x0000, 0x0000, 0x0000, 0x0000, 0x0000, 0x0000,
 0x0000, 0x0000, 0x00A6, 0x01F1, 0x0213, 0x01B8, 0x01BB, 0x01BB, 0x01BB, 0x00D9, 0x0016, 0x0078, 0x015A, 0x0A3C, 0x245F, 0x2CDF,
 0x247F, 0x245F, 0x245F, 0x245F, 0x3D1F, 0x5DFF, 0x559F, 0x34BF, 0x245F, 0x245F, 0x245F, 0x247F, 0x2CBF, 0x1B7E, 0x01BB, 0x01BB,
 0x019B, 0x0057, 0x0037, 0x013A, 0x01F7, 0x014A, 0x0000, 0x0000, 0x0000, 0x0000, 0x0000, 0x0000, 0x0000, 0x0000, 0x0000, 0x0000,
 0x0000, 0x0000, 0x0000, 0x0000, 0x0000, 0x0000, 0x0000, 0x0000, 0x0000, 0x0020, 0x0061, 0x00C5, 0x01CF, 0x0234, 0x0219, 0x023D,
 0x00F9, 0x0016, 0x00B8, 0x01FC, 0x0A7C, 0x341D, 0x4D7F, 0x3C7D, 0x44BE, 0x55BF, 0x34DF, 0x245F, 0x3CDF, 0x34BF, 0x245F, 0x453F,
 0x559F, 0x341D, 0x449E, 0x5E1F, 0x3D3F, 0x0ADE, 0x01BB, 0x01BB, 0x0077, 0x0058, 0x015A, 0x014E, 0x0021, 0x0000, 0x0000, 0x0000,
 0x0000, 0x0000, 0x0000, 0x0000, 0x0000, 0x0000, 0x0000, 0x0000, 0x0000, 0x0000, 0x0000, 0x0000, 0x0000, 0x0000, 0x0000, 0x0000,
 0x0000, 0x0000, 0x0004, 0x00A9, 0x00EB, 0x00D4, 0x00D9, 0x0078, 0x0016, 0x0057, 0x00D8, 0x00D8, 0x1998, 0x337B, 0x335B, 0x449D,
 0x5E3F, 0x55DF, 0x34BF, 0x0B9F, 0x1BDF, 0x453F, 0x5E1F, 0x5DFF, 0x339C, 0x445D, 0x663F, 0x457F, 0x0BBF, 0x025D, 0x00D8, 0x0036,
 0x0018, 0x0077, 0x004A, 0x0000, 0x0000, 0x0000, 0x0000, 0x0000, 0x0000, 0x0000, 0x0000, 0x0000, 0x0000, 0x0000, 0x0000, 0x0000,
 0x0000, 0x0000, 0x0000, 0x0000, 0x0000, 0x0000, 0x0000, 0x0001, 0x0009, 0x0011, 0x0011, 0x0010, 0x0014, 0x0016, 0x0016, 0x0017,
 0x0016, 0x0016, 0x0015, 0x0036, 0x19F9, 0x229A, 0x445D, 0x5E1F, 0x665F, 0x455F, 0x033F, 0x13DF, 0x55FF, 0x663F, 0x5DDF, 0x4CDE,
 0x555E, 0x55DF, 0x2C5F, 0x02BD, 0x023C, 0x0119, 0x0037, 0x0018, 0x0016, 0x0009, 0x0000, 0x0000, 0x0000, 0x0000, 0x0000, 0x0000,
 0x0000, 0x0000, 0x0000, 0x0000, 0x0000, 0x0000, 0x0000, 0x0000, 0x0000, 0x0000, 0x0000, 0x0000, 0x0000, 0x0000, 0x0009, 0x0014,
 0x0019, 0x0019, 0x0018, 0x0017, 0x0016, 0x0016, 0x0016, 0x0016, 0x0016, 0x0017, 0x1199, 0x337C, 0x335C, 0x44BE, 0x5E7F, 0x563F,
 0x34BF, 0x02BE, 0x135E, 0x455F, 0x5E3F, 0x55FF, 0x5E5F, 0x563F, 0x3D7F, 0x1B3D, 0x0119, 0x017B, 0x01DC, 0x0098, 0x0017, 0x0017,
 0x000D, 0x0001, 0x0000, 0x0000, 0x0000, 0x0000, 0x0000, 0x0000, 0x0000, 0x0000, 0x0000, 0x0000, 0x0000, 0x0000, 0x0000, 0x0000,
 0x0000, 0x0000, 0x0000, 0x0001, 0x0008, 0x0013, 0x0018, 0x0018, 0x0017, 0x0017, 0x0017, 0x0016, 0x0037, 0x0077, 0x0077, 0x0057,
 0x08D8, 0x3C3D, 0x5E1F, 0x4D1E, 0x4CDE, 0x557E, 0x34BF, 0x12DD, 0x0119, 0x019A, 0x1B9E, 0x3CFF, 0x347E, 0x3CDF, 0x349F, 0x245E,
 0x1ABB, 0x00B8, 0x017B, 0x015A, 0x0057, 0x0017, 0x0017, 0x0013, 0x000A, 0x0001, 0x0000, 0x0000, 0x0000, 0x0000, 0x0000, 0x0000,
 0x0000, 0x0000, 0x0000, 0x0000, 0x0000, 0x0000, 0x0000, 0x0000, 0x0000, 0x0000, 0x0007, 0x0013, 0x0018, 0x0017, 0x0017, 0x0016,
 0x0016, 0x0016, 0x0016, 0x013A, 0x023C, 0x025C, 0x015A, 0x1139, 0x4D3E, 0x5E7F, 0x55DF, 0x33BC, 0x1A19, 0x099A, 0x00B8, 0x0016,
 0x0017, 0x0119, 0x11DA, 0x099A, 0x11BA, 0x099A, 0x09BA, 0x1158, 0x0098, 0x00F9, 0x0057, 0x0016, 0x0017, 0x0017, 0x0018, 0x0014,
 0x0009, 0x0000, 0x0000, 0x0000, 0x0000, 0x0000, 0x0000, 0x0000, 0x0000, 0x0000, 0x0000, 0x0000, 0x0000, 0x0000, 0x0000, 0x0000,
 0x0000, 0x000C, 0x0018, 0x0018, 0x0017, 0x0016, 0x0017, 0x0016, 0x0016, 0x0119, 0x02DE, 0x03BF, 0x031E, 0x015A, 0x08B8, 0x2ABB,
 0x335B, 0x2B1B, 0x1158, 0x0016, 0x0016, 0x0016, 0x0016, 0x0016, 0x0016, 0x0016, 0x0016, 0x0016, 0x0016, 0x0016, 0x0036, 0x0037,
 0x0037, 0x0016, 0x0016, 0x0017, 0x0017, 0x0018, 0x0018, 0x0012, 0x000C, 0x0008, 0x0001, 0x0000, 0x0000, 0x0000, 0x0000, 0x0000,
 0x0000, 0x0000, 0x0000, 0x0000, 0x0000, 0x0000, 0x0000, 0x0001, 0x000D, 0x0019, 0x0017, 0x0016, 0x0017, 0x0016, 0x0016, 0x00F9,
 0x02BE, 0x02FE, 0x029D, 0x01DB, 0x0097, 0x0016, 0x0037, 0x0036, 0x0057, 0x0938, 0x1A19, 0x11F9, 0x11F9, 0x1A1A, 0x1A3A, 0x19F9,
 0x11D9, 0x11F9, 0x1A19, 0x0897, 0x0015, 0x0016, 0x0016, 0x0016, 0x0017, 0x0017, 0x0017, 0x0017, 0x0017, 0x0017, 0x0017, 0x0017,
 0x0012, 0x000A, 0x0007, 0x0002, 0x0000, 0x0000, 0x0000, 0x0000, 0x0000, 0x0000, 0x0000, 0x0000, 0x0000, 0x0000, 0x0000, 0x000D,
 0x0019, 0x0017, 0x0016, 0x0016, 0x0037, 0x00F9, 0x01DB, 0x027D, 0x017A, 0x0098, 0x0037, 0x0016, 0x0036, 0x1178, 0x1179, 0x11B9,
 0x33DC, 0x6DDF, 0x85BE, 0x85BE, 0x6DBE, 0x5D9F, 0x7DBE, 0x85BE, 0x85DE, 0x659F, 0x2B3C, 0x11F9, 0x0918, 0x0016, 0x0016, 0x0017,
 0x0017, 0x0017, 0x0017, 0x0017, 0x0017, 0x0017, 0x0019, 0x0017, 0x0015, 0x0013, 0x000A, 0x0001, 0x0000, 0x0000, 0x0000, 0x0000,
 0x0000, 0x0000, 0x0000, 0x0000, 0x0000, 0x0000, 0x0009, 0x0077, 0x009A, 0x0017, 0x0016, 0x0077, 0x01BB, 0x015A, 0x0098, 0x0037,
 0x0016, 0x0016, 0x0016, 0x19D9, 0x4CDE, 0x6D9E, 0x6D7E, 0x5D5E, 0xA6BF, 0xF7FF, 0xF7DF, 0xB6FF, 0x861F, 0xD77F, 0xF7DF, 0xEFFF,
 0x863F, 0x657F, 0x75DF, 0x4C3C, 0x0938, 0x0016, 0x0016, 0x0017, 0x0017, 0x0017, 0x0017, 0x0016, 0x0017, 0x0017, 0x0017, 0x0018,
 0x0019, 0x0014, 0x0009, 0x0004, 0x0002, 0x0000, 0x0000, 0x0000, 0x0000, 0x0000, 0x0000, 0x0000, 0x0000, 0x0002, 0x010F, 0x01BB,
 0x00BA, 0x0078, 0x0037, 0x0098, 0x0057, 0x0016, 0x0016, 0x0016, 0x0036, 0x1199, 0x343D, 0x65BF, 0xCF9F, 0xB69F, 0x535B, 0x7BFB,
 0xFF9F, 0xFFFF, 0x9CFC, 0x52FA, 0xBDDD, 0xFFFF, 0xE71E, 0x5B3A, 0x6C5C, 0xCF5F, 0xA69F, 0x2AFB, 0x00B7, 0x0016, 0x0017, 0x0017,
 0x0017, 0x0017, 0x0017, 0x0017, 0x0016, 0x0017, 0x0017, 0x0017, 0x0017, 0x0014, 0x0012, 0x000C, 0x0002, 0x0000, 0x0000, 0x0000,
 0x0000, 0x0000, 0x0000, 0x0000, 0x0000, 0x0083, 0x0191, 0x023B, 0x01DB, 0x0098, 0x0016, 0x0016, 0x0016, 0x0016, 0x0016, 0x1158,
 0x447D, 0x451F, 0x643C, 0xE73E, 0xA4FC, 0x18B7, 0x3138, 0xC5FD, 0xE6FE, 0x4A39, 0x1036, 0x6B1A, 0xE6FE, 0xA4FC, 0x1897, 0x2116,
 0xAD5C, 0xC65E, 0x4BBC, 0x22DB, 0x0077, 0x0016, 0x0017, 0x0017, 0x0017, 0x0017, 0x0017, 0x0017, 0x0017, 0x0016, 0x0016, 0x0038,
 0x0038, 0x0018, 0x0015, 0x000B, 0x0002, 0x0000, 0x0000, 0x0000, 0x0000, 0x0000, 0x0000, 0x0000, 0x0000, 0x0085, 0x018C, 0x01D2,
 0x01BA, 0x00BA, 0x0038, 0x0017, 0x0016, 0x0016, 0x225A, 0x563F, 0x5DBF, 0x9D3C, 0xFF7F, 0xB57C, 0x3178, 0x41F9, 0xCE7E, 0xEF7F,
 0x635A, 0x2158, 0x845B, 0xEF5F, 0xB59D, 0x2137, 0x1071, 0x9C96, 0xE6DD, 0x95DE, 0x4CDE, 0x00D8, 0x0016, 0x0016, 0x0016, 0x0016,
 0x0016, 0x0016, 0x0016, 0x0016, 0x0016, 0x0037, 0x015A, 0x00D9, 0x0017, 0x0018, 0x0014, 0x0009, 0x0000, 0x0000, 0x0000, 0x0000,
 0x0000, 0x0000, 0x0000, 0x0000, 0x0000, 0x0020, 0x00A4, 0x01B1, 0x01DA, 0x017B, 0x00B9, 0x0038, 0x0016, 0x19D9, 0x4D7E, 0x663F,
 0xB71F, 0xFFFF, 0xEF7F, 0x7CBC, 0x647D, 0xB71F, 0xBF3F, 0x74FD, 0x4B9B, 0x8DBE, 0xBF3F, 0xAEDF, 0x53FC, 0x6BD6, 0xCE98, 0xEFDF,
 0xA71F, 0x449D, 0x0077, 0x0016, 0x0017, 0x0018, 0x0018, 0x0018, 0x0018, 0x0018, 0x0018, 0x0057, 0x015A, 0x01DC, 0x00B9, 0x0016,
 0x0017, 0x0019, 0x0011, 0x0001, 0x0000, 0x0000, 0x0000, 0x0000, 0x0000, 0x0000, 0x0000, 0x0000, 0x0000, 0x0000, 0x0084, 0x018E,
 0x01F3, 0x01B9, 0x00BA, 0x0017, 0x08B7, 0x337C, 0x55DF, 0x7EBF, 0xB73F, 0xBF5F, 0x869F, 0x5DDF, 0x663F, 0x553E, 0x3B9C, 0x331B,
 0x43DC, 0x555F, 0x663F, 0x5DDF, 0x96BE, 0xBF5E, 0xA73F, 0x5D9F, 0x229A, 0x0016, 0x0017, 0x0018, 0x0018, 0x0018, 0x0017, 0x0016,
 0x0016, 0x0037, 0x019B, 0x029E, 0x013A, 0x0036, 0x0016, 0x0017, 0x0019, 0x0011, 0x0001, 0x0000, 0x0000, 0x0000, 0x0000, 0x0000,
 0x0000, 0x0000, 0x0000, 0x0000, 0x0000, 0x0000, 0x0062, 0x00A4, 0x018F, 0x0114, 0x0915, 0x19D9, 0x2AFB, 0x4D1E, 0x3C7D, 0x441C,
 0x445D, 0x555E, 0x561F, 0x45DF, 0x2C7E, 0x1A7B, 0x1A1A, 0x127B, 0x2C7E, 0x45DF, 0x561F, 0x551E, 0x4C5D, 0x4CFE, 0x3C7D, 0x225A,
 0x19BA, 0x0078, 0x0012, 0x0010, 0x0010, 0x000F, 0x000D, 0x000D, 0x00B2, 0x02DD, 0x033F, 0x00D9, 0x0015, 0x0016, 0x0017, 0x0015,
 0x000C, 0x0000, 0x0000, 0x0000, 0x0000, 0x0000, 0x0000, 0x0000, 0x0000, 0x0000, 0x0000, 0x0000, 0x0000, 0x0000, 0x0000, 0x0083,
 0x0086, 0x22B2, 0x4D1D, 0x4D5E, 0x44DE, 0x11B9, 0x00F7, 0x0118, 0x2B9C, 0x5E1F, 0x6E5F, 0x653F, 0x3BBD, 0x33BD, 0x2B5C, 0x5D1E,
 0x6E5F, 0x55DF, 0x1A7B, 0x00D7, 0x1ABA, 0x4D3E, 0x4D3E, 0x44BE, 0x1154, 0x0007, 0x0004, 0x0003, 0x0065, 0x1149, 0x1968, 0x1A2F,
 0x13FD, 0x13DF, 0x019B, 0x0098, 0x0037, 0x0017, 0x0010, 0x0004, 0x0000, 0x0000, 0x0000, 0x0000, 0x0000, 0x0000, 0x0000, 0x0000,
 0x0000, 0x0000, 0x0000, 0x0000, 0x0000, 0x0000, 0x0000, 0x0000, 0x2AAD, 0x5E1C, 0x6F3F, 0x4D1F, 0x0078, 0x0015, 0x08F7, 0x33DC,
 0x5E3F, 0xA71F, 0x9D7C, 0x43B9, 0x3CBD, 0x5C1B, 0xAE1D, 0x8EDF, 0x4DDF, 0x22BB, 0x0056, 0x19FA, 0x5E3F, 0x6F1F, 0x4D39, 0x114A,
 0x0000, 0x0000, 0x0881, 0x2A8A, 0x4CB4, 0x4454, 0x3437, 0x453E, 0x453F, 0x1B7E, 0x025D, 0x017B, 0x0899, 0x000F, 0x0001, 0x0000,
 0x0000, 0x0000, 0x0000, 0x0000, 0x0000, 0x0000, 0x0000, 0x0000, 0x0000, 0x0000, 0x0000, 0x0000, 0x0000, 0x0000, 0x0000, 0x1105,
 0x3371, 0x55DB, 0x449B, 0x0896, 0x0017, 0x227B, 0x453E, 0x5E3F, 0xAF1F, 0xB598, 0x3AF3, 0x33B8, 0x84B9, 0xDEDD, 0x96BF, 0x561F,
 0x449D, 0x19BA, 0x19DA, 0x555C, 0x4D5A, 0x226C, 0x0061, 0x0000, 0x0000, 0x11A9, 0x44D9, 0x5E3F, 0x459F, 0x34FF, 0x4D9F, 0x661F,
 0x457F, 0x141F, 0x1BDE, 0x225B, 0x004E, 0x0001, 0x0000, 0x0000, 0x0000, 0x0000, 0x0000, 0x0000, 0x0000, 0x0000, 0x0000, 0x0000,
 0x0000, 0x0000, 0x0000, 0x0000, 0x0000, 0x0000, 0x0000, 0x08C4, 0x2AAD, 0x224D, 0x004C, 0x0014, 0x1A1B, 0x44BE, 0x5E3F, 0x86DF,
 0x8DFA, 0x3335, 0x2276, 0x6CFA, 0xA6FE, 0x769F, 0x55DF, 0x3C1E, 0x119A, 0x08F3, 0x2A8E, 0x222B, 0x0062, 0x0000, 0x0000, 0x08A3,
 0x1AD2, 0x2CDF, 0x2CBF, 0x34DF, 0x2CBF, 0x2CBF, 0x4D7F, 0x55FF, 0x457F, 0x4E1F, 0x3BD8, 0x0068, 0x0000, 0x0000, 0x0000, 0x0000,
 0x0000, 0x0000, 0x0000, 0x0000, 0x0000, 0x0000, 0x0000, 0x0000, 0x0000, 0x0000, 0x0000, 0x0000, 0x0000, 0x0000, 0x0000, 0x0062,
 0x0062, 0x0002, 0x0009, 0x0094, 0x19FB, 0x44BE, 0x5E5F, 0x4D3D, 0x19F9, 0x08B7, 0x2ABA, 0x557E, 0x5E3F, 0x3BFD, 0x115A, 0x0053,
 0x0027, 0x0062, 0x0041, 0x0000, 0x0000, 0x0021, 0x222C, 0x3C9B, 0x1C7F, 0x0B9F, 0x34BF, 0x455F, 0x2CBF, 0x2C9F, 0x4D9F, 0x5E3F,
 0x669E, 0x3BD2, 0x0062, 0x0000, 0x0000, 0x0000, 0x0000, 0x0000, 0x0000, 0x0000, 0x0000, 0x0000, 0x0000, 0x0000, 0x0000, 0x0000,
 0x0000, 0x0000, 0x0000, 0x0000, 0x0000, 0x0000, 0x0000, 0x0000, 0x0000, 0x0001, 0x0009, 0x0014, 0x19FB, 0x33BD, 0x1A7C, 0x0079,
 0x0017, 0x0078, 0x1A7B, 0x337D, 0x115A, 0x0012, 0x0007, 0x0000, 0x0000, 0x0000, 0x0000, 0x0000, 0x0021, 0x222B, 0x4D1A, 0x455F,
 0x243F, 0x34FF, 0x5DFF, 0x4DBF, 0x351F, 0x4D9F, 0x4C97, 0x3B91, 0x19E9, 0x0020, 0x0000, 0x0000, 0x0000, 0x0000, 0x0000, 0x0000,
 0x0000, 0x0000, 0x0000, 0x0000, 0x0000, 0x0000, 0x0000, 0x0000, 0x0000, 0x0000, 0x0000, 0x0000, 0x0000, 0x0000, 0x0000, 0x0000,
 0x0000, 0x0001, 0x000A, 0x0036, 0x089A, 0x0059, 0x0018, 0x0018, 0x0018, 0x0059, 0x0899, 0x0013, 0x0007, 0x0000, 0x0000, 0x0000,
 0x0000, 0x0000, 0x0000, 0x0000, 0x08A3, 0x2ACE, 0x555B, 0x459F, 0x353F, 0x5E3F, 0x5E3F, 0x44B9, 0x33D5, 0x19C9, 0x0862, 0x0041,
 0x0000, 0x0000, 0x0000, 0x0000, 0x0000, 0x0000, 0x0000, 0x0000, 0x0000, 0x0000, 0x0000, 0x0000, 0x0000, 0x0000, 0x0000, 0x0000,
 0x0000, 0x0000, 0x0000, 0x0000, 0x0000, 0x0000, 0x0000, 0x0000, 0x0000, 0x0002, 0x000C, 0x0013, 0x0013, 0x0013, 0x0013, 0x0013,
 0x0013, 0x0012, 0x0009, 0x0000, 0x0000, 0x0000, 0x0000, 0x0000, 0x0000, 0x0000, 0x0000, 0x0000, 0x0062, 0x2ACE, 0x44DA, 0x3C9A,
 0x4CFA, 0x4497, 0x222B, 0x08E4, 0x0021, 0x0000, 0x0000, 0x0000, 0x0000, 0x0000, 0x0000, 0x0000, 0x0000, 0x0000, 0x0000, 0x0000,
 0x0000, 0x0000, 0x0000, 0x0000, 0x0000, 0x0000, 0x0000, 0x0000, 0x0000, 0x0000, 0x0000, 0x0000, 0x0000, 0x0000, 0x0000, 0x0000,
 0x0000, 0x0002, 0x0006, 0x0006, 0x0006, 0x0006, 0x0006, 0x0006, 0x0005, 0x0001, 0x0000, 0x0000, 0x0000, 0x0000, 0x0000, 0x0000,
 0x0000, 0x0000, 0x0000, 0x0000, 0x0883, 0x19A8, 0x19A8, 0x19A8, 0x1167, 0x0062, 0x0000, 0x0000, 0x0000, 0x0000, 0x0000, 0x0000,
 0x0000, 0x0000, 0x0000, 0x0000, 0x0000, 0x0000, 0x0000, 0x0000, 0x0000, 0x0000, 0x0000, 0x0000, 0x0000, 0x0000, 0x0000, 0x0000,
 0x0000, 0x0000, 0x0000, 0x0000, 0x0000, 0x0000, 0x0000, 0x0000, 0x0000, 0x0000, 0x0000, 0x0000, 0x0000, 0x0000, 0x0000, 0x0000,
 0x0000, 0x0000, 0x0000, 0x0000, 0x0000, 0x0000, 0x0000, 0x0000, 0x0000, 0x0000, 0x0000, 0x0000, 0x0000, 0x0000, 0x0000, 0x0000,
 0x0000, 0x0000, 0x0000, 0x0000, 0x0000, 0x0000, 0x0000, 0x0000};

 const unsigned short Name1[] = {
 0x0000, 0x0000, 0x0000, 0x0000, 0x0000, 0x0000, 0x0000, 0x0000, 0x0000, 0x0000, 0x0000, 0x0000, 0x0000, 0x0000, 0x0000, 0x0000,
 0x0000, 0x0000, 0x0000, 0x0000, 0x0000, 0x0000, 0x0000, 0x0000, 0x0000, 0x0000, 0x0000, 0x0000, 0x0000, 0x0000, 0x0000, 0x0000,
 0x0000, 0x0000, 0x0000, 0x0000, 0x0000, 0x0000, 0x0000, 0x0000, 0x0000, 0x0000, 0x0000, 0x0000, 0x0000, 0x0000, 0x0000, 0x0000,
 0x0000, 0x0000, 0x0000, 0x0000, 0x0000, 0x0000, 0x0000, 0x0000, 0x0000, 0x0000, 0x0000, 0x0000, 0x0000, 0x0000, 0x0000, 0x0000,
 0x0000, 0x0000, 0x0000, 0x0000, 0x0000, 0x0000, 0x0000, 0x0000, 0x0000, 0x0000, 0x0000, 0x0000, 0x0000, 0x0000, 0x0000, 0x0000,
 0x0000, 0x0000, 0x0000, 0x0000, 0x0000, 0x0000, 0x0000, 0x0000, 0x0000, 0x0000, 0x0000, 0x0021, 0x0083, 0x0082, 0x0062, 0x0041,
 0x0021, 0x0000, 0x0000, 0x0000, 0x0000, 0x0000, 0x0041, 0x0145, 0x01C7, 0x0146, 0x0041, 0x0000, 0x0000, 0x0041, 0x0082, 0x0021,
 0x0000, 0x0000, 0x0000, 0x0000, 0x0000, 0x0000, 0x0000, 0x0000, 0x0000, 0x0000, 0x0000, 0x0000, 0x0061, 0x00C3, 0x0082, 0x0021,
 0x0000, 0x0000, 0x0000, 0x0000, 0x0000, 0x0000, 0x0000, 0x0000, 0x0000, 0x0000, 0x0000, 0x0000, 0x0000, 0x0000, 0x0000, 0x0000,
 0x0000, 0x0000, 0x0000, 0x0000, 0x0000, 0x0000, 0x0000, 0x0000, 0x0000, 0x0000, 0x0000, 0x0000, 0x0042, 0x0042, 0x0000, 0x0000,
 0x0000, 0x0000, 0x0000, 0x0000, 0x0000, 0x0000, 0x0000, 0x0000, 0x0000, 0x0000, 0x0000, 0x0000, 0x0000, 0x0000, 0x0000, 0x0000,
 0x0000, 0x0020, 0x0020, 0x0000, 0x0020, 0x0166, 0x026C, 0x026C, 0x022A, 0x0209, 0x01A8, 0x00E4, 0x0020, 0x0000, 0x0000, 0x0061,
 0x01C8, 0x0B90, 0x0C54, 0x0BB1, 0x0188, 0x0020, 0x0061, 0x01C8, 0x026B, 0x01A8, 0x0082, 0x0020, 0x0041, 0x0041, 0x0040, 0x0020,
 0x0000, 0x0020, 0x0000, 0x0000, 0x0041, 0x0104, 0x0209, 0x0A8C, 0x024B, 0x0188, 0x00E4, 0x0082, 0x0061, 0x0040, 0x0020, 0x0000,
 0x0020, 0x0082, 0x0146, 0x0126, 0x0062, 0x0000, 0x0000, 0x0000, 0x0000, 0x0000, 0x0020, 0x0061, 0x0041, 0x0020, 0x0000, 0x0000,
 0x0020, 0x0040, 0x0020, 0x0020, 0x0062, 0x0146, 0x020A, 0x020A, 0x0105, 0x0020, 0x0000, 0x0020, 0x0062, 0x0062, 0x0021, 0x0000,
 0x0000, 0x0000, 0x0000, 0x0000, 0x0020, 0x0041, 0x0061, 0x0041, 0x0041, 0x00A3, 0x0146, 0x0167, 0x00A4, 0x0000, 0x0145, 0x0B70,
 0x1559, 0x1538, 0x14F7, 0x1517, 0x0C95, 0x0ACD, 0x00C4, 0x0000, 0x0020, 0x01C7, 0x0C34, 0x153B, 0x155D, 0x159C, 0x0B91, 0x0187,
 0x022A, 0x0C53, 0x0D58, 0x0C33, 0x022A, 0x0186, 0x028A, 0x0B0C, 0x026A, 0x0187, 0x0166, 0x0166, 0x00E4, 0x0082, 0x01A6, 0x0BB1,
 0x1497, 0x0C78, 0x0CB7, 0x0C75, 0x0BF2, 0x0B6F, 0x0AEC, 0x0A69, 0x01E7, 0x0145, 0x01A7, 0x0B6F, 0x0CD5, 0x0BF2, 0x01A7, 0x0020,
 0x0000, 0x0000, 0x0000, 0x0041, 0x01E7, 0x0B4D, 0x0B0C, 0x0187, 0x0021, 0x0061, 0x01C7, 0x026A, 0x01C8, 0x0187, 0x0A8C, 0x0C74,
 0x1538, 0x14D6, 0x0AED, 0x0083, 0x0041, 0x01E8, 0x0B0D, 0x0AED, 0x0146, 0x0020, 0x0020, 0x00A3, 0x0083, 0x00C3, 0x01A7, 0x0AAB,
 0x0AEC, 0x02AB, 0x028B, 0x0B8F, 0x0C74, 0x0C14, 0x01C9, 0x0000, 0x0A8B, 0x0C36, 0x157F, 0x153F, 0x151D, 0x157E, 0x15BE, 0x0C96,
 0x020A, 0x0021, 0x00E2, 0x0B4F, 0x14DB, 0x0C3E, 0x0BBD, 0x14BE, 0x14B8, 0x0BF2, 0x0C13, 0x0CDA, 0x159E, 0x153B, 0x0C13, 0x0BB1,
 0x0C55, 0x0CB8, 0x0C55, 0x0BD2, 0x0BF2, 0x0B91, 0x024B, 0x01A7, 0x0AAC, 0x1479, 0x14BF, 0x149E, 0x157E, 0x157D, 0x14FC, 0x0CBA,
 0x0C98, 0x0C35, 0x0BD2, 0x0B6F, 0x0BF2, 0x155A, 0x165F, 0x155A, 0x0AAC, 0x0082, 0x0000, 0x0000, 0x0000, 0x0104, 0x0B91, 0x157A,
 0x14F8, 0x0AEE, 0x00E4, 0x0186, 0x0BD2, 0x0CB6, 0x0C13, 0x0BD2, 0x0C76, 0x153C, 0x1D9F, 0x1DDE, 0x1496, 0x022A, 0x01C8, 0x0BD2,
 0x1559, 0x14F7, 0x0B0E, 0x0187, 0x01E8, 0x02ED, 0x02CD, 0x0AEE, 0x0B92, 0x0C56, 0x0C97, 0x0CB7, 0x14F7, 0x153A, 0x157E, 0x151C,
 0x028D, 0x0000, 0x0B2E, 0x0AD6, 0x0A7C, 0x0A1B, 0x09FA, 0x0A9C, 0x13DD, 0x14FC, 0x0BB1, 0x0104, 0x01E8, 0x0BF6, 0x0B1B, 0x017A,
 0x0118, 0x09DA, 0x143B, 0x15BA, 0x14FA, 0x0B1A, 0x0A9A, 0x13FB, 0x155A, 0x1539, 0x0C1B, 0x0BBC, 0x147C, 0x155C, 0x15DC, 0x14FA,
 0x0B72, 0x02AB, 0x0A8F, 0x0A79, 0x0A3C, 0x0AFB, 0x0C5C, 0x0BBB, 0x0A9B, 0x0ADB, 0x0B5B, 0x0BBB, 0x0C1A, 0x153A, 0x157B, 0x145B,
 0x143F, 0x143B, 0x0AEE, 0x0103, 0x0000, 0x0000, 0x0040, 0x09C8, 0x13F6, 0x14DF, 0x0C5C, 0x0B52, 0x0249, 0x0AAC, 0x1499, 0x151E,
 0x151C, 0x159B, 0x0C7B, 0x0ABB, 0x0A5B, 0x13DD, 0x14FA, 0x1453, 0x0C13, 0x0C79, 0x14DD, 0x14FB, 0x1475, 0x0BD1, 0x0C34, 0x0D39,
 0x0D5A, 0x155A, 0x14BA, 0x0BBA, 0x0B9B, 0x14BC, 0x157C, 0x141C, 0x0B1C, 0x0BDB, 0x028E, 0x0060, 0x0B4F, 0x09B4, 0x0039, 0x0018,
 0x0017, 0x0058, 0x097A, 0x13FC, 0x14B6, 0x0AEB, 0x0B0F, 0x0B39, 0x0139, 0x0017, 0x0016, 0x0017, 0x0ABB, 0x155E, 0x14DC, 0x01D8,
 0x0077, 0x0AFA, 0x157C, 0x14FC, 0x0A9B, 0x01BA, 0x0ABB, 0x147D, 0x14BE, 0x0BFC, 0x0B94, 0x0B2E, 0x0A0F, 0x00B6, 0x00BA, 0x0A59,
 0x0B7A, 0x0A18, 0x0077, 0x00D8, 0x015A, 0x01DB, 0x0A7C, 0x14BE, 0x155D, 0x0AB9, 0x09BB, 0x0A99, 0x0AAF, 0x0144, 0x0000, 0x0000,
 0x00C1, 0x0A2A, 0x12F7, 0x0A9E, 0x0A7B, 0x0B13, 0x0B4D, 0x0B10, 0x131A, 0x131E, 0x13DD, 0x14FD, 0x0B3A, 0x0077, 0x0017, 0x0959,
 0x137B, 0x157A, 0x155A, 0x0B9B, 0x0A9B, 0x0B7A, 0x14D9, 0x14F8, 0x0C5A, 0x0BFD, 0x0C7E, 0x14FD, 0x141B, 0x0A19, 0x019A, 0x0ADB,
 0x13FB, 0x0A39, 0x0119, 0x0AD9, 0x0A8E, 0x00A1, 0x0B0F, 0x0974, 0x0019, 0x0019, 0x0018, 0x0017, 0x0018, 0x0A3A, 0x1499, 0x14D4,
 0x0B96, 0x09D9, 0x0058, 0x0018, 0x0018, 0x0017, 0x0959, 0x137C, 0x145B, 0x09F7, 0x0097, 0x0AFA, 0x14DC, 0x13BA, 0x00F7, 0x0037,
 0x00D8, 0x0A79, 0x0A1A, 0x09D9, 0x0B35, 0x0B50, 0x0990, 0x0036, 0x013A, 0x0B3A, 0x0B7A, 0x01B8, 0x0017, 0x0017, 0x0037, 0x0037,
 0x0058, 0x0AFB, 0x143B, 0x09D7, 0x00D9, 0x09F9, 0x0A6E, 0x0144, 0x0000, 0x0000, 0x0902, 0x120B, 0x09D5, 0x00BB, 0x00F9, 0x0AF4,
 0x13F0, 0x0AB2, 0x00D7, 0x00BA, 0x0A3A, 0x12FA, 0x09B8, 0x0017, 0x0017, 0x0017, 0x0999, 0x14DC, 0x151C, 0x0A58, 0x0098, 0x0A19,
 0x149A, 0x149A, 0x0A79, 0x00F9, 0x019A, 0x0ADA, 0x0AB8, 0x00D6, 0x0037, 0x00B8, 0x09D8, 0x08F7, 0x00B9, 0x0ADA, 0x0A8F, 0x00C1,
 0x0B0F, 0x0994, 0x0019, 0x0019, 0x0018, 0x0018, 0x0017, 0x0919, 0x13BB, 0x159B, 0x0B9A, 0x0079, 0x0018, 0x0019, 0x0018, 0x0018,
 0x0058, 0x09B9, 0x13DA, 0x0A17, 0x0097, 0x12FA, 0x143B, 0x0AB8, 0x0077, 0x0017, 0x0058, 0x01D8, 0x0138, 0x0138, 0x0B77, 0x13B3,
 0x0973, 0x0036, 0x019A, 0x0BDB, 0x0B9A, 0x0998, 0x0017, 0x0017, 0x0017, 0x0017, 0x0017, 0x0A7A, 0x13FA, 0x09B7, 0x00D9, 0x09F9,
 0x0A6E, 0x0144, 0x0000, 0x0000, 0x0922, 0x120B, 0x0995, 0x005A, 0x00D9, 0x0B55, 0x1453, 0x0A75, 0x0037, 0x0099, 0x0A19, 0x0A19,
 0x00F8, 0x0017, 0x0017, 0x0017, 0x0098, 0x133C, 0x141B, 0x0A38, 0x0037, 0x09F9, 0x147B, 0x13DA, 0x0178, 0x0017, 0x0038, 0x09D8,
 0x0A37, 0x0076, 0x0016, 0x0017, 0x0877, 0x0037, 0x00BA, 0x0AFB, 0x0AB0, 0x0102, 0x0B0F, 0x0995, 0x003A, 0x001A, 0x0019, 0x0019,
 0x0018, 0x0059, 0x0A7B, 0x14FC, 0x0AFA, 0x0017, 0x0018, 0x0019, 0x0019, 0x0019, 0x0017, 0x0917, 0x1358, 0x0A17, 0x00D7, 0x12FB,
 0x139B, 0x0A18, 0x0078, 0x0018, 0x00B8, 0x09F8, 0x0138, 0x0979, 0x0C19, 0x1437, 0x09B5, 0x0037, 0x0A1A, 0x143C, 0x0B9A, 0x0978,
 0x0018, 0x0018, 0x0018, 0x0018, 0x0019, 0x0ABB, 0x143B, 0x0A18, 0x093A, 0x0A39, 0x0A8E, 0x0144, 0x0000, 0x0000, 0x0922, 0x122B,
 0x11D5, 0x089B, 0x015A, 0x0BF8, 0x1497, 0x0A57, 0x0078, 0x097A, 0x12DA, 0x09D9, 0x0078, 0x0019, 0x0019, 0x0018, 0x0038, 0x0999,
 0x0B19, 0x0A78, 0x0097, 0x0A3A, 0x145C, 0x0B1A, 0x00F8, 0x0018, 0x0039, 0x09D8, 0x0A57, 0x00B7, 0x0018, 0x0018, 0x0018, 0x0018,
 0x00DA, 0x0ADC, 0x0AB0, 0x0123, 0x0B30, 0x0995, 0x001A, 0x001A, 0x0019, 0x0019, 0x0019, 0x0019, 0x099A, 0x139A, 0x0A98, 0x0035,
 0x0017, 0x0019, 0x001A, 0x0019, 0x0877, 0x0996, 0x0AD8, 0x09D7, 0x0137, 0x12BA, 0x12FB, 0x0979, 0x0058, 0x0019, 0x00B9, 0x09F8,
 0x0118, 0x0959, 0x143B, 0x0C5A, 0x01B7, 0x0037, 0x0A7B, 0x14BC, 0x0B7A, 0x0138, 0x0018, 0x0019, 0x0019, 0x0019, 0x0019, 0x0ADB,
 0x143B, 0x0A18, 0x093B, 0x0A39, 0x0A8E, 0x0163, 0x0000, 0x0000, 0x0922, 0x122B, 0x11F6, 0x089B, 0x015A, 0x147A, 0x1499, 0x09D8,
 0x0059, 0x09DA, 0x131A, 0x0958, 0x0018, 0x0019, 0x0019, 0x0019, 0x0037, 0x0117, 0x0A97, 0x0A77, 0x00B7, 0x0A3A, 0x141C, 0x0A7A,
 0x0078, 0x0018, 0x0059, 0x09F9, 0x0A58, 0x00B7, 0x0018, 0x0019, 0x0019, 0x0018, 0x00BA, 0x0A9C, 0x0A91, 0x0143, 0x1351, 0x0996,
 0x001A, 0x001A, 0x0018, 0x0018, 0x0019, 0x001A, 0x08DA, 0x0AB9, 0x1358, 0x0A57, 0x0917, 0x0017, 0x0019, 0x099B, 0x12BA, 0x12D8,
 0x0A78, 0x0197, 0x0997, 0x0A3A, 0x121A, 0x08F9, 0x0039, 0x0019, 0x00B9, 0x09F8, 0x00F7, 0x0939, 0x143C, 0x0C1B, 0x0158, 0x0018,
 0x0ADB, 0x14FC, 0x0B39, 0x00F8, 0x0019, 0x0019, 0x0058, 0x0018, 0x0018, 0x0AFB, 0x147B, 0x0A18, 0x091B, 0x0A1A, 0x0A8E, 0x0163,
 0x0000, 0x0000, 0x0922, 0x1A4B, 0x11F6, 0x087B, 0x095B, 0x14BB, 0x145A, 0x0938, 0x0019, 0x0A3B, 0x139A, 0x09D6, 0x0036, 0x0018,
 0x0019, 0x009A, 0x0979, 0x09B7, 0x0A77, 0x0A17, 0x0096, 0x0A39, 0x139B, 0x09D9, 0x0038, 0x0019, 0x0079, 0x0A19, 0x0A58, 0x0098,
 0x0018, 0x0018, 0x0018, 0x0018, 0x009B, 0x0A5C, 0x0A71, 0x0164, 0x1372, 0x0996, 0x001B, 0x007B, 0x00F8, 0x00B7, 0x0038, 0x081A,
 0x089A, 0x127A, 0x1C5A, 0x1C99, 0x1318, 0x00D7, 0x0119, 0x13BC, 0x24DC, 0x1B9A, 0x09FA, 0x0978, 0x09D8, 0x0999, 0x091A, 0x0879,
 0x0019, 0x001A, 0x08D9, 0x09F8, 0x00F8, 0x091A, 0x13FD, 0x0B9B, 0x00D9, 0x0019, 0x0AFA, 0x14FA, 0x0AF8, 0x0099, 0x003A, 0x08F9,
 0x0177, 0x0116, 0x00F6, 0x0B9A, 0x14BB, 0x0A19, 0x08FB, 0x0A1A, 0x0A8F, 0x0143, 0x0000, 0x0000, 0x0922, 0x124B, 0x11F6, 0x087B,
 0x095B, 0x14BC, 0x13DB, 0x0099, 0x003A, 0x0A5B, 0x141A, 0x0B38, 0x0156, 0x0017, 0x0019, 0x0A3B, 0x13BB, 0x0AD9, 0x0A58, 0x09D8,
 0x00B7, 0x09D9, 0x12BB, 0x093A, 0x0019, 0x0019, 0x007A, 0x0A19, 0x0A58, 0x00B8, 0x0038, 0x0097, 0x0076, 0x0017, 0x009B, 0x0A1C,
 0x0A31, 0x0184, 0x1B93, 0x0977, 0x007B, 0x09FC, 0x139A, 0x1318, 0x08B8, 0x0019, 0x087B, 0x123B, 0x1C3A, 0x1D39, 0x1CF9, 0x0B19,
 0x0AFA, 0x1D5B, 0x253A, 0x1ADA, 0x095B, 0x09B9, 0x0A18, 0x08F9, 0x0859, 0x083A, 0x081A, 0x081A, 0x08DA, 0x09F9, 0x00F8, 0x091A,
 0x139C, 0x0AFB, 0x0879, 0x007A, 0x0B5A, 0x14D8, 0x0A97, 0x0859, 0x089B, 0x0A7A, 0x0B76, 0x0B14, 0x0B15, 0x1CF9, 0x1D1B, 0x09F9,
 0x08DC, 0x121B, 0x0A8F, 0x0164, 0x0000, 0x0000, 0x0902, 0x120B, 0x11D6, 0x087C, 0x095C, 0x145C, 0x133B, 0x0059, 0x089A, 0x0A5B,
 0x143B, 0x14DB, 0x0B18, 0x00F7, 0x00F9, 0x13FC, 0x1D7C, 0x12FA, 0x09D9, 0x09D9, 0x0117, 0x0938, 0x095A, 0x089A, 0x0819, 0x001A,
 0x087A, 0x09FA, 0x0A39, 0x08D9, 0x0A1A, 0x137A, 0x0A77, 0x08B7, 0x007B, 0x09DC, 0x0A31, 0x0184, 0x1BB3, 0x0977, 0x009C, 0x12FC,
 0x257A, 0x1CB8, 0x0997, 0x0019, 0x087C, 0x123C, 0x13B9, 0x1C97, 0x1D16, 0x14B9, 0x1CB9, 0x1D35, 0x1BF5, 0x11DA, 0x08DC, 0x09DA,
 0x0A39, 0x0099, 0x001A, 0x081A, 0x081A, 0x081B, 0x08DA, 0x09F9, 0x0119, 0x08FA, 0x131C, 0x0A5B, 0x085A, 0x08DC, 0x1378, 0x1475,
 0x0A56, 0x083B, 0x08BC, 0x12F8, 0x0BB1, 0x0B0D, 0x0B2E, 0x1CD3, 0x24B8, 0x11F9, 0x08DD, 0x11FB, 0x128F, 0x0164, 0x0000, 0x0000,
 0x0902, 0x120A, 0x11D6, 0x08BC, 0x095C, 0x139C, 0x127B, 0x005A, 0x095B, 0x125C, 0x137C, 0x1CDA, 0x1458, 0x0AF7, 0x12F9, 0x1D19,
 0x1D39, 0x0A39, 0x095A, 0x09FA, 0x0978, 0x08B9, 0x083A, 0x081A, 0x081A, 0x081A, 0x087B, 0x09DA, 0x0A39, 0x097A, 0x1359, 0x1D57,
 0x1C36, 0x0977, 0x007B, 0x09BD, 0x0A11, 0x0184, 0x1BB4, 0x1178, 0x009C, 0x12DB, 0x24F5, 0x2472, 0x1216, 0x085A, 0x087C, 0x0A5C,
 0x13BA, 0x13D4, 0x138E, 0x1C52, 0x1CD3, 0x13CD, 0x12B1, 0x117B, 0x089D, 0x09BB, 0x1259, 0x0899, 0x081A, 0x081B, 0x081B, 0x081B,
 0x08DB, 0x0A19, 0x0919, 0x08BB, 0x125C, 0x099B, 0x083B, 0x093C, 0x1397, 0x1412, 0x0A16, 0x085D, 0x08DD, 0x0A75, 0x0A29, 0x00E3,
 0x00E3, 0x12EA, 0x1BB3, 0x11F9, 0x091F, 0x11FC, 0x1290, 0x0964, 0x0000, 0x0000, 0x0902, 0x120A, 0x11D7, 0x08DD, 0x111C, 0x129C,
 0x099B, 0x087B, 0x09DC, 0x127E, 0x125B, 0x1335, 0x1C13, 0x1C95, 0x1CD7, 0x1CD3, 0x1372, 0x0957, 0x091B, 0x0A1A, 0x09D8, 0x08B9,
 0x081B, 0x081B, 0x081A, 0x081B, 0x089C, 0x09BA, 0x0A5A, 0x123B, 0x1335, 0x1C50, 0x1C33, 0x11B7, 0x007C, 0x099D, 0x0A12, 0x01A5,
 0x23D4, 0x1179, 0x089D, 0x129A, 0x1BD0, 0x1B4C, 0x1255, 0x089B, 0x087D, 0x125D, 0x13FC, 0x1394, 0x0A49, 0x0A47, 0x12E9, 0x1288,
 0x1212, 0x115C, 0x087E, 0x11BC, 0x125A, 0x08BA, 0x081B, 0x081B, 0x081B, 0x081C, 0x08FB, 0x0A1A, 0x093A, 0x085B, 0x113C, 0x08BC,
 0x085C, 0x09DC, 0x13B5, 0x13D1, 0x09F7, 0x085E, 0x10FD, 0x12B5, 0x0A68, 0x00C0, 0x0040, 0x09A4, 0x12AE, 0x11B9, 0x113F, 0x121C,
 0x12B0, 0x0984, 0x0000, 0x0000, 0x0902, 0x120B, 0x11F7, 0x08DD, 0x089C, 0x113C, 0x08BB, 0x089C, 0x125C, 0x125E, 0x117C, 0x1213,
 0x12ED, 0x138C, 0x1BAD, 0x136C, 0x122F, 0x08D8, 0x091D, 0x121C, 0x0A39, 0x0919, 0x081B, 0x081B, 0x081B, 0x081C, 0x089C, 0x099B,
 0x0A7B, 0x129C, 0x1292, 0x132A, 0x1BB1, 0x11D9, 0x087D, 0x099E, 0x0A33, 0x01E6, 0x1BB5, 0x117A, 0x08BE, 0x129B, 0x130D, 0x0A48,
 0x1233, 0x08DC, 0x087D, 0x127D, 0x1C3E, 0x1BF7, 0x0A09, 0x0060, 0x00C1, 0x0A28, 0x1254, 0x113D, 0x087E, 0x11DC, 0x127A, 0x08BA,
 0x081B, 0x081C, 0x081C, 0x081C, 0x08FC, 0x0A3A, 0x095A, 0x081B, 0x083C, 0x081C, 0x087C, 0x125B, 0x13F3, 0x1390, 0x09F7, 0x083E,
 0x10FE, 0x1B79, 0x1410, 0x0AA9, 0x09E6, 0x0A47, 0x126D, 0x1198, 0x113F, 0x121D, 0x12D1, 0x0985, 0x0000, 0x0000, 0x0902, 0x120B,
 0x11F7, 0x08FD, 0x081C, 0x081C, 0x081C, 0x08DC, 0x12BC, 0x0A1E, 0x08FC, 0x11D6, 0x09CA, 0x0902, 0x0902, 0x0A28, 0x0A51, 0x08DA,
 0x08DE, 0x123D, 0x129A, 0x095A, 0x081B, 0x081C, 0x081C, 0x081C, 0x089D, 0x09BB, 0x0A7B, 0x127C, 0x0A71, 0x0ACB, 0x1333, 0x119A,
 0x085E, 0x099F, 0x0A53, 0x0207, 0x1B95, 0x097A, 0x08BE, 0x129B, 0x0ACC, 0x09E6, 0x0A12, 0x08FC, 0x089E, 0x127E, 0x1C3F, 0x1BF9,
 0x0A2B, 0x0020, 0x0040, 0x0A49, 0x1275, 0x08FD, 0x085E, 0x11DD, 0x127B, 0x08BB, 0x081B, 0x081C, 0x081C, 0x081D, 0x08FC, 0x0A3A,
 0x097A, 0x081B, 0x081D, 0x081D, 0x08BD, 0x12DA, 0x1412, 0x134F, 0x09F8, 0x085E, 0x10BD, 0x1ADC, 0x1C1A, 0x13D7, 0x1394, 0x138F,
 0x12EF, 0x0978, 0x111F, 0x123D, 0x1312, 0x09A5, 0x0000, 0x0000, 0x08E1, 0x120A, 0x11F7, 0x08FD, 0x081D, 0x081C, 0x081C, 0x093D,
 0x12FC, 0x09DD, 0x089D, 0x09B8, 0x094A, 0x0000, 0x0000, 0x09C7, 0x0A73, 0x08DB, 0x089E, 0x121D, 0x12BB, 0x099A, 0x081B, 0x081C,
 0x081C, 0x081C, 0x089D, 0x09BB, 0x0A7B, 0x123C, 0x0A93, 0x0ACC, 0x0A54, 0x08DB, 0x085F, 0x119F, 0x0A54, 0x0248, 0x1375, 0x095A,
 0x08BE, 0x12BB, 0x0ACC, 0x09E6, 0x09F2, 0x08DC, 0x087E, 0x127E, 0x245F, 0x1C39, 0x0A6B, 0x0060, 0x0081, 0x0A49, 0x1294, 0x08FB,
 0x083E, 0x11BD, 0x127B, 0x08BB, 0x081C, 0x081C, 0x081C, 0x081D, 0x091C, 0x0A3A, 0x097A, 0x081C, 0x081D, 0x081E, 0x08FD, 0x1339,
 0x1410, 0x0B0F, 0x09D8, 0x087E, 0x085D, 0x117E, 0x127F, 0x12FF, 0x139E, 0x1496, 0x13D3, 0x09B8, 0x10BF, 0x11FE, 0x1333, 0x09E6,
 0x0000, 0x0000, 0x08E1, 0x11EA, 0x11F7, 0x08FE, 0x081D, 0x081C, 0x087D, 0x11BD, 0x12FC, 0x099D, 0x087E, 0x09BA, 0x016B, 0x0000,
 0x0000, 0x09E8, 0x0AB4, 0x08DA, 0x085E, 0x11DD, 0x12BB, 0x099A, 0x081C, 0x081C, 0x081C, 0x081D, 0x089D, 0x09BB, 0x0A5B, 0x11FC,
 0x0AB4, 0x0AEE, 0x0174, 0x001B, 0x083F, 0x115F, 0x0A35, 0x0A69, 0x1355, 0x095B, 0x08BF, 0x12BB, 0x0AEC, 0x09E6, 0x0A13, 0x08DD,
 0x087E, 0x129E, 0x24DF, 0x1C98, 0x0A29, 0x0020, 0x0060, 0x09C6, 0x1290, 0x0999, 0x085D, 0x119D, 0x127C, 0x08BC, 0x081C, 0x081D,
 0x081C, 0x083D, 0x111D, 0x125B, 0x097A, 0x081C, 0x081D, 0x101F, 0x115E, 0x1399, 0x140F, 0x0ACF, 0x11B9, 0x089E, 0x081D, 0x085E,
 0x089F, 0x10FF, 0x121E, 0x1479, 0x14B7, 0x09DA, 0x083F, 0x119E, 0x1336, 0x0A08, 0x0000, 0x0000, 0x00E1, 0x09EA, 0x11F7, 0x10FE,
 0x081D, 0x081D, 0x10FD, 0x123D, 0x12BC, 0x093D, 0x089E, 0x0A1A, 0x09AB, 0x0000, 0x0000, 0x09E7, 0x12D2, 0x0919, 0x087D, 0x11DE,
 0x12BB, 0x099B, 0x081C, 0x081C, 0x081C, 0x081D, 0x089D, 0x09DC, 0x0A5B, 0x11DD, 0x0AB5, 0x0B0F, 0x0154, 0x001A, 0x081E, 0x08FF,
 0x09F5, 0x0A89, 0x1B56, 0x115B, 0x08BF, 0x12DA, 0x0AEC, 0x0A07, 0x1214, 0x08DD, 0x089F, 0x1AFF, 0x253D, 0x1C53, 0x0965, 0x0000,
 0x0000, 0x0081, 0x0A0B, 0x1257, 0x08DC, 0x119D, 0x125C, 0x10BC, 0x081C, 0x101D, 0x101D, 0x103D, 0x113D, 0x125B, 0x097B, 0x081C,
 0x101D, 0x101F, 0x113E, 0x1379, 0x1431, 0x1310, 0x11B9, 0x107E, 0x081E, 0x081D, 0x081E, 0x081E, 0x115D, 0x1C7B, 0x1CF9, 0x11BB,
 0x081F, 0x111F, 0x1B59, 0x0A6B, 0x0020, 0x0000, 0x00E1, 0x11EA, 0x1217, 0x10FE, 0x081E, 0x081D, 0x113D, 0x127D, 0x127B, 0x08FE,
 0x10DE, 0x1256, 0x09C9, 0x0000, 0x0000, 0x0944, 0x124D, 0x0996, 0x08FD, 0x11BD, 0x12BC, 0x11BB, 0x081C, 0x101D, 0x101D, 0x101D,
 0x109E, 0x11DC, 0x125C, 0x11DD, 0x12B6, 0x0B30, 0x01B4, 0x0059, 0x089D, 0x09DE, 0x0A74, 0x0A69, 0x1B57, 0x115C, 0x08BF, 0x12BA,
 0x0AEB, 0x0A07, 0x11F5, 0x10BE, 0x08BF, 0x1B5F, 0x257B, 0x1C4F, 0x0923, 0x0000, 0x0000, 0x0060, 0x12AA, 0x1B77, 0x099C, 0x11BD,
 0x123C, 0x10BC, 0x101D, 0x101D, 0x101D, 0x103E, 0x113D, 0x127B, 0x119B, 0x081D, 0x101D, 0x101F, 0x10DE, 0x131B, 0x1474, 0x1393,
 0x11BA, 0x105E, 0x101E, 0x081E, 0x081E, 0x103E, 0x11FE, 0x1CBC, 0x1CBB, 0x115C, 0x081E, 0x10FF, 0x1B7C, 0x12EE, 0x0080, 0x0000,
 0x00E1, 0x120A, 0x1218, 0x10FF, 0x101E, 0x101E, 0x111E, 0x123D, 0x123B, 0x115E, 0x117D, 0x1271, 0x0985, 0x0000, 0x0000, 0x00E1,
 0x122A, 0x1295, 0x11DC, 0x11BD, 0x12BC, 0x11BC, 0x101D, 0x101D, 0x101D, 0x101D, 0x109E, 0x11FC, 0x125C, 0x11BD, 0x1276, 0x0B50,
 0x0AB4, 0x09D8, 0x0A7B, 0x13BC, 0x1352, 0x09E7, 0x1B58, 0x115C, 0x08BF, 0x0AB9, 0x0AEB, 0x11E8, 0x11D6, 0x109F, 0x08BF, 0x1B9F,
 0x2E1B, 0x2D71, 0x1247, 0x0020, 0x0041, 0x0A27, 0x1CF1, 0x2539, 0x127C, 0x11FC, 0x123C, 0x109D, 0x101D, 0x101E, 0x101E, 0x103E,
 0x115D, 0x127B, 0x119B, 0x101D, 0x101E, 0x101E, 0x109E, 0x129D, 0x1497, 0x1435, 0x11DA, 0x101E, 0x101E, 0x105D, 0x083C, 0x089C,
 0x127D, 0x1CDC, 0x1C7C, 0x111D, 0x081E, 0x10DF, 0x1B5E, 0x1351, 0x0122, 0x0020, 0x08C1, 0x120A, 0x1A38, 0x111F, 0x101E, 0x101E,
 0x10BE, 0x11BD, 0x121B, 0x125D, 0x1A9A, 0x12AC, 0x0941, 0x0000, 0x0000, 0x0943, 0x132C, 0x1C16, 0x12DB, 0x11FC, 0x12DC, 0x11BC,
 0x101D, 0x101D, 0x101D, 0x101E, 0x109E, 0x11FC, 0x127C, 0x119E, 0x0A16, 0x134F, 0x1BF3, 0x1C78, 0x1D7C, 0x25FC, 0x13D0, 0x0104,
 0x1B58, 0x115D, 0x08BF, 0x0AB8, 0x134C, 0x126B, 0x11B8, 0x105F, 0x08BF, 0x1B7F, 0x2DDD, 0x2DB7, 0x1BAF, 0x0904, 0x0904, 0x1BF1,
 0x261A, 0x251D, 0x12BD, 0x125D, 0x123C, 0x109D, 0x101E, 0x101E, 0x101E, 0x103E, 0x115D, 0x129B, 0x119B, 0x101D, 0x101E, 0x101E,
 0x105E, 0x11FE, 0x14BA, 0x14D9, 0x09BB, 0x081E, 0x107E, 0x11BC, 0x11D9, 0x1239, 0x13DB, 0x1D1C, 0x1BDD, 0x10DD, 0x081E, 0x10BF,
 0x1AFF, 0x1374, 0x09C5, 0x0040, 0x08C1, 0x120A, 0x1A38, 0x111F, 0x101F, 0x101E, 0x105F, 0x111E, 0x123B, 0x133C, 0x1BDA, 0x1BF0,
 0x0A66, 0x0081, 0x0061, 0x0A89, 0x1CD4, 0x1D3A, 0x1B7C, 0x125C, 0x1AFC, 0x11BD, 0x101D, 0x101E, 0x101E, 0x101E, 0x109E, 0x121C,
 0x127C, 0x117E, 0x0996, 0x0ACD, 0x23EE, 0x2DB6, 0x2F5D, 0x271C, 0x1411, 0x0126, 0x1B39, 0x113D, 0x08BE, 0x0B18, 0x1450, 0x1B31,
 0x117B, 0x101F, 0x10DF, 0x135E, 0x247F, 0x241E, 0x23D8, 0x124A, 0x0A08, 0x1BD7, 0x243F, 0x1AFF, 0x123E, 0x1ABD, 0x1A7C, 0x10BD,
 0x101E, 0x101E, 0x101E, 0x105F, 0x117E, 0x129B, 0x119B, 0x101D, 0x101E, 0x101E, 0x101E, 0x115E, 0x1C7D, 0x1D1B, 0x11BC, 0x081E,
 0x113E, 0x1B59, 0x1BD5, 0x1C15, 0x1D78, 0x1D3B, 0x12FD, 0x109D, 0x081E, 0x107F, 0x1A7F, 0x1B76, 0x0A48, 0x0080, 0x00A0, 0x120A,
 0x1A18, 0x111F, 0x101F, 0x101E, 0x101F, 0x10DE, 0x125B, 0x1B7B, 0x247C, 0x255A, 0x1C12, 0x09E8, 0x0945, 0x13B0, 0x25BD, 0x1CDE,
 0x1B3E, 0x1ABD, 0x1AFC, 0x119D, 0x101E, 0x101E, 0x101E, 0x101E, 0x109F, 0x121C, 0x127C, 0x115E, 0x0977, 0x0A2B, 0x1A88, 0x2C92,
 0x2E9D, 0x1E3E, 0x1435, 0x0A6C, 0x1319, 0x111C, 0x10FE, 0x13DB, 0x2557, 0x1BB8, 0x113D, 0x101F, 0x10DE, 0x1B3E, 0x1AFF, 0x19FF,
 0x1AFC, 0x1B2F, 0x12CB, 0x1AD9, 0x11DF, 0x111F, 0x11BF, 0x1AFD, 0x1A7D, 0x10BE, 0x101E, 0x101E, 0x101E, 0x105F, 0x199E, 0x1ADB,
 0x11BB, 0x081D, 0x103E, 0x105C, 0x081C, 0x10BE, 0x1BFE, 0x1CDC, 0x117C, 0x103F, 0x119C, 0x1311, 0x12E9, 0x130A, 0x1C90, 0x1C58,
 0x125E, 0x107E, 0x081D, 0x105E, 0x19BF, 0x1B59, 0x12CB, 0x00A1, 0x00A0, 0x11EA, 0x1A18, 0x10FF, 0x101E, 0x103D, 0x081D, 0x10BE,
 0x1A7C, 0x1AFA, 0x1ADD, 0x239F, 0x1BBA, 0x12EE, 0x0A68, 0x1B73, 0x1BFF, 0x12BF, 0x125F, 0x1AFE, 0x1ADC, 0x117D, 0x101E, 0x101E,
 0x101E, 0x101F, 0x109F, 0x121D, 0x127C, 0x113F, 0x0977, 0x01EA, 0x11A4, 0x1B0F, 0x243E, 0x137F, 0x0B59, 0x0BF3, 0x1AF9, 0x111C,
 0x10FF, 0x1BBE, 0x24DE, 0x1AFE, 0x10BE, 0x101F, 0x10FE, 0x1B1D, 0x11FE, 0x089F, 0x121C, 0x1B92, 0x1B4F, 0x11D9, 0x085F, 0x087F,
 0x11FF, 0x1AFD, 0x121D, 0x107E, 0x101E, 0x101E, 0x101E, 0x105F, 0x19BE, 0x1AFB, 0x11BB, 0x083D, 0x10DD, 0x113B, 0x109B, 0x105E,
 0x1B1E, 0x1C3C, 0x115C, 0x105F, 0x119B, 0x0A2D, 0x0142, 0x0122, 0x12A8, 0x1B35, 0x11FF, 0x109F, 0x085D, 0x10BD, 0x111F, 0x1B1B,
 0x134F, 0x00E2, 0x0080, 0x11C9, 0x11F8, 0x10FF, 0x105E, 0x10FB, 0x087C, 0x10BD, 0x1A7D, 0x125B, 0x10DC, 0x109F, 0x11BB, 0x1332,
 0x134C, 0x1274, 0x111F, 0x105F, 0x119F, 0x1AFD, 0x129C, 0x111D, 0x101E, 0x101E, 0x101E, 0x101F, 0x10BF, 0x121D, 0x127C, 0x113F,
 0x0998, 0x0A6B, 0x0A05, 0x1250, 0x19FE, 0x10DF, 0x125C, 0x14B8, 0x1AB9, 0x111C, 0x107F, 0x19BF, 0x1A3F, 0x113F, 0x103F, 0x103F,
 0x195E, 0x1AFD, 0x119D, 0x081E, 0x119D, 0x2436, 0x2435, 0x119B, 0x081F, 0x107F, 0x1A9E, 0x1AFD, 0x119D, 0x105E, 0x101E, 0x101E,
 0x101D, 0x105F, 0x19DE, 0x1B3C, 0x11DB, 0x107D, 0x19BE, 0x1A9B, 0x119A, 0x107D, 0x125E, 0x137C, 0x115B, 0x103E, 0x19BD, 0x1B52,
 0x12C7, 0x0A24, 0x1329, 0x12D5, 0x117E, 0x111F, 0x119D, 0x119C, 0x10BE, 0x1ABD, 0x1BB2, 0x0103, 0x0060, 0x11C9, 0x11F8, 0x10DF,
 0x10DE, 0x125B, 0x095B, 0x089C, 0x1A3D, 0x1A5B, 0x08BB, 0x081E, 0x10FD, 0x1356, 0x1C11, 0x1256, 0x101E, 0x081F, 0x117F, 0x1AFD,
 0x121C, 0x10BD, 0x101F, 0x101E, 0x101E, 0x101F, 0x10BF, 0x1A1D, 0x1A5C, 0x111F, 0x09DA, 0x0B2E, 0x0AC7, 0x1230, 0x111D, 0x101F,
 0x11FD, 0x14FA, 0x1A99, 0x113C, 0x101F, 0x101F, 0x101F, 0x101F, 0x101E, 0x109F, 0x19FE, 0x1AFC, 0x119D, 0x103E, 0x117E, 0x249B,
 0x24FA, 0x119D, 0x081F, 0x10DF, 0x1B1E, 0x1AFD, 0x10FE, 0x103F, 0x103E, 0x107D, 0x105C, 0x107E, 0x19DE, 0x237C, 0x11FB, 0x107E,
 0x1A1F, 0x23DC, 0x1ADA, 0x10BC, 0x11BE, 0x1B1C, 0x11BB, 0x085D, 0x197E, 0x23DB, 0x2454, 0x1BF0, 0x1CB2, 0x1318, 0x111D, 0x197F,
 0x1AFC, 0x129B, 0x10BD, 0x1A5F, 0x1BB5, 0x0944, 0x00A0, 0x11C9, 0x19F8, 0x18BF, 0x193F, 0x1B9C, 0x127B, 0x087C, 0x11BE, 0x1A9B,
 0x117A, 0x085E, 0x111E, 0x1B7A, 0x1CB6, 0x1AB9, 0x101E, 0x101F, 0x19DE, 0x1AFD, 0x11BC, 0x105E, 0x101F, 0x101E, 0x101D, 0x101D,
 0x10BF, 0x1A3D, 0x1A5C, 0x10DE, 0x123C, 0x1474, 0x144F, 0x12D4, 0x10FD, 0x101F, 0x123D, 0x14FA, 0x1A9A, 0x113C, 0x101F, 0x101F,
 0x101F, 0x101F, 0x101F, 0x191F, 0x1ABE, 0x1B7B, 0x11BC, 0x081E, 0x113F, 0x247E, 0x24DD, 0x115D, 0x081E, 0x111F, 0x1B7E, 0x1ABD,
 0x103E, 0x101F, 0x191E, 0x19DC, 0x113B, 0x109D, 0x19DF, 0x23DC, 0x1A3B, 0x107D, 0x19FF, 0x2C5D, 0x23BA, 0x08FB, 0x113E, 0x1AFD,
 0x125B, 0x08BC, 0x109F, 0x223F, 0x231D, 0x1BFC, 0x24FC, 0x133C, 0x111D, 0x199E, 0x235A, 0x1AF8, 0x08DC, 0x1A1F, 0x2398, 0x09A6,
 0x00E0, 0x11C9, 0x19F8, 0x189F, 0x195F, 0x245D, 0x1B3B, 0x089C, 0x113E, 0x1A5C, 0x11DA, 0x087D, 0x10FF, 0x1B7D, 0x24FB, 0x1ADB,
 0x101E, 0x101F, 0x1A1E, 0x1B1D, 0x117D, 0x101E, 0x101F, 0x107E, 0x109B, 0x107C, 0x109E, 0x1A1D, 0x1A3B, 0x10BD, 0x123E, 0x1D3B,
 0x1D79, 0x131A, 0x107E, 0x101F, 0x123D, 0x14DA, 0x127A, 0x113D, 0x101F, 0x101F, 0x101E, 0x101F, 0x101F, 0x197F, 0x239D, 0x23F9,
 0x11DA, 0x081D, 0x10DF, 0x1B7F, 0x1BBE, 0x10FE, 0x101E, 0x197E, 0x237E, 0x1A5D, 0x101E, 0x101F, 0x19FE, 0x233D, 0x11FC, 0x10BD,
 0x19DF, 0x241C, 0x1A9C, 0x103D, 0x197E, 0x2C3B, 0x2418, 0x091A, 0x10BD, 0x1A9E, 0x1AFB, 0x115B, 0x101E, 0x109F, 0x195F, 0x1A5F,
 0x1BBF, 0x12BD, 0x115D, 0x19FC, 0x2356, 0x12D4, 0x08BA, 0x19DF, 0x237A, 0x0A09, 0x0940, 0x11C9, 0x19F8, 0x109F, 0x193F, 0x2C7D,
 0x23BA, 0x10DB, 0x109E, 0x11FC, 0x1239, 0x089C, 0x10BF, 0x1B1F, 0x247D, 0x1A7D, 0x101E, 0x101F, 0x1A5E, 0x1B3D, 0x111E, 0x101F,
 0x105F, 0x113E, 0x117A, 0x08FA, 0x109E, 0x19FD, 0x1A5B, 0x109D, 0x115F, 0x1B7F, 0x1BDF, 0x121E, 0x101F, 0x101F, 0x125D, 0x1CD9,
 0x123A, 0x111D, 0x101F, 0x101F, 0x183F, 0x101F, 0x101F, 0x19DE, 0x23F9, 0x2434, 0x1A17, 0x081D, 0x105F, 0x19DF, 0x1A1E, 0x107F,
 0x105F, 0x19FE, 0x233D, 0x19FE, 0x101F, 0x101F, 0x1A9F, 0x243D, 0x1A5C, 0x109E, 0x19FF, 0x2C7D, 0x1ADC, 0x101D, 0x191E, 0x23D9,
 0x2415, 0x1158, 0x107D, 0x1A1F, 0x1B3C, 0x11DB, 0x081E, 0x101F, 0x103F, 0x10BF, 0x1A3F, 0x123D, 0x119D, 0x1A3B, 0x1B13, 0x124F,
 0x0899, 0x117F, 0x1B1B, 0x126C, 0x09A1, 0x11A8, 0x19F8, 0x109F, 0x193F, 0x2C3A, 0x23F8, 0x113A, 0x105E, 0x11DD, 0x1A9A, 0x10BB,
 0x105E, 0x19FF, 0x22FD, 0x19BD, 0x101E, 0x10BF, 0x1ADE, 0x1B1D, 0x10DE, 0x101F, 0x109F, 0x1A1E, 0x129A, 0x117A, 0x109E, 0x19DD,
 0x1A7B, 0x10BD, 0x103F, 0x10BF, 0x10FF, 0x107F, 0x101F, 0x101F, 0x1A5C, 0x1CB9, 0x11FA, 0x10FD, 0x101F, 0x181F, 0x181F, 0x101F,
 0x105F, 0x1A3B, 0x23D2, 0x238D, 0x1A13, 0x10BC, 0x103F, 0x109F, 0x109F, 0x101F, 0x111F, 0x1ADE, 0x1ABD, 0x195E, 0x101F, 0x101F,
 0x231F, 0x2CBD, 0x1A7C, 0x107E, 0x19FF, 0x2CBD, 0x22FC, 0x101D, 0x18DD, 0x2357, 0x23F2, 0x11F6, 0x085D, 0x195F, 0x1B3C, 0x1A3B,
 0x101D, 0x101F, 0x101F, 0x105F, 0x11FE, 0x121E, 0x11BD, 0x1A7B, 0x12CF, 0x0A0C, 0x08D7, 0x113F, 0x1A7C, 0x12EF, 0x0A23, 0x1188,
 0x19D7, 0x10BF, 0x191E, 0x23D8, 0x1BF4, 0x1198, 0x103E, 0x19FE, 0x1AFA, 0x10FA, 0x101D, 0x18DF, 0x193F, 0x109E, 0x105F, 0x11BF,
 0x1B7E, 0x1B1D, 0x10BE, 0x101F, 0x10DF, 0x1B1E, 0x135B, 0x11BB, 0x109E, 0x19BD, 0x1A7B, 0x10BD, 0x101F, 0x101F, 0x101F, 0x101F,
 0x101F, 0x101F, 0x125B, 0x1C97, 0x121B, 0x10DD, 0x101F, 0x101F, 0x101F, 0x101F, 0x117F, 0x1AB7, 0x1AEB, 0x1226, 0x1A4F, 0x1A1B,
 0x107E, 0x081E, 0x081F, 0x101F, 0x1A9F, 0x241E, 0x1A3C, 0x085C, 0x081F, 0x101F, 0x235D, 0x34DB, 0x1A1B, 0x101E, 0x19FF, 0x2CBC,
 0x231B, 0x101E, 0x109E, 0x22F6, 0x23F0, 0x1AB5, 0x087C, 0x089E, 0x1AFC, 0x1A3B, 0x101C, 0x101E, 0x101F, 0x109F, 0x1A3E, 0x121E,
 0x119D, 0x1A5A, 0x12AD, 0x09E9, 0x0916, 0x109F, 0x117D, 0x1313, 0x12A6, 0x11A8, 0x1196, 0x109F, 0x10DE, 0x1B56, 0x1BB2, 0x11B5,
 0x083D, 0x19DF, 0x235C, 0x11B9, 0x103B, 0x101F, 0x101F, 0x101F, 0x10BF, 0x235F, 0x245D, 0x1A9D, 0x107E, 0x101F, 0x10FF, 0x1BFE,
 0x1BFB, 0x11BB, 0x109E, 0x19BD, 0x1A5B, 0x109C, 0x101F, 0x101F, 0x101F, 0x101F, 0x101F, 0x103F, 0x123A, 0x1C34, 0x127A, 0x091B,
 0x081C, 0x081C, 0x081C, 0x10DE, 0x231E, 0x1B53, 0x09A4, 0x08E1, 0x1A8C, 0x2B79, 0x115C, 0x001C, 0x001C, 0x10DD, 0x343E, 0x3D3C,
 0x1A3A, 0x001B, 0x001D, 0x109D, 0x2BBA, 0x3497, 0x19B9, 0x081D, 0x19DE, 0x34DB, 0x231B, 0x101E, 0x10BF, 0x1A95, 0x23AD, 0x1B33,
 0x08F9, 0x08BB, 0x1B1C, 0x1A9A, 0x087A, 0x101D, 0x101F, 0x109F, 0x1A3E, 0x123E, 0x11BD, 0x1A58, 0x124B, 0x09C7, 0x0974, 0x087D,
 0x10FC, 0x1B15, 0x1309, 0x11C8, 0x1196, 0x107F, 0x10BD, 0x1B16, 0x1B8F, 0x11B3, 0x083C, 0x199F, 0x235D, 0x1AFA, 0x111A, 0x081D,
 0x081F, 0x081F, 0x197E, 0x2CDD, 0x2CDB, 0x1A1C, 0x103E, 0x081F, 0x193F, 0x249D, 0x245B, 0x119B, 0x107E, 0x19FD, 0x1ABB, 0x10BB,
 0x101E, 0x101F, 0x181F, 0x101F, 0x101F, 0x10DF, 0x1A57, 0x1B8E, 0x1AF6, 0x1298, 0x123B, 0x125C, 0x1A9D, 0x233D, 0x2C59, 0x1AEC,
 0x0080, 0x0000, 0x11E7, 0x2BD3, 0x239B, 0x1ABD, 0x129D, 0x235C, 0x3CD8, 0x4537, 0x2BDA, 0x12BD, 0x12BE, 0x1B1D, 0x3456, 0x3433,
 0x1A39, 0x111E, 0x1ABE, 0x353B, 0x2B5A, 0x10BE, 0x199F, 0x1A94, 0x1AEA, 0x2370, 0x1AF8, 0x1B7D, 0x24FE, 0x1C5C, 0x125B, 0x115D,
 0x089D, 0x08FD, 0x127E, 0x1B1F, 0x1B1D, 0x1B17, 0x11C8, 0x0944, 0x1252, 0x1ABD, 0x22FD, 0x2BD6, 0x1AE9, 0x11E8, 0x1A57, 0x19DF,
 0x11DD, 0x1B75, 0x1B6D, 0x11D0, 0x08BB, 0x115F, 0x237E, 0x34DB, 0x233A, 0x08DB, 0x087D, 0x115F, 0x235D, 0x3537, 0x2C97, 0x1A5B,
 0x08BE, 0x087F, 0x19FE, 0x2CFB, 0x2438, 0x08D9, 0x081D, 0x1A9E, 0x243D, 0x11DB, 0x081C, 0x081E, 0x101E, 0x081E, 0x10FF, 0x1ADF,
 0x1B35, 0x1268, 0x1AAE, 0x1B72, 0x2416, 0x2458, 0x2CB9, 0x34D7, 0x2BD0, 0x11A5, 0x0000, 0x0000, 0x08C2, 0x22CB, 0x34B6, 0x2D5C,
 0x24FA, 0x2CD6, 0x33AE, 0x338E, 0x34D7, 0x2D7D, 0x253C, 0x2CF9, 0x3410, 0x2B2E, 0x22F6, 0x1ADC, 0x239A, 0x34F8, 0x2B98, 0x11FB,
 0x1ADC, 0x1A70, 0x11C6, 0x22CB, 0x2C55, 0x2DBB, 0x2E1C, 0x255A, 0x1BD9, 0x12D9, 0x11D9, 0x09DA, 0x131B, 0x243C, 0x2C5A, 0x2372,
 0x0925, 0x00A2, 0x12CE, 0x24BA, 0x34FA, 0x2BF2, 0x1A07, 0x11A7, 0x1B55, 0x23BE, 0x1B5B, 0x1B93, 0x1ACA, 0x11CC, 0x1198, 0x11FD,
 0x237B, 0x3D59, 0x2C78, 0x1239, 0x09DA, 0x235C, 0x2C78, 0x2BEE, 0x2370, 0x12D8, 0x09FB, 0x11BC, 0x1AFA, 0x2496, 0x1B94, 0x0917,
 0x087B, 0x235D, 0x2D5C, 0x1B19, 0x08F9, 0x085A, 0x085B, 0x08BB, 0x127C, 0x247C, 0x1B70, 0x0922, 0x0924, 0x11E7, 0x12AA, 0x1AEB,
 0x232C, 0x22EB, 0x11C5, 0x0081, 0x0000, 0x0000, 0x0020, 0x0923, 0x22EB, 0x2C30, 0x2410, 0x1B0B, 0x1184, 0x1165, 0x232C, 0x2471,
 0x2431, 0x238D, 0x1A07, 0x19A7, 0x22EF, 0x23B4, 0x2391, 0x236F, 0x2351, 0x2355, 0x1B32, 0x11C8, 0x0882, 0x1144, 0x1AEB, 0x23EF,
 0x23CF, 0x1B6E, 0x1B2F, 0x1B10, 0x1AD1, 0x1B14, 0x1BD5, 0x2434, 0x2390, 0x1A49, 0x0882, 0x0041, 0x09E8, 0x23AF, 0x23AE, 0x1A28,
 0x08C2, 0x0904, 0x234F, 0x2C96, 0x2BD3, 0x1A8B, 0x1144, 0x0987, 0x1AD2, 0x1B77, 0x2373, 0x2B8E, 0x236E, 0x2393, 0x23B6, 0x2C15,
 0x234D, 0x11A5, 0x11E8, 0x1B31, 0x1B75, 0x2396, 0x2393, 0x1B0D, 0x1B0F, 0x1B37, 0x233B, 0x2C18, 0x2CB4, 0x23D4, 0x12F6, 0x12B8,
 0x12B8, 0x1AF7, 0x23B6, 0x23F2, 0x1248, 0x0040, 0x0000, 0x0000, 0x0040, 0x0880, 0x08A0, 0x0860, 0x0000, 0x0000, 0x0000, 0x0000,
 0x0000, 0x0000, 0x0881, 0x19E5, 0x1A06, 0x08A1, 0x0000, 0x0000, 0x0903, 0x1A06, 0x1A06, 0x1143, 0x0020, 0x0881, 0x22A9, 0x2BED,
 0x230A, 0x19E7, 0x1AEC, 0x2C2F, 0x232A, 0x0902, 0x0000, 0x0000, 0x08E2, 0x1143, 0x10E2, 0x0903, 0x11E5, 0x1A87, 0x236B, 0x240F,
 0x2430, 0x23AD, 0x1A67, 0x0902, 0x0000, 0x0000, 0x08C2, 0x11A5, 0x1164, 0x0040, 0x0000, 0x0082, 0x22EA, 0x34AF, 0x33CC, 0x1185,
 0x0000, 0x0924, 0x1BAD, 0x2CD2, 0x234C, 0x1165, 0x19C6, 0x2C2E, 0x3D32, 0x2C0E, 0x1184, 0x0000, 0x08E3, 0x1B2B, 0x246F, 0x2CD2,
 0x23AD, 0x11A6, 0x1ACC, 0x3558, 0x35BA, 0x3494, 0x238D, 0x23EE, 0x2493, 0x24F7, 0x24D6, 0x2CF4, 0x2C70, 0x22C9, 0x08E2, 0x0000};

const unsigned short Name2[] = {
 0x0000, 0x0000, 0x0000, 0x0000, 0x0000, 0x0000, 0x0000, 0x0000, 0x0000, 0x0000, 0x0000, 0x0000, 0x0000, 0x0000, 0x0000, 0x0000,
 0x0000, 0x0000, 0x0000, 0x0000, 0x0000, 0x0000, 0x0000, 0x0000, 0x0000, 0x0000, 0x0000, 0x0000, 0x0000, 0x0000, 0x0000, 0x0000,
 0x0000, 0x0000, 0x0000, 0x0000, 0x0000, 0x0000, 0x0000, 0x0000, 0x0000, 0x0000, 0x0000, 0x0000, 0x0000, 0x0000, 0x0000, 0x0000,
 0x0000, 0x0000, 0x0000, 0x0000, 0x0000, 0x0000, 0x0000, 0x0000, 0x0000, 0x0000, 0x0000, 0x0000, 0x0000, 0x0000, 0x0000, 0x0000,
 0x0000, 0x0000, 0x0000, 0x0000, 0x0000, 0x0000, 0x0000, 0x0000, 0x0000, 0x0000, 0x0000, 0x0000, 0x0000, 0x0000, 0x0000, 0x0000,
 0x0000, 0x0000, 0x0000, 0x0000, 0x0000, 0x0000, 0x0000, 0x0000, 0x0000, 0x0000, 0x0000, 0x0000, 0x0000, 0x0000, 0x0000, 0x0000,
 0x0000, 0x0000, 0x0000, 0x0000, 0x0000, 0x0000, 0x0000, 0x0000, 0x0000, 0x0000, 0x0000, 0x0000, 0x0000, 0x0000, 0x0020, 0x0020,
 0x0000, 0x0000, 0x0000, 0x0000, 0x0000, 0x0000, 0x0000, 0x0000, 0x0000, 0x0000, 0x0000, 0x0000, 0x0000, 0x0000, 0x0000, 0x0000,
 0x0000, 0x0000, 0x0000, 0x0000, 0x0000, 0x0000, 0x0000, 0x0000, 0x0000, 0x0000, 0x0000, 0x0000, 0x0000, 0x0000, 0x0000, 0x0000,
 0x0000, 0x0000, 0x0000, 0x0000, 0x0000, 0x0000, 0x0000, 0x0000, 0x0000, 0x0000, 0x0000, 0x0000, 0x0000, 0x0000, 0x0000, 0x0000,
 0x0000, 0x0000, 0x0000, 0x0000, 0x0000, 0x0000, 0x0000, 0x0000, 0x0000, 0x0000, 0x0000, 0x0000, 0x0000, 0x0000, 0x0000, 0x0000,
 0x0000, 0x0000, 0x0000, 0x0000, 0x0000, 0x0000, 0x0000, 0x0000, 0x0000, 0x0000, 0x0000, 0x0000, 0x0000, 0x0000, 0x0000, 0x0082,
 0x00C4, 0x00A3, 0x0082, 0x0041, 0x0020, 0x0000, 0x0000, 0x0000, 0x0020, 0x0104, 0x0208, 0x01C8, 0x0083, 0x0000, 0x0020, 0x0082,
 0x00A3, 0x0021, 0x0000, 0x0000, 0x0000, 0x0000, 0x0000, 0x0000, 0x0000, 0x0000, 0x0000, 0x0000, 0x0082, 0x00E4, 0x00A3, 0x0021,
 0x0000, 0x0000, 0x0000, 0x0000, 0x0000, 0x0000, 0x0000, 0x0000, 0x0000, 0x0020, 0x0000, 0x0000, 0x0000, 0x0000, 0x0000, 0x0000,
 0x0000, 0x0000, 0x0000, 0x0000, 0x0000, 0x0000, 0x0000, 0x0000, 0x0000, 0x0041, 0x0083, 0x0062, 0x0000, 0x0000, 0x0000, 0x0000,
 0x0000, 0x0000, 0x0000, 0x0000, 0x0000, 0x0000, 0x0000, 0x0000, 0x0000, 0x0000, 0x0000, 0x0000, 0x0041, 0x0021, 0x0000, 0x0000,
 0x0000, 0x0000, 0x0000, 0x0000, 0x0000, 0x0000, 0x0000, 0x0000, 0x0000, 0x0000, 0x00A3, 0x024A, 0x0B4F, 0x032E, 0x02ED, 0x026B,
 0x0146, 0x0041, 0x0000, 0x0020, 0x0145, 0x0B4F, 0x0CB6, 0x0C54, 0x022A, 0x0062, 0x0104, 0x02AC, 0x02ED, 0x0187, 0x0062, 0x00A2,
 0x0103, 0x00C2, 0x0061, 0x0041, 0x0041, 0x0020, 0x0061, 0x0166, 0x0A8C, 0x0B0F, 0x0ACD, 0x022A, 0x0186, 0x0124, 0x00E3, 0x00A1,
 0x0040, 0x0082, 0x0082, 0x0166, 0x0209, 0x0187, 0x0062, 0x0000, 0x0000, 0x0000, 0x0000, 0x00A2, 0x0104, 0x00E3, 0x0041, 0x0000,
 0x0041, 0x00A2, 0x0082, 0x0041, 0x0104, 0x024A, 0x0AED, 0x020A, 0x0083, 0x0000, 0x0061, 0x0104, 0x00E4, 0x0041, 0x0000, 0x0000,
 0x0000, 0x0000, 0x0041, 0x00E3, 0x0103, 0x00C3, 0x00E4, 0x01C7, 0x022A, 0x0146, 0x0021, 0x0000, 0x0000, 0x0000, 0x0000, 0x0000,
 0x0000, 0x0000, 0x0000, 0x0000, 0x0000, 0x0020, 0x0209, 0x0C75, 0x159B, 0x155A, 0x155A, 0x1518, 0x0B70, 0x00E5, 0x0000, 0x00C2,
 0x0B2E, 0x14DA, 0x155F, 0x155D, 0x0C14, 0x026A, 0x0AED, 0x0CF7, 0x0D59, 0x0B91, 0x0A4A, 0x0ACC, 0x0B6F, 0x0B0D, 0x024A, 0x0229,
 0x01A8, 0x00E4, 0x0166, 0x0B70, 0x14B9, 0x14DB, 0x0CF9, 0x0CB7, 0x0C34, 0x0BB1, 0x0B2D, 0x0AAA, 0x01E8, 0x026A, 0x026A, 0x0C33,
 0x1538, 0x0BB1, 0x0125, 0x0000, 0x0000, 0x0000, 0x0082, 0x0A6A, 0x0BF1, 0x0B2E, 0x0125, 0x0041, 0x01A7, 0x0AED, 0x028B, 0x024A,
 0x0B4F, 0x14F8, 0x15BB, 0x1475, 0x01C8, 0x0083, 0x0209, 0x0BD0, 0x0B4F, 0x0167, 0x0082, 0x00E3, 0x0125, 0x0146, 0x0209, 0x0B0E,
 0x0B6F, 0x0B2E, 0x0B70, 0x0C95, 0x0CD7, 0x0ACE, 0x0082, 0x0000, 0x0000, 0x0000, 0x0000, 0x0000, 0x0000, 0x0000, 0x0000, 0x0000,
 0x0000, 0x0082, 0x0AEE, 0x0C39, 0x0C5E, 0x141E, 0x145E, 0x153F, 0x14D9, 0x026B, 0x0081, 0x01E7, 0x0BF6, 0x0BDD, 0x0AFD, 0x0B7C,
 0x149A, 0x14B5, 0x0C77, 0x0C5B, 0x14BD, 0x14D8, 0x1475, 0x0C57, 0x0C79, 0x1498, 0x14B6, 0x14B6, 0x0B92, 0x024A, 0x0A4A, 0x1376,
 0x13FE, 0x0C3E, 0x14FD, 0x14DD, 0x0C3C, 0x0C3A, 0x0C38, 0x0C16, 0x0C34, 0x1496, 0x1496, 0x155C, 0x15BF, 0x0C57, 0x01E8, 0x0020,
 0x0000, 0x0000, 0x0146, 0x13D3, 0x157C, 0x0C98, 0x022B, 0x0186, 0x0B50, 0x14D9, 0x14D8, 0x0C96, 0x0C99, 0x147D, 0x14FF, 0x1D1B,
 0x0BB1, 0x0AAC, 0x0BD3, 0x155B, 0x14F8, 0x0B4F, 0x0A6B, 0x034F, 0x0BF2, 0x0BF2, 0x0C15, 0x0C38, 0x0C79, 0x1519, 0x153A, 0x14FD,
 0x14DD, 0x0B52, 0x00C3, 0x0000, 0x0000, 0x0000, 0x0000, 0x0000, 0x0000, 0x0000, 0x0000, 0x0000, 0x0000, 0x00C3, 0x0AD0, 0x0A38,
 0x015B, 0x011A, 0x015A, 0x0ABD, 0x147C, 0x0BD1, 0x0248, 0x0ACE, 0x0B19, 0x019B, 0x0078, 0x00F8, 0x0B7B, 0x159C, 0x149B, 0x0239,
 0x0A59, 0x14BB, 0x157B, 0x0BFB, 0x0AFC, 0x0BDC, 0x153E, 0x155E, 0x0C58, 0x0B4F, 0x0A8D, 0x09D5, 0x099B, 0x0ABC, 0x0BBB, 0x0ADA,
 0x01DA, 0x0A3B, 0x0ADC, 0x0B7C, 0x14DC, 0x155C, 0x155C, 0x0BFC, 0x0B5D, 0x0B57, 0x022A, 0x0081, 0x0000, 0x0060, 0x09E9, 0x1398,
 0x13FF, 0x0B9A, 0x0AEF, 0x0ACC, 0x1395, 0x145E, 0x14FE, 0x153C, 0x0BBB, 0x01BA, 0x09BA, 0x139B, 0x14F8, 0x14F6, 0x0C5A, 0x0C1D,
 0x147B, 0x1496, 0x1475, 0x0C99, 0x0D1C, 0x155C, 0x149B, 0x0B3B, 0x0B1B, 0x145C, 0x147C, 0x0AFC, 0x0ADC, 0x02D2, 0x0104, 0x0000,
 0x0000, 0x0000, 0x0000, 0x0000, 0x0000, 0x0000, 0x0000, 0x0000, 0x0000, 0x00C3, 0x0A8F, 0x0136, 0x0019, 0x0018, 0x0017, 0x00B9,
 0x0AFB, 0x1477, 0x0C31, 0x0B34, 0x09B9, 0x0059, 0x0016, 0x0016, 0x09DA, 0x147D, 0x141B, 0x0157, 0x0138, 0x143B, 0x14DC, 0x0A7A,
 0x00D9, 0x01DA, 0x0B5C, 0x0B7D, 0x0B59, 0x0B71, 0x0A4F, 0x00B4, 0x00B9, 0x0A7A, 0x0B39, 0x0178, 0x0037, 0x0058, 0x00B9, 0x015A,
 0x0B7C, 0x145C, 0x145C, 0x0A7A, 0x097A, 0x0A56, 0x0A0A, 0x00A1, 0x0000, 0x00C1, 0x120A, 0x1237, 0x099D, 0x0A19, 0x0B51, 0x136F,
 0x0A56, 0x09DB, 0x12FC, 0x13DB, 0x0A19, 0x0037, 0x0017, 0x0999, 0x147C, 0x157C, 0x0B7A, 0x01B9, 0x0AFA, 0x14DA, 0x147A, 0x0AFB,
 0x0ADC, 0x0BDD, 0x0B7A, 0x0198, 0x00F8, 0x0A1A, 0x0A59, 0x0939, 0x01DA, 0x0A92, 0x0144, 0x0000, 0x0000, 0x0000, 0x0000, 0x0000,
 0x0000, 0x0000, 0x0000, 0x0000, 0x0000, 0x00C3, 0x0A6F, 0x0916, 0x0019, 0x0019, 0x0017, 0x0017, 0x0979, 0x145A, 0x1539, 0x0AF9,
 0x0099, 0x0018, 0x0018, 0x0018, 0x0098, 0x0A9A, 0x1359, 0x0997, 0x0978, 0x13BB, 0x13BA, 0x0138, 0x0017, 0x00B8, 0x0999, 0x0199,
 0x0A58, 0x0B94, 0x0A51, 0x0074, 0x0119, 0x0B3B, 0x0B5A, 0x0137, 0x0017, 0x0017, 0x0017, 0x0038, 0x0A3A, 0x0B9A, 0x0B9A, 0x09D8,
 0x0119, 0x0A15, 0x0A09, 0x00A1, 0x0000, 0x08E1, 0x11EA, 0x0975, 0x007B, 0x0198, 0x0BB3, 0x1392, 0x0935, 0x0059, 0x09BA, 0x0A59,
 0x0118, 0x0017, 0x0016, 0x0078, 0x12FB, 0x147C, 0x0A99, 0x0097, 0x0A39, 0x147B, 0x139A, 0x0118, 0x0079, 0x09D9, 0x0A38, 0x00D6,
 0x0017, 0x0078, 0x0897, 0x0099, 0x09DB, 0x0AD3, 0x0165, 0x0000, 0x0000, 0x0000, 0x0000, 0x0000, 0x0000, 0x0000, 0x0000, 0x0000,
 0x0000, 0x00C3, 0x0A6F, 0x0957, 0x001A, 0x001A, 0x0019, 0x0018, 0x0099, 0x135B, 0x14DC, 0x0A59, 0x0017, 0x0018, 0x0019, 0x0019,
 0x0017, 0x0997, 0x12D8, 0x09D7, 0x09B8, 0x135B, 0x12F9, 0x00D7, 0x0017, 0x00B8, 0x0158, 0x0118, 0x0A59, 0x1417, 0x0AB5, 0x0096,
 0x099A, 0x0BDC, 0x0B7A, 0x0138, 0x0018, 0x0018, 0x0018, 0x0038, 0x0A1A, 0x0B7A, 0x0B7A, 0x0A19, 0x095A, 0x0A36, 0x0A09, 0x00A1,
 0x0000, 0x08E1, 0x11EA, 0x1175, 0x087A, 0x09F9, 0x1436, 0x1396, 0x00F7, 0x00B9, 0x0A1A, 0x09D9, 0x0098, 0x0018, 0x0018, 0x0018,
 0x0959, 0x0B1A, 0x0A58, 0x00D7, 0x0A5A, 0x141B, 0x0AB9, 0x0057, 0x0018, 0x0938, 0x09F7, 0x00F7, 0x0017, 0x0018, 0x0018, 0x0059,
 0x09FB, 0x0AF4, 0x0186, 0x0000, 0x0000, 0x0000, 0x0000, 0x0000, 0x0000, 0x0000, 0x0000, 0x0000, 0x0000, 0x00C3, 0x0A90, 0x0957,
 0x001A, 0x001A, 0x0019, 0x0019, 0x0039, 0x0A1B, 0x139A, 0x0A17, 0x0036, 0x0018, 0x001A, 0x0019, 0x0057, 0x09B6, 0x0A97, 0x09B7,
 0x09D9, 0x12FB, 0x125A, 0x0098, 0x0018, 0x00D8, 0x0178, 0x0138, 0x0A9A, 0x145A, 0x0AD8, 0x0097, 0x09FA, 0x143C, 0x0B7A, 0x0118,
 0x0018, 0x0019, 0x0019, 0x0039, 0x0A3B, 0x13BB, 0x13BB, 0x0A39, 0x097B, 0x0A56, 0x0A0A, 0x00A1, 0x0000, 0x08E2, 0x120A, 0x1196,
 0x08BB, 0x0A5A, 0x1499, 0x1358, 0x00D8, 0x095A, 0x0A9A, 0x0998, 0x0038, 0x0019, 0x0019, 0x0018, 0x00B7, 0x0A58, 0x0A37, 0x0137,
 0x0A9A, 0x13BB, 0x09F9, 0x0038, 0x0038, 0x0979, 0x0A38, 0x00F7, 0x0018, 0x0019, 0x0018, 0x005A, 0x09DC, 0x0AB5, 0x01A6, 0x0000,
 0x0000, 0x0000, 0x0000, 0x0000, 0x0000, 0x0000, 0x0000, 0x0000, 0x0000, 0x00C3, 0x0AB1, 0x0958, 0x001A, 0x0019, 0x0018, 0x0019,
 0x001A, 0x093A, 0x0AF9, 0x12F8, 0x0996, 0x0057, 0x0019, 0x08FA, 0x1259, 0x12D8, 0x0A58, 0x0197, 0x09F8, 0x125A, 0x097A, 0x0059,
 0x0019, 0x00F9, 0x0178, 0x0118, 0x0A7B, 0x145C, 0x0A99, 0x0078, 0x0A3A, 0x147C, 0x0B3A, 0x00D8, 0x0019, 0x0018, 0x0018, 0x0038,
 0x0A5A, 0x0BDB, 0x0BDB, 0x0A5A, 0x097B, 0x0A56, 0x0A0A, 0x00A1, 0x0000, 0x08E2, 0x122B, 0x11B6, 0x08BB, 0x0A7C, 0x14BB, 0x12F9,
 0x0079, 0x099A, 0x0B3A, 0x09F7, 0x0036, 0x0018, 0x003A, 0x00D9, 0x0998, 0x0A57, 0x09F7, 0x0137, 0x0A5A, 0x133B, 0x0979, 0x0018,
 0x0059, 0x0999, 0x0A38, 0x00F8, 0x0018, 0x0018, 0x0018, 0x005A, 0x09BC, 0x0A75, 0x01A7, 0x0000, 0x0000, 0x0000, 0x0000, 0x0000,
 0x0000, 0x0000, 0x0000, 0x0000, 0x0000, 0x00E3, 0x12B2, 0x0939, 0x003B, 0x00DA, 0x00D8, 0x0058, 0x001A, 0x08BA, 0x12D9, 0x1C79,
 0x13F9, 0x09B8, 0x00D9, 0x12DB, 0x1C9C, 0x1B9A, 0x09F9, 0x0198, 0x09B8, 0x0979, 0x08BA, 0x0819, 0x001A, 0x08F9, 0x0978, 0x0118,
 0x0A5B, 0x13DC, 0x09FA, 0x0059, 0x0A7A, 0x149A, 0x0AF9, 0x0099, 0x0059, 0x0938, 0x0157, 0x0157, 0x0B3A, 0x143B, 0x143B, 0x0A5A,
 0x095C, 0x0A36, 0x0A0A, 0x00A1, 0x0000, 0x08E2, 0x122B, 0x1196, 0x08BB, 0x0A9C, 0x147C, 0x0A5A, 0x0019, 0x099A, 0x13DA, 0x0B58,
 0x0116, 0x0017, 0x00DA, 0x0ADB, 0x0B3A, 0x0A78, 0x09B8, 0x0117, 0x09F9, 0x125A, 0x08F9, 0x0019, 0x005A, 0x0999, 0x0A38, 0x08F8,
 0x0079, 0x00B8, 0x0057, 0x0059, 0x095C, 0x0A55, 0x01A7, 0x0000, 0x0000, 0x0000, 0x0000, 0x0000, 0x0000, 0x0000, 0x0000, 0x0000,
 0x0000, 0x00E3, 0x12B2, 0x0939, 0x08FC, 0x12FB, 0x1359, 0x0978, 0x0019, 0x087B, 0x129B, 0x1CBA, 0x1D59, 0x13D9, 0x0B1A, 0x1CBB,
 0x253A, 0x1AFA, 0x097A, 0x09B9, 0x0998, 0x0899, 0x081A, 0x081A, 0x083A, 0x08F9, 0x0978, 0x0119, 0x0A3B, 0x135C, 0x097A, 0x005A,
 0x0AD9, 0x1478, 0x0A78, 0x085A, 0x091B, 0x0AD8, 0x0B34, 0x0B14, 0x1478, 0x1CBA, 0x1CBA, 0x123B, 0x093C, 0x0A37, 0x0A0A, 0x00A1,
 0x0000, 0x08E1, 0x11EA, 0x1196, 0x08DC, 0x127D, 0x13DC, 0x09DA, 0x003A, 0x09BB, 0x141B, 0x14BA, 0x0AD8, 0x00F7, 0x0A3A, 0x14BC,
 0x143B, 0x0A39, 0x0998, 0x0938, 0x0939, 0x091A, 0x085A, 0x001A, 0x085A, 0x099A, 0x09F9, 0x0959, 0x0A3A, 0x1339, 0x09F7, 0x0079,
 0x091C, 0x0A15, 0x01A7, 0x0000, 0x0000, 0x0000, 0x0000, 0x0000, 0x0000, 0x0000, 0x0000, 0x0000, 0x0000, 0x00E4, 0x12B3, 0x093A,
 0x099C, 0x1C7B, 0x2538, 0x1277, 0x0039, 0x087C, 0x125B, 0x1C18, 0x1CD5, 0x1CD7, 0x1CF8, 0x1D16, 0x1BF5, 0x11D9, 0x091C, 0x09DA,
 0x0999, 0x0059, 0x081A, 0x081A, 0x083B, 0x091A, 0x0999, 0x0919, 0x09FB, 0x12BB, 0x091B, 0x08BB, 0x0AF9, 0x1435, 0x0A17, 0x083C,
 0x097B, 0x0B14, 0x0B0C, 0x0AEB, 0x1C31, 0x1C57, 0x1C57, 0x121B, 0x093E, 0x1238, 0x0A0A, 0x00A1, 0x0000, 0x00C1, 0x11EA, 0x1196,
 0x08FC, 0x123D, 0x12FC, 0x095A, 0x08BB, 0x09FC, 0x137C, 0x1C7A, 0x1437, 0x1338, 0x1419, 0x1D38, 0x1378, 0x099A, 0x099A, 0x0978,
 0x08B9, 0x083A, 0x081A, 0x081A, 0x085B, 0x095A, 0x09FA, 0x09FA, 0x1398, 0x1CF6, 0x1356, 0x08F9, 0x00FD, 0x09F6, 0x01A7, 0x0000,
 0x0000, 0x0000, 0x0000, 0x0000, 0x0000, 0x0000, 0x0000, 0x0000, 0x0000, 0x0904, 0x1AD4, 0x093B, 0x099C, 0x1C17, 0x24D2, 0x1AB5,
 0x087A, 0x089D, 0x127D, 0x13B8, 0x13B1, 0x13CF, 0x1C70, 0x1BEE, 0x1291, 0x113A, 0x08FD, 0x09DB, 0x09B9, 0x085A, 0x081B, 0x081B,
 0x083B, 0x091B, 0x09B9, 0x091A, 0x095B, 0x11BB, 0x08BC, 0x091C, 0x1337, 0x13D3, 0x09D7, 0x085D, 0x097B, 0x0A8F, 0x0184, 0x00E1,
 0x0A47, 0x1B31, 0x1B31, 0x11FB, 0x115F, 0x1238, 0x0A2A, 0x00A1, 0x0000, 0x00C1, 0x09EA, 0x11B6, 0x08FD, 0x117D, 0x11DB, 0x08FB,
 0x095C, 0x123E, 0x127B, 0x12F5, 0x1BF2, 0x1C94, 0x1CD3, 0x1BF1, 0x11F5, 0x091B, 0x09DB, 0x09D9, 0x08B9, 0x081B, 0x081B, 0x081B,
 0x085B, 0x095B, 0x0A3B, 0x127A, 0x1374, 0x1C6F, 0x1B73, 0x093A, 0x08FE, 0x09F6, 0x01C8, 0x0000, 0x0000, 0x0000, 0x0000, 0x0000,
 0x0000, 0x0000, 0x0000, 0x0000, 0x0000, 0x0904, 0x1AD4, 0x095C, 0x097D, 0x1334, 0x1B8C, 0x1271, 0x08DB, 0x08BE, 0x129E, 0x1BFB,
 0x1310, 0x09E6, 0x0A04, 0x0A67, 0x1211, 0x093C, 0x08DE, 0x11FB, 0x09BA, 0x087A, 0x081B, 0x081C, 0x083C, 0x091B, 0x09DA, 0x091A,
 0x087B, 0x087C, 0x087D, 0x097C, 0x1396, 0x13B1, 0x09B7, 0x085E, 0x11BC, 0x1310, 0x0A05, 0x00C0, 0x0963, 0x122D, 0x122D, 0x11BA,
 0x119F, 0x1259, 0x0A2B, 0x00A1, 0x0000, 0x00C1, 0x11EA, 0x11D7, 0x08DD, 0x089D, 0x087C, 0x089B, 0x09DC, 0x125E, 0x11BC, 0x11D4,
 0x12AC, 0x1309, 0x1329, 0x12AD, 0x0955, 0x08FC, 0x11FD, 0x0A5A, 0x091A, 0x081B, 0x081B, 0x081C, 0x085C, 0x095C, 0x0A5C, 0x129A,
 0x12B1, 0x136B, 0x12F3, 0x093C, 0x08DF, 0x0A17, 0x01E9, 0x0000, 0x0000, 0x0000, 0x0000, 0x0000, 0x0000, 0x0000, 0x0000, 0x0000,
 0x0000, 0x00E4, 0x12B4, 0x095D, 0x097D, 0x12B2, 0x0AA8, 0x0A0F, 0x08FB, 0x08DE, 0x12BF, 0x1C5D, 0x1332, 0x00E4, 0x0060, 0x09A6,
 0x1253, 0x091E, 0x08DF, 0x11FC, 0x09DA, 0x087B, 0x081C, 0x081C, 0x083C, 0x091C, 0x09FA, 0x091A, 0x081C, 0x081D, 0x085D, 0x09FB,
 0x13D4, 0x1391, 0x0998, 0x085E, 0x11BD, 0x1BD7, 0x13B0, 0x0ACB, 0x0A89, 0x124D, 0x124D, 0x0978, 0x117F, 0x129A, 0x0A6B, 0x00C1,
 0x0000, 0x00A1, 0x11EA, 0x11F7, 0x08DD, 0x081D, 0x081C, 0x089C, 0x121C, 0x123E, 0x095D, 0x1176, 0x0948, 0x00A0, 0x0122, 0x0A0C,
 0x0957, 0x08BE, 0x11DE, 0x129B, 0x095A, 0x083B, 0x081C, 0x081C, 0x085C, 0x095C, 0x0A5C, 0x127A, 0x0A91, 0x0AEC, 0x1235, 0x08DD,
 0x08FF, 0x0A38, 0x0A2A, 0x0000, 0x0000, 0x0000, 0x0000, 0x0000, 0x0000, 0x0000, 0x0000, 0x0000, 0x0000, 0x00E4, 0x1295, 0x095D,
 0x099D, 0x0AB2, 0x0A67, 0x09CE, 0x08FB, 0x08DF, 0x1ABF, 0x247E, 0x1393, 0x0104, 0x0020, 0x09C6, 0x1274, 0x08FD, 0x08BF, 0x11FD,
 0x11DB, 0x087B, 0x081C, 0x081C, 0x083D, 0x093C, 0x09FA, 0x091A, 0x081C, 0x081E, 0x087E, 0x127A, 0x13F2, 0x1350, 0x0998, 0x085E,
 0x111E, 0x12DD, 0x1BBC, 0x13D9, 0x13F3, 0x1331, 0x1331, 0x0999, 0x113F, 0x129A, 0x0A8D, 0x00E2, 0x0000, 0x00A1, 0x11CA, 0x11F7,
 0x08DE, 0x081D, 0x081C, 0x08DD, 0x127C, 0x121D, 0x08FE, 0x0958, 0x00E9, 0x0000, 0x00A2, 0x0A2D, 0x0979, 0x089E, 0x11BE, 0x129B,
 0x097A, 0x083B, 0x081C, 0x081C, 0x085D, 0x095C, 0x0A3C, 0x0A5B, 0x0AB3, 0x0AAE, 0x0956, 0x083E, 0x10DF, 0x0A19, 0x0A4B, 0x0000,
 0x0000, 0x0000, 0x0000, 0x0000, 0x0000, 0x0000, 0x0000, 0x0000, 0x0000, 0x00C4, 0x1275, 0x095E, 0x099E, 0x0AD2, 0x0A67, 0x09CF,
 0x08DB, 0x08DF, 0x1ADF, 0x24BE, 0x1BB3, 0x0104, 0x0020, 0x09A5, 0x1271, 0x093B, 0x08BE, 0x11DD, 0x11DB, 0x087B, 0x081C, 0x081D,
 0x083D, 0x113C, 0x0A1A, 0x091A, 0x081C, 0x081E, 0x10BF, 0x12DA, 0x13F1, 0x130F, 0x0978, 0x085E, 0x085E, 0x111F, 0x11BF, 0x12BF,
 0x1459, 0x1416, 0x1416, 0x09DA, 0x10DF, 0x125C, 0x0AAF, 0x00E3, 0x0000, 0x00A0, 0x09C9, 0x11F7, 0x08DE, 0x081E, 0x083D, 0x117D,
 0x129C, 0x09BD, 0x08DF, 0x0999, 0x012A, 0x0000, 0x00C2, 0x0A4D, 0x09B8, 0x087D, 0x099E, 0x129B, 0x097B, 0x083C, 0x081C, 0x081D,
 0x085D, 0x095C, 0x0A1C, 0x123B, 0x0AD4, 0x0A90, 0x00D5, 0x081D, 0x087F, 0x09D9, 0x0A4B, 0x0000, 0x0000, 0x0000, 0x0000, 0x0000,
 0x0000, 0x0000, 0x0000, 0x0000, 0x0000, 0x00C4, 0x1275, 0x115E, 0x099D, 0x12D1, 0x0A88, 0x09CF, 0x08DC, 0x08DF, 0x1B3F, 0x24FB,
 0x134E, 0x00C2, 0x0000, 0x00C2, 0x09EC, 0x09B7, 0x091D, 0x11DD, 0x11BC, 0x087C, 0x081C, 0x081D, 0x103D, 0x115C, 0x121B, 0x093B,
 0x081C, 0x101E, 0x10DF, 0x12FA, 0x1411, 0x1310, 0x1199, 0x085E, 0x081E, 0x081E, 0x083F, 0x115F, 0x13FB, 0x1499, 0x1499, 0x09DB,
 0x085F, 0x11FD, 0x12D2, 0x0124, 0x0000, 0x00A0, 0x09C9, 0x11F7, 0x10DE, 0x081E, 0x107D, 0x11FD, 0x129C, 0x097D, 0x08FF, 0x11D8,
 0x0968, 0x0020, 0x0081, 0x0A09, 0x11D4, 0x08DC, 0x099E, 0x127C, 0x117B, 0x083C, 0x081C, 0x081D, 0x087D, 0x117C, 0x121C, 0x123B,
 0x12D5, 0x0AD0, 0x0115, 0x001C, 0x08BF, 0x0A18, 0x0A4B, 0x0000, 0x0000, 0x0000, 0x0000, 0x0000, 0x0000, 0x0000, 0x0000, 0x0000,
 0x0000, 0x00C4, 0x1A76, 0x115F, 0x119D, 0x0AD1, 0x0A88, 0x11D0, 0x10DD, 0x111F, 0x1BBF, 0x2558, 0x132A, 0x0080, 0x0000, 0x0060,
 0x0A49, 0x12D6, 0x11DC, 0x11DD, 0x119C, 0x107D, 0x101D, 0x101D, 0x105E, 0x115D, 0x123B, 0x093B, 0x101D, 0x101E, 0x109F, 0x12BB,
 0x1434, 0x1392, 0x1199, 0x105E, 0x081E, 0x081E, 0x081E, 0x113E, 0x1BFC, 0x1C7B, 0x1C7B, 0x119C, 0x083F, 0x11DF, 0x1B35, 0x0986,
 0x0000, 0x00A0, 0x11C9, 0x11F7, 0x10DF, 0x101E, 0x107E, 0x11DD, 0x125C, 0x117E, 0x115D, 0x1212, 0x0945, 0x0000, 0x0040, 0x0985,
 0x1231, 0x11BB, 0x11DD, 0x127C, 0x117C, 0x103C, 0x101D, 0x101D, 0x107D, 0x117D, 0x123D, 0x121C, 0x12B5, 0x0B11, 0x0215, 0x097B,
 0x0A7D, 0x1337, 0x0A2A, 0x0000, 0x0000, 0x0000, 0x0000, 0x0000, 0x0000, 0x0000, 0x0000, 0x0000, 0x0000, 0x00C5, 0x1A77, 0x115F,
 0x099D, 0x0AD0, 0x1288, 0x11B1, 0x109E, 0x111F, 0x1C1F, 0x2DF8, 0x1C0B, 0x08E2, 0x0000, 0x0964, 0x1C2E, 0x1C98, 0x129C, 0x11FD,
 0x117C, 0x105D, 0x101D, 0x101E, 0x105E, 0x117D, 0x123B, 0x113B, 0x101D, 0x101E, 0x105F, 0x123D, 0x1457, 0x1415, 0x11BA, 0x103E,
 0x101E, 0x083D, 0x085D, 0x11DD, 0x1C5C, 0x1C3C, 0x1C3C, 0x115C, 0x081F, 0x19BF, 0x1B78, 0x0A08, 0x0040, 0x0080, 0x11EA, 0x1A18,
 0x10FF, 0x101F, 0x105E, 0x115D, 0x121C, 0x123D, 0x1A7B, 0x126E, 0x0121, 0x0000, 0x0040, 0x0A06, 0x1391, 0x131A, 0x123D, 0x127C,
 0x119C, 0x103D, 0x101D, 0x101E, 0x107E, 0x119D, 0x123D, 0x11DC, 0x0A35, 0x1350, 0x1BB4, 0x1C7B, 0x1D5D, 0x1475, 0x09C7, 0x0000,
 0x0000, 0x0000, 0x0000, 0x0000, 0x0000, 0x0000, 0x0000, 0x0000, 0x0000, 0x00C5, 0x1278, 0x113F, 0x099C, 0x0AF0, 0x12EA, 0x11B4,
 0x107E, 0x08FF, 0x1BFF, 0x2E1B, 0x24F3, 0x11E7, 0x00A2, 0x12EC, 0x25B8, 0x251D, 0x12FD, 0x123C, 0x119C, 0x105D, 0x101E, 0x101E,
 0x105E, 0x117D, 0x125B, 0x113B, 0x101D, 0x101E, 0x101F, 0x11BE, 0x145A, 0x1499, 0x11DB, 0x081E, 0x10BE, 0x119C, 0x11FA, 0x135B,
 0x1CDC, 0x1BDD, 0x1BDD, 0x111D, 0x081E, 0x119F, 0x1B5B, 0x0A8B, 0x00A0, 0x00A0, 0x11EA, 0x1A18, 0x10FF, 0x101F, 0x101F, 0x10BE,
 0x11DC, 0x12FC, 0x1BFA, 0x1BD0, 0x0A05, 0x0040, 0x00E3, 0x138D, 0x1D37, 0x1C1C, 0x12BC, 0x129C, 0x119D, 0x103D, 0x101E, 0x101E,
 0x107E, 0x11BD, 0x125D, 0x11BD, 0x09B5, 0x12ED, 0x2491, 0x2E7A, 0x277E, 0x1D55, 0x09C8, 0x0000, 0x0000, 0x0000, 0x0000, 0x0000,
 0x0000, 0x0000, 0x0000, 0x0000, 0x0000, 0x00C5, 0x1258, 0x113F, 0x09DC, 0x13D3, 0x1BD0, 0x19D8, 0x103F, 0x111F, 0x1B7F, 0x24BF,
 0x243B, 0x1ACF, 0x1208, 0x1B72, 0x247D, 0x1B5F, 0x127E, 0x1A9D, 0x11BD, 0x105D, 0x101E, 0x101E, 0x105F, 0x119D, 0x125B, 0x115C,
 0x101E, 0x101E, 0x081E, 0x111E, 0x1C1D, 0x1CBB, 0x11BC, 0x083E, 0x11BC, 0x1B36, 0x1BB4, 0x1CD7, 0x1D1B, 0x133D, 0x133D, 0x10BD,
 0x081E, 0x113F, 0x1AFC, 0x12CE, 0x0102, 0x00A0, 0x11C9, 0x1A18, 0x10FF, 0x101F, 0x101F, 0x105E, 0x11BC, 0x1B3B, 0x247B, 0x24F8,
 0x1B8F, 0x0985, 0x0A08, 0x1C95, 0x255E, 0x1BDE, 0x1AFD, 0x1ABD, 0x117D, 0x103E, 0x101E, 0x101E, 0x105E, 0x19BD, 0x125D, 0x099E,
 0x0975, 0x0A0A, 0x236B, 0x2DD8, 0x26BF, 0x1519, 0x0A8D, 0x0000, 0x0000, 0x0000, 0x0000, 0x0000, 0x0000, 0x0000, 0x0000, 0x0000,
 0x0000, 0x00C5, 0x1238, 0x111F, 0x123D, 0x1CD9, 0x1C78, 0x11BC, 0x101F, 0x113F, 0x12FE, 0x1ABF, 0x1A7F, 0x1B14, 0x130C, 0x12D4,
 0x11FE, 0x113F, 0x11FF, 0x1ADD, 0x11DD, 0x105E, 0x101E, 0x101F, 0x105F, 0x19BD, 0x129B, 0x115C, 0x103D, 0x103D, 0x101C, 0x10BE,
 0x1B7E, 0x1C5D, 0x11BD, 0x107F, 0x11F9, 0x12ED, 0x12E8, 0x13ED, 0x1C56, 0x127D, 0x127D, 0x107E, 0x081E, 0x10DF, 0x1A9D, 0x1312,
 0x0984, 0x00A0, 0x11A8, 0x19F7, 0x10DF, 0x103F, 0x081D, 0x107D, 0x11DC, 0x1ADB, 0x1B1D, 0x235F, 0x1B57, 0x12CB, 0x12EC, 0x1B99,
 0x1B3F, 0x127F, 0x1ADE, 0x1ABD, 0x115D, 0x101E, 0x101E, 0x101F, 0x107F, 0x19BD, 0x125D, 0x099E, 0x0155, 0x09A7, 0x1247, 0x2395,
 0x1BFF, 0x139D, 0x0B73, 0x0000, 0x0000, 0x0000, 0x0000, 0x0000, 0x0000, 0x0000, 0x0000, 0x0000, 0x0000, 0x00C5, 0x1218, 0x111E,
 0x121F, 0x243E, 0x1B9E, 0x111E, 0x101F, 0x115E, 0x1A9E, 0x117F, 0x111E, 0x1AF6, 0x1BD0, 0x1236, 0x087E, 0x107F, 0x123E, 0x1ADD,
 0x117D, 0x103E, 0x101E, 0x101E, 0x107F, 0x19DE, 0x1ABC, 0x117C, 0x107D, 0x111C, 0x10DB, 0x109D, 0x129E, 0x139C, 0x117D, 0x109F,
 0x11F7, 0x0A28, 0x01A0, 0x0A65, 0x1313, 0x11FE, 0x11FE, 0x10BF, 0x087D, 0x10BE, 0x1A1E, 0x1B55, 0x09E6, 0x00A0, 0x0988, 0x11D7,
 0x10FF, 0x10BE, 0x08BB, 0x08BC, 0x11DD, 0x1A7B, 0x115C, 0x10BF, 0x11FA, 0x1350, 0x134F, 0x11D9, 0x10BF, 0x113F, 0x1ABD, 0x1A9C,
 0x10FD, 0x101E, 0x101E, 0x101F, 0x107F, 0x11BD, 0x123D, 0x119E, 0x0996, 0x0A28, 0x0A27, 0x11F5, 0x113F, 0x121F, 0x13B8, 0x0000,
 0x0000, 0x0000, 0x0000, 0x0000, 0x0000, 0x0000, 0x0000, 0x0000, 0x0000, 0x00A5, 0x1218, 0x10FE, 0x10DF, 0x19BF, 0x195F, 0x105F,
 0x103F, 0x19BE, 0x1A7D, 0x111E, 0x109E, 0x1B1A, 0x2496, 0x1A59, 0x081E, 0x10BF, 0x1A9E, 0x1ABD, 0x111E, 0x101E, 0x101E, 0x101D,
 0x107E, 0x1A1E, 0x1ADC, 0x117C, 0x10FE, 0x1A3D, 0x1A3A, 0x111C, 0x11DE, 0x12FC, 0x115C, 0x109E, 0x1A3A, 0x1B4E, 0x12E6, 0x1308,
 0x12D3, 0x119D, 0x119D, 0x115F, 0x11BD, 0x115D, 0x19BF, 0x1B38, 0x0A08, 0x00A0, 0x0968, 0x11B7, 0x18FF, 0x199E, 0x11FB, 0x091B,
 0x119D, 0x1A5C, 0x111C, 0x081E, 0x115C, 0x1BB5, 0x1BB3, 0x113A, 0x081F, 0x111F, 0x1ABD, 0x123C, 0x109D, 0x101F, 0x101E, 0x101E,
 0x107F, 0x19BD, 0x1A1D, 0x117E, 0x0A19, 0x0B6D, 0x0B0A, 0x1196, 0x103F, 0x117F, 0x13D9, 0x0000, 0x0000, 0x0000, 0x0000, 0x0000,
 0x0000, 0x0000, 0x0000, 0x0000, 0x0000, 0x00A5, 0x1218, 0x10FE, 0x101F, 0x101F, 0x101F, 0x101F, 0x10BF, 0x1A5E, 0x1ABC, 0x10FD,
 0x107E, 0x1B3D, 0x24FB, 0x1A9C, 0x081E, 0x111F, 0x1B1E, 0x1A5D, 0x109E, 0x103E, 0x109D, 0x107C, 0x109D, 0x1A1E, 0x231C, 0x119C,
 0x111E, 0x231E, 0x239B, 0x119B, 0x117D, 0x1A9C, 0x11BB, 0x109D, 0x19FE, 0x23B9, 0x1C34, 0x1C94, 0x1B58, 0x117D, 0x117D, 0x19BE,
 0x1ADC, 0x11FC, 0x119F, 0x1AFA, 0x124A, 0x00E0, 0x0987, 0x1997, 0x18FF, 0x1A3F, 0x1B3C, 0x119B, 0x111D, 0x123C, 0x11BB, 0x085D,
 0x117E, 0x1BFA, 0x1C38, 0x117B, 0x101F, 0x115F, 0x1ABD, 0x11DD, 0x105E, 0x101F, 0x101E, 0x081D, 0x107E, 0x19BD, 0x19FC, 0x113E,
 0x129C, 0x14F5, 0x1472, 0x11D9, 0x101F, 0x119F, 0x13D9, 0x0000, 0x0000, 0x0000, 0x0000, 0x0000, 0x0000, 0x0000, 0x0000, 0x0000,
 0x0000, 0x00A5, 0x11F9, 0x10FF, 0x101F, 0x101F, 0x101F, 0x101F, 0x193F, 0x233E, 0x1B5B, 0x111C, 0x105E, 0x1ADF, 0x247E, 0x125E,
 0x101E, 0x115F, 0x1B3E, 0x19FE, 0x101E, 0x10BF, 0x19FD, 0x119C, 0x10DD, 0x1A1E, 0x235C, 0x11DC, 0x10DE, 0x231E, 0x243B, 0x11FA,
 0x111D, 0x1A7D, 0x125B, 0x10DC, 0x10BF, 0x19FF, 0x233E, 0x1C3D, 0x1B5D, 0x117D, 0x117D, 0x19FC, 0x1B38, 0x1238, 0x115E, 0x1ABC,
 0x128D, 0x0940, 0x09A7, 0x1997, 0x18DF, 0x1A7F, 0x23FC, 0x121B, 0x10BD, 0x11BC, 0x11FA, 0x10BC, 0x115F, 0x1BDE, 0x1C3C, 0x117D,
 0x101E, 0x197E, 0x1ADD, 0x119D, 0x101E, 0x103F, 0x10BC, 0x089B, 0x10BD, 0x19BE, 0x19FC, 0x111D, 0x123E, 0x1CDD, 0x1C7B, 0x119D,
 0x101F, 0x11BF, 0x13D9, 0x0000, 0x0000, 0x0000, 0x0000, 0x0000, 0x0000, 0x0000, 0x0000, 0x0000, 0x0000, 0x0085, 0x11D9, 0x10DF,
 0x101F, 0x101F, 0x101F, 0x101F, 0x199F, 0x23FB, 0x23D8, 0x115A, 0x101E, 0x19BF, 0x1AFF, 0x117E, 0x103E, 0x19BE, 0x1B1E, 0x199E,
 0x101F, 0x193F, 0x233E, 0x1A9C, 0x111D, 0x1A3E, 0x23DD, 0x19FC, 0x107E, 0x22BC, 0x2438, 0x1238, 0x10BD, 0x1A3E, 0x1ADC, 0x115C,
 0x101E, 0x105F, 0x195F, 0x1A9F, 0x129E, 0x11BD, 0x11BD, 0x1A5A, 0x1B14, 0x11D4, 0x113D, 0x1A7E, 0x12AF, 0x09A2, 0x11A7, 0x1997,
 0x18DF, 0x1A5E, 0x243A, 0x1A9A, 0x109D, 0x117D, 0x121A, 0x10DB, 0x10FF, 0x1AFF, 0x1B5D, 0x111D, 0x101F, 0x19FE, 0x1AFD, 0x115E,
 0x101F, 0x10BF, 0x11BC, 0x119A, 0x10DC, 0x199E, 0x1A1C, 0x111C, 0x10FF, 0x1A5F, 0x123F, 0x10BF, 0x101F, 0x19DF, 0x13D8, 0x0000,
 0x0000, 0x0000, 0x0000, 0x0000, 0x0000, 0x0000, 0x0000, 0x0000, 0x0000, 0x0085, 0x11B9, 0x10DF, 0x101F, 0x181F, 0x101F, 0x103F,
 0x19DD, 0x23F5, 0x23D1, 0x1196, 0x101D, 0x109F, 0x191F, 0x107F, 0x10BF, 0x1A5E, 0x1ABD, 0x111E, 0x101F, 0x199F, 0x23FE, 0x1AFC,
 0x10FD, 0x1A3E, 0x2C1D, 0x1A3C, 0x103E, 0x1A1A, 0x23F5, 0x1276, 0x109C, 0x199F, 0x1ADC, 0x119C, 0x101E, 0x101F, 0x105F, 0x117F,
 0x121E, 0x11FD, 0x11FD, 0x1A79, 0x12D0, 0x09B1, 0x10FC, 0x1A1F, 0x12D2, 0x0A24, 0x11C7, 0x1977, 0x10DF, 0x1A3D, 0x2418, 0x1AB7,
 0x10BC, 0x117E, 0x1A7B, 0x111A, 0x105E, 0x197F, 0x19BE, 0x109E, 0x10BF, 0x1ABE, 0x1B1D, 0x111E, 0x101F, 0x113F, 0x1ADC, 0x125B,
 0x111C, 0x197E, 0x1A1C, 0x111C, 0x101F, 0x105F, 0x105F, 0x101F, 0x101F, 0x19DE, 0x13B7, 0x0000, 0x0000, 0x0000, 0x0000, 0x0000,
 0x0000, 0x0000, 0x0000, 0x0000, 0x0000, 0x0086, 0x1199, 0x109F, 0x101F, 0x101F, 0x101F, 0x10BF, 0x1A79, 0x1B4D, 0x1AE9, 0x1A13,
 0x10FD, 0x101F, 0x081F, 0x103F, 0x19DF, 0x1B5E, 0x1A3C, 0x085D, 0x081F, 0x19DF, 0x2C5C, 0x22FC, 0x109D, 0x223E, 0x2C3C, 0x1A3C,
 0x101E, 0x19BA, 0x23D3, 0x1AD3, 0x08BB, 0x10FE, 0x1A7C, 0x19BB, 0x103D, 0x101F, 0x103F, 0x117E, 0x121E, 0x11DE, 0x11DE, 0x1A58,
 0x128D, 0x09AE, 0x08BA, 0x113F, 0x1295, 0x12A7, 0x11E8, 0x1136, 0x109F, 0x19DC, 0x1BB5, 0x1AB4, 0x10BB, 0x197F, 0x1ADC, 0x119A,
 0x101C, 0x103F, 0x105F, 0x103F, 0x11FF, 0x1BDE, 0x1AFD, 0x10BE, 0x101F, 0x19BF, 0x1BBD, 0x12FB, 0x111D, 0x115D, 0x1A1C, 0x10FC,
 0x101F, 0x101F, 0x101F, 0x101F, 0x101F, 0x11BD, 0x1395, 0x0000, 0x0000, 0x0000, 0x0000, 0x0000, 0x0000, 0x0000, 0x0000, 0x0000,
 0x0000, 0x0086, 0x11D9, 0x10DE, 0x083D, 0x081E, 0x089F, 0x1A3F, 0x1B15, 0x1206, 0x11A3, 0x22B0, 0x1A3C, 0x089E, 0x001D, 0x10DE,
 0x2B7F, 0x349D, 0x1A1B, 0x001C, 0x083E, 0x1A5D, 0x2C59, 0x229A, 0x105D, 0x1A1E, 0x2C5C, 0x225C, 0x101F, 0x197A, 0x2391, 0x1B51,
 0x0939, 0x091D, 0x1ABC, 0x121B, 0x105C, 0x101E, 0x105F, 0x199F, 0x121F, 0x11FD, 0x11FD, 0x1256, 0x124A, 0x09AC, 0x08D9, 0x10DF,
 0x1278, 0x130B, 0x1228, 0x1116, 0x107F, 0x119C, 0x1B73, 0x12B1, 0x10B9, 0x111F, 0x22FE, 0x1A9A, 0x10DB, 0x081E, 0x081F, 0x10BF,
 0x235E, 0x2CDD, 0x1ADC, 0x107E, 0x101F, 0x1A3F, 0x247D, 0x1B1B, 0x10DD, 0x115E, 0x1A5C, 0x111C, 0x101E, 0x101F, 0x101F, 0x101F,
 0x105F, 0x19FC, 0x1331, 0x0000, 0x0000, 0x0000, 0x0000, 0x0000, 0x0000, 0x0000, 0x0000, 0x0000, 0x0000, 0x00A5, 0x1296, 0x123B,
 0x11BC, 0x11DD, 0x1A9E, 0x2BDB, 0x1B0E, 0x00C1, 0x0880, 0x228C, 0x2BB8, 0x1ABD, 0x11FE, 0x1ABD, 0x349A, 0x3D19, 0x235B, 0x121D,
 0x123E, 0x2B9A, 0x3455, 0x2298, 0x10FD, 0x22DE, 0x349B, 0x229C, 0x10BF, 0x19BA, 0x230F, 0x1B4E, 0x1AB7, 0x1B3D, 0x1C7E, 0x1B9C,
 0x119C, 0x089D, 0x089E, 0x11DE, 0x1ADF, 0x1AFE, 0x1AFE, 0x1AB5, 0x11E8, 0x09A9, 0x1217, 0x1A7F, 0x2359, 0x1B2C, 0x1249, 0x11D6,
 0x117F, 0x123C, 0x1B72, 0x1AAF, 0x08D7, 0x10FF, 0x233F, 0x2C5C, 0x1A9A, 0x087C, 0x085F, 0x19FF, 0x349B, 0x3518, 0x1ADA, 0x087E,
 0x085F, 0x1ADE, 0x2CDB, 0x1AB9, 0x083C, 0x119E, 0x237D, 0x19FB, 0x081D, 0x101E, 0x101F, 0x103F, 0x199F, 0x1AF9, 0x1AAC, 0x0000,
 0x0000, 0x0000, 0x0000, 0x0000, 0x0000, 0x0000, 0x0000, 0x0000, 0x0000, 0x0083, 0x1A8E, 0x1B74, 0x1BB7, 0x2419, 0x2C99, 0x2C12,
 0x1207, 0x0020, 0x0000, 0x1185, 0x2BB1, 0x2CDA, 0x24BC, 0x2C77, 0x33F0, 0x33F0, 0x2C98, 0x24FD, 0x24BB, 0x2C54, 0x2B8F, 0x22B4,
 0x1A9B, 0x23BB, 0x3478, 0x233A, 0x1A1D, 0x1A56, 0x1A2A, 0x1A89, 0x23D3, 0x2D3B, 0x2DBC, 0x24DA, 0x1B39, 0x11F9, 0x099A, 0x129B,
 0x23DD, 0x2C1A, 0x2C1A, 0x22F1, 0x0925, 0x0946, 0x1B74, 0x2C9C, 0x2C16, 0x1A89, 0x11E7, 0x1AD5, 0x235E, 0x1B59, 0x1B2F, 0x124B,
 0x0974, 0x11BD, 0x237D, 0x3519, 0x2BF8, 0x11F9, 0x11FC, 0x239B, 0x2C53, 0x23F0, 0x1AD6, 0x09BC, 0x11BD, 0x1B7A, 0x2475, 0x1276,
 0x089A, 0x1A7D, 0x2CBC, 0x1B5A, 0x08FA, 0x085B, 0x085C, 0x117D, 0x1B7D, 0x23D5, 0x11E6, 0x0000, 0x0000, 0x0000, 0x0000, 0x0000,
 0x0000, 0x0000, 0x0000, 0x0000, 0x0000, 0x0041, 0x0945, 0x1249, 0x1AEB, 0x234D, 0x234C, 0x1A27, 0x08A1, 0x0000, 0x0000, 0x0061,
 0x1A07, 0x2BEF, 0x2C72, 0x236D, 0x19C6, 0x19C6, 0x236E, 0x2CB3, 0x2451, 0x1ACA, 0x19C7, 0x1AAD, 0x23B4, 0x23D3, 0x2390, 0x2393,
 0x2395, 0x1A8E, 0x0904, 0x0903, 0x1ACA, 0x2410, 0x2410, 0x1B8F, 0x1B50, 0x1AF1, 0x1B14, 0x1BD6, 0x2456, 0x2BD1, 0x2BD1, 0x1A29,
 0x0062, 0x00C3, 0x12EC, 0x23F0, 0x22CB, 0x1104, 0x0925, 0x2350, 0x2CB7, 0x2BD2, 0x1A08, 0x0945, 0x124F, 0x1B77, 0x23B5, 0x2BB0,
 0x2390, 0x23B5, 0x2C17, 0x23D2, 0x1A68, 0x11E7, 0x1AF0, 0x1B97, 0x23B7, 0x2392, 0x1B4E, 0x1B34, 0x235B, 0x2C1B, 0x2CD6, 0x2415,
 0x1AF7, 0x12B9, 0x1AD9, 0x1B78, 0x2435, 0x1B0C, 0x08C2, 0x0000, 0x0000, 0x0000, 0x0000, 0x0000, 0x0000, 0x0000, 0x0000, 0x0000,
 0x0000, 0x0000, 0x0000, 0x0060, 0x08A1, 0x08E1, 0x08C1, 0x0040, 0x0000, 0x0000, 0x0000, 0x0000, 0x0060, 0x1164, 0x1A06, 0x0923,
 0x0020, 0x0020, 0x1144, 0x1A26, 0x11E5, 0x08A1, 0x0061, 0x11E6, 0x232B, 0x1AA9, 0x1A07, 0x1AEB, 0x234C, 0x11E6, 0x0040, 0x0020,
 0x08C2, 0x1144, 0x1123, 0x1144, 0x11E5, 0x1A88, 0x1B2C, 0x1B8E, 0x1B4C, 0x1A47, 0x1A47, 0x08E2, 0x0000, 0x0040, 0x0943, 0x11A4,
 0x08E2, 0x0000, 0x0082, 0x1A89, 0x2BED, 0x22C9, 0x08C2, 0x0061, 0x1249, 0x23EF, 0x1AEC, 0x1185, 0x1A06, 0x2BAD, 0x2C2F, 0x1A88,
 0x0081, 0x0061, 0x1248, 0x23CE, 0x23EF, 0x1A89, 0x11C7, 0x1B2F, 0x2C96, 0x2C13, 0x232D, 0x1B4C, 0x1BB0, 0x1BF3, 0x1BF3, 0x23F0,
 0x232B, 0x1164, 0x0020, 0x0000, 0x0000, 0x0000, 0x0000, 0x0000, 0x0000, 0x0000, 0x0000, 0x0000, 0x0000, 0x0000, 0x0000, 0x0000,
 0x0000, 0x0000, 0x0000, 0x0000, 0x0000, 0x0000, 0x0000, 0x0000, 0x0000, 0x0000, 0x0000, 0x0000, 0x0000, 0x0000, 0x0000, 0x0020,
 0x0000, 0x0000, 0x0000, 0x0020, 0x0060, 0x0040, 0x0020, 0x0041, 0x0061, 0x0020, 0x0000, 0x0000, 0x0000, 0x0000, 0x0000, 0x0000,
 0x0020, 0x0040, 0x0061, 0x0061, 0x0061, 0x0020, 0x0000, 0x0000, 0x0000, 0x0000, 0x0000, 0x0000, 0x0000, 0x0000, 0x0040, 0x0061,
 0x0040, 0x0000, 0x0000, 0x0040, 0x0081, 0x0041, 0x0000, 0x0020, 0x0061, 0x0081, 0x0040, 0x0000, 0x0000, 0x0040, 0x0081, 0x0081,
 0x0040, 0x0020, 0x0061, 0x00A2, 0x0082, 0x0041, 0x0061, 0x0081, 0x0082, 0x0082, 0x0081, 0x0060, 0x0000, 0x0000, 0x0000, 0x0000,
 0x0000, 0x0000, 0x0000, 0x0000, 0x0000, 0x0000, 0x0000, 0x0000, 0x0000, 0x0000, 0x0000, 0x0000, 0x0000, 0x0000, 0x0000, 0x0000,
 0x0000, 0x0000, 0x0000, 0x0000, 0x0000, 0x0000, 0x0000, 0x0000, 0x0000, 0x0000, 0x0000, 0x0000, 0x0000, 0x0000, 0x0000, 0x0000,
 0x0000, 0x0000, 0x0000, 0x0000, 0x0000, 0x0000, 0x0000, 0x0000, 0x0000, 0x0000, 0x0000, 0x0000, 0x0000, 0x0000, 0x0000, 0x0000,
 0x0000, 0x0000, 0x0000, 0x0000, 0x0000, 0x0000, 0x0000, 0x0000, 0x0000, 0x0000, 0x0000, 0x0000, 0x0000, 0x0000, 0x0000, 0x0000,
 0x0000, 0x0000, 0x0000, 0x0000, 0x0000, 0x0000, 0x0000, 0x0000, 0x0000, 0x0000, 0x0000, 0x0000, 0x0000, 0x0000, 0x0000, 0x0000,
 0x0000, 0x0000, 0x0000, 0x0000, 0x0000, 0x0000, 0x0000, 0x0000, 0x0000, 0x0000, 0x0000, 0x0000, 0x0000, 0x0000, 0x0000, 0x0000};

const unsigned short controls[] = {
 0x4D84, 0x4D84, 0x4D84, 0x4D84, 0x4D84, 0x4D84, 0x4D84, 0x4D84, 0x4D84, 0x4D84, 0x4D84, 0x4D84, 0x4D84, 0x4D84, 0x4D84, 0x4D84,
 0x4D84, 0x4D84, 0x4D84, 0x4D84, 0x4D84, 0x4D84, 0x4D84, 0x4D84, 0x4D84, 0x4D84, 0x4D84, 0x4D84, 0x4D84, 0x4D84, 0x4D84, 0x4D84,
 0x4D84, 0x4D84, 0x4D84, 0x4D84, 0x4D84, 0x4D84, 0x4D84, 0x4D84, 0x4D84, 0x4D84, 0x4D84, 0x4D84, 0x4D84, 0x4D84, 0x4D84, 0x4D84,
 0x4D84, 0x4D84, 0x4D84, 0x4D84, 0x4D84, 0x4D84, 0x4D84, 0x4D84, 0x4D84, 0x4D84, 0x4D84, 0x4D84, 0x4D84, 0x4D84, 0x4D84, 0x4D84,
 0x4D84, 0x4D84, 0x4D84, 0x4D84, 0x4D84, 0x4D84, 0x4D84, 0x4D84, 0x4D84, 0x4D84, 0x4D84, 0x4D84, 0x4D84, 0x4D84, 0x4D84, 0x4D84,
 0x4D84, 0x4D84, 0x4D84, 0x4D84, 0x4D84, 0x4D84, 0x4D84, 0x4D84, 0x4D84, 0x4D84, 0x4D84, 0x4D84, 0x4D84, 0x4D84, 0x4D84, 0x4D84,
 0x4D84, 0x4D84, 0x4D84, 0x4D84, 0x4D84, 0x4D84, 0x4D84, 0x4D84, 0x4D84, 0x4D84, 0x4D84, 0x4D84, 0x4D84, 0x4D84, 0x4D84, 0x4D84,
 0x4D84, 0x4D84, 0x4D84, 0x4D84, 0x4D84, 0x4D84, 0x4D84, 0x4D84, 0x4D84, 0x4D84, 0x4D84, 0x4D84, 0x4D84, 0x4D84, 0x4D84, 0x4D84,
 0x4D84, 0x4D84, 0x4D84, 0x4D84, 0x4D84, 0x4D84, 0x4D84, 0x4D84, 0x4D84, 0x4D84, 0x4D84, 0x4D84, 0x4D84, 0x4D84, 0x4D84, 0x4D84,
 0x4D84, 0x4D84, 0x4D84, 0x4D84, 0x4D84, 0x4D84, 0x4D84, 0x4D84, 0x4D84, 0x4D84, 0x4D84, 0x4D84, 0x4D84, 0x4D84, 0x4D84, 0x4D84,
 0x4D84, 0x4D84, 0x4D84, 0x4D84, 0x4D84, 0x4D84, 0x4D84, 0x4D84, 0x4D84, 0x4D84, 0x4D84, 0x4D84, 0x4D84, 0x4D84, 0x4D84, 0x4D84,
 0x4D84, 0x4D84, 0x4D84, 0x4D84, 0x4D84, 0x4D84, 0x4D84, 0x4D84, 0x4D84, 0x4D84, 0x4D84, 0x4D84, 0x4D84, 0x4D84, 0x4D84, 0x4D84,
 0x4D84, 0x4D84, 0x4D84, 0x4D84, 0x4D84, 0x4D84, 0x4D84, 0x4D84, 0x4D84, 0x4D84, 0x4D84, 0x4D84, 0x4D84, 0x4D84, 0x4D84, 0x4D84,
 0x4D84, 0x4D84, 0x4D84, 0x4D84, 0x4D84, 0x4D84, 0x4D84, 0x4D84, 0x4D84, 0x4D84, 0x4D84, 0x4D84, 0x4D84, 0x4D84, 0x4D84, 0x4D84,
 0x4D84, 0x4D84, 0x4D84, 0x4D84, 0x4D84, 0x4D84, 0x4D84, 0x4D84, 0x4D84, 0x4D84, 0x4D84, 0x4D84, 0x4D84, 0x4D84, 0x4D84, 0x4D84,
 0x4D84, 0x4D84, 0x4D84, 0x4D84, 0x4D84, 0x4D84, 0x4D84, 0x4D84, 0x4D84, 0x4D84, 0x4D84, 0x4D84, 0x4D84, 0x4D84, 0x4D84, 0x4D84,
 0x4D84, 0x4D84, 0x4D84, 0x4D84, 0x4D84, 0x4D84, 0x4D84, 0x4D84, 0x4D84, 0x4D84, 0x4D84, 0x4D84, 0x4D84, 0x4D84, 0x4D84, 0x4D84,
 0x4D84, 0x4D84, 0x4D84, 0x4D84, 0x4D84, 0x4D84, 0x4D84, 0x4D84, 0x4D84, 0x4D84, 0x4D84, 0x4D84, 0x4D84, 0x4D84, 0x4D84, 0x4D84,
 0x4D84, 0x4D84, 0x4D84, 0x4D84, 0x4D84, 0x4D84, 0x4D84, 0x4D84, 0x4D84, 0x4D84, 0x4D84, 0x4D84, 0x4D84, 0x4D84, 0x4D84, 0x4D84,
 0x4D84, 0x4D84, 0x4D84, 0x4D84, 0x4D84, 0x4D84, 0x4D84, 0x4D84, 0x4D84, 0x4D84, 0x4D84, 0x4D84, 0x4D84, 0x4D84, 0x4D84, 0x4D84,
 0x4D84, 0x4D84, 0x4D84, 0x4D84, 0x4D84, 0x4D84, 0x4D84, 0x4D84, 0x4D84, 0x4D84, 0x4D84, 0x4D84, 0x4D84, 0x4D84, 0x4D84, 0x4D84,
 0x4D84, 0x4D84, 0x4D84, 0x4D84, 0x4D84, 0x4D84, 0x4D84, 0x4D84, 0x4D84, 0x4D84, 0x4D84, 0x4D84, 0x4D84, 0x4D84, 0x4D84, 0x4D84,
 0x4D84, 0x4D84, 0x4D84, 0x4D84, 0x4D84, 0x4D84, 0x4D84, 0x4D84, 0x4D84, 0x4D84, 0x4D84, 0x4D84, 0x4D84, 0x4D84, 0x4D84, 0x4D84,
 0x4D84, 0x4D84, 0x4D84, 0x4D84, 0x4D84, 0x4D84, 0x4D84, 0x4D84, 0x4D84, 0x4D84, 0x4D84, 0x4D84, 0x4D84, 0x4D84, 0x4D84, 0x4D84,
 0x4D84, 0x4D84, 0x4D84, 0x4D84, 0x4D84, 0x4D84, 0x4D84, 0x4D84, 0x4D84, 0x4D84, 0x4D84, 0x4D84, 0x4D84, 0x4D84, 0x4D84, 0x4D84,
 0x4D84, 0x4D84, 0x4D84, 0x4D84, 0x4D84, 0x4D84, 0x4D84, 0x4D84, 0x4D84, 0x4D84, 0x4D84, 0x4D84, 0x4D84, 0x4D84, 0x4D84, 0x4D84,
 0x4D84, 0x4D84, 0x4D84, 0x4D84, 0x4D84, 0x4D84, 0x4D84, 0x4D84, 0x4D84, 0x4D84, 0x4D84, 0x4D84, 0x4D84, 0x4D84, 0x4D84, 0x4D84,
 0x4D84, 0x4D84, 0x4D84, 0x4D84, 0x4D84, 0x4D84, 0x4D84, 0x4D84, 0x4D84, 0x4D84, 0x4D84, 0x4D84, 0x4D84, 0x4D84, 0x4D84, 0x4D84,
 0x4D84, 0x4D84, 0x4D84, 0x4D84, 0x4D84, 0x4D84, 0x4D84, 0x4D84, 0x4D84, 0x4D84, 0x4D84, 0x4D84, 0x4D84, 0x4D84, 0x4D84, 0x4D84,
 0x4D84, 0x4D84, 0x4D84, 0x4D84, 0x4D84, 0x4D84, 0x4D84, 0x4D84, 0x4D84, 0x4D84, 0x4D84, 0x4D84, 0x4D84, 0x4D84, 0x4D84, 0x4D84,
 0x4D84, 0x4D84, 0x4D84, 0x4D84, 0x4D84, 0x4D84, 0x4D84, 0x4D84, 0x4D84, 0x4D84, 0x4D84, 0x4D84, 0x4D84, 0x4D84, 0x4D84, 0x4D84,
 0x4D84, 0x4D84, 0x4D84, 0x4D84, 0x4D84, 0x4D84, 0x4D84, 0x4D84, 0x4D84, 0x4D84, 0x4D84, 0x4D84, 0x4D84, 0x4D84, 0x4D84, 0x4D84,
 0x4D84, 0x4D84, 0x4D84, 0x4D84, 0x4D84, 0x4D84, 0x4D84, 0x4D84, 0x4D84, 0x4D84, 0x4D84, 0x4D84, 0x4D84, 0x4D84, 0x4D84, 0x4D84,
 0x4D84, 0x4D84, 0x4D84, 0x4D84, 0x4D84, 0x4D84, 0x4D84, 0x4D84, 0x4D84, 0x4D84, 0x4D84, 0x4D84, 0x4D84, 0x4D84, 0x4D84, 0x4D84,
 0x4D84, 0x4D84, 0x4D84, 0x4D84, 0x4D84, 0x4D84, 0x4D84, 0x4D84, 0x4D84, 0x4D84, 0x4D84, 0x4D84, 0x4D84, 0x4D84, 0x4D84, 0x4D84,
 0x4D84, 0x4D84, 0x4D84, 0x4D84, 0x4D84, 0x4D84, 0x4D84, 0x4D84, 0x4D84, 0x4D84, 0x4D84, 0x4D84, 0x4D84, 0x4D84, 0x4D84, 0x4D84,
 0x4D84, 0x4D84, 0x4D84, 0x4D84, 0x4D84, 0x4D84, 0x4D84, 0x4D84, 0x4D84, 0x4D84, 0x4D84, 0x4D84, 0x4D84, 0x4D84, 0x4D84, 0x4D84,
 0x4D84, 0x4D84, 0x4D84, 0x4D84, 0x4D84, 0x4D84, 0x4D84, 0x4D84, 0x4D84, 0x4D84, 0x4D84, 0x4D84, 0x4D84, 0x4D84, 0x4D84, 0x4D84,
 0x4D84, 0x4D84, 0x4D84, 0x4D84, 0x4D84, 0x4D84, 0x4D84, 0x4D84, 0x4D84, 0x4D84, 0x4D84, 0x4D84, 0x4D84, 0x4D84, 0x4D84, 0x4D84,
 0x4D84, 0x4D84, 0x4D84, 0x4D84, 0x4D84, 0x4D84, 0x4D84, 0x4D84, 0x4D84, 0x4D84, 0x4D84, 0x4D84, 0x4D84, 0x4D84, 0x4D84, 0x4D84,
 0x4D84, 0x4D84, 0x4D84, 0x4D84, 0x4D84, 0x4D84, 0x4D84, 0x4D84, 0x4D84, 0x4D84, 0x4D84, 0x4D84, 0x4D84, 0x4D84, 0x4D84, 0x4D84,
 0x4D84, 0x4D84, 0x4D84, 0x4D84, 0x4D84, 0x4D84, 0x4D84, 0x4D84, 0x4D84, 0x4D84, 0x4D84, 0x4D84, 0x4D84, 0x4D84, 0x4D84, 0x4D84,
 0x4D84, 0x4D84, 0x4D84, 0x4D84, 0x4D84, 0x4D84, 0x4D84, 0x4D84, 0x4D84, 0x4D84, 0x4D84, 0x4D84, 0x4D84, 0x4D84, 0x4D84, 0x4D84,
 0x4D84, 0x4D84, 0x4D84, 0x4D84, 0x4D84, 0x4D84, 0x4D84, 0x4D84, 0x4D84, 0x4D84, 0x4D84, 0x4D84, 0x4D84, 0x4D84, 0x4D84, 0x4D84,
 0x4D84, 0x4D84, 0x4D84, 0x4D84, 0x4D84, 0x4D84, 0x4D84, 0x4D84, 0x4D84, 0x4D84, 0x4D84, 0x4D84, 0x4D84, 0x4D84, 0x4D84, 0x4D84,
 0x4D84, 0x4D84, 0x4D84, 0x4D84, 0x4D84, 0x4D84, 0x4D84, 0x4D84, 0x4D84, 0x4D84, 0x4D84, 0x4D84, 0x4D84, 0x4D84, 0x4D84, 0x4D84,
 0x4D84, 0x4D84, 0x4D84, 0x4D84, 0x4D84, 0x4D84, 0x4D84, 0x4D84, 0x4D84, 0x4D84, 0x4D84, 0x4D84, 0x4D84, 0x4D84, 0x4D84, 0x4D84,
 0x4D84, 0x4D84, 0x4D84, 0x4D84, 0x4D84, 0x4D84, 0x4D84, 0x4D84, 0x4D84, 0x4D84, 0x4D84, 0x4D84, 0x4D84, 0x4D84, 0x4D84, 0x4D84,
 0x4D84, 0x4D84, 0x4D84, 0x4D84, 0x4D84, 0x4D84, 0x4D84, 0x4D84, 0x4D84, 0x4D84, 0x4D84, 0x4D84, 0x4D84, 0x4D84, 0x4D84, 0x4D84,
 0x4D84, 0x4D84, 0x4D84, 0x4D84, 0x4D84, 0x4D84, 0x4D84, 0x4D84, 0x4D84, 0x4D84, 0x4D84, 0x4D84, 0x4D84, 0x4D84, 0x4D84, 0x4D84,
 0x4D84, 0x4D84, 0x4D84, 0x4D84, 0x4D84, 0x4D84, 0x4D84, 0x4D84, 0x4D84, 0x4D84, 0x4D84, 0x4D84, 0x4D84, 0x4D84, 0x4D84, 0x4D84,
 0x4D84, 0x4D84, 0x4D84, 0x4D84, 0x4D84, 0x4D84, 0x4D84, 0x4D84, 0x4D84, 0x4D84, 0x4D84, 0x4D84, 0x4D84, 0x4D84, 0x4D84, 0x4D84,
 0x4D84, 0x4D84, 0x4D84, 0x4D84, 0x4D84, 0x4D84, 0x4D84, 0x4D84, 0x4D84, 0x4D84, 0x4D84, 0x4D84, 0x4D84, 0x4D84, 0x4D84, 0x4D84,
 0x4D84, 0x4D84, 0x4D84, 0x4D84, 0x4D84, 0x4D84, 0x4D84, 0x4D84, 0x4D84, 0x4D84, 0x4D84, 0x4D84, 0x4D84, 0x4D84, 0x4D84, 0x4D84,
 0x4D84, 0x4D84, 0x4D84, 0x4D84, 0x4D84, 0x4D84, 0x4D84, 0x4D84, 0x4D84, 0x4D84, 0x4D84, 0x4D84, 0x4D84, 0x4D84, 0x4D84, 0x4D84,
 0x4D84, 0x4D84, 0x4D84, 0x4D84, 0x4D84, 0x4D84, 0x4D84, 0x4D84, 0x4D84, 0x4D84, 0x4D84, 0x4D84, 0x4D84, 0x4D84, 0x4D84, 0x4D84,
 0x4D84, 0x4D84, 0x4D84, 0x4D84, 0x4D84, 0x4D84, 0x4D84, 0x4D84, 0x4D84, 0x4D84, 0x4D84, 0x4D84, 0x4D84, 0x4D84, 0x4D84, 0x4D84,
 0x4D84, 0x4D84, 0x4D84, 0x4D84, 0x4D84, 0x4D84, 0x4D84, 0x4D84, 0x4D84, 0x4D84, 0x4D84, 0x4D84, 0x4D84, 0x4D84, 0x4D84, 0x4D84,
 0x4D84, 0x4D84, 0x4D84, 0x4D84, 0x4D84, 0x4D84, 0x4D84, 0x4D84, 0x4D84, 0x4D84, 0x4D84, 0x4D84, 0x4D84, 0x4D84, 0x4D84, 0x4D84,
 0x4D84, 0x4D84, 0x4D84, 0x4D84, 0x4D84, 0x4D84, 0x4D84, 0x4D84, 0x4D84, 0x4D84, 0x4D84, 0x4D84, 0x4D84, 0x4D84, 0x4D84, 0x4D84,
 0x4D84, 0x4D84, 0x4D84, 0x4D84, 0x4D84, 0x4D84, 0x4D84, 0x4D83, 0x45A3, 0x4583, 0x4582, 0x4582, 0x4582, 0x4582, 0x4582, 0x4583,
 0x4DA3, 0x4583, 0x4D84, 0x4D84, 0x4D84, 0x4D84, 0x4D84, 0x4D84, 0x4D84, 0x4D84, 0x4D84, 0x4D84, 0x4D84, 0x4D84, 0x4D84, 0x4D84,
 0x4D84, 0x4D84, 0x4D84, 0x4D84, 0x4D84, 0x4D84, 0x4D84, 0x4D84, 0x4D84, 0x4D84, 0x4D84, 0x4D84, 0x4D84, 0x4D84, 0x4D84, 0x4D84,
 0x4D84, 0x4D84, 0x4D84, 0x4D84, 0x4D84, 0x4D84, 0x4D84, 0x4D84, 0x4D84, 0x4D84, 0x4D84, 0x4D84, 0x4D84, 0x4D84, 0x4D84, 0x4D84,
 0x4D84, 0x4D84, 0x4D84, 0x4D84, 0x4D84, 0x4D84, 0x4D84, 0x4D84, 0x4D84, 0x4D84, 0x4D84, 0x4D84, 0x4D84, 0x4D84, 0x4D84, 0x4D84,
 0x4D84, 0x4D84, 0x4D84, 0x4D84, 0x4D84, 0x4D84, 0x4D84, 0x4D84, 0x4D84, 0x4D84, 0x4D84, 0x4D84, 0x4D84, 0x4D84, 0x4D84, 0x4D84,
 0x4D84, 0x4583, 0x4DA3, 0x4583, 0x4582, 0x4582, 0x4582, 0x4582, 0x4582, 0x4583, 0x45A3, 0x4583, 0x4D84, 0x4D84, 0x4D84, 0x4D84,
 0x4D84, 0x4D84, 0x4D84, 0x4D84, 0x4D84, 0x4D84, 0x4D84, 0x4D84, 0x4D84, 0x4D84, 0x4D84, 0x4D84, 0x4D84, 0x4D84, 0x4D83, 0x5D87,
 0x6549, 0x6D69, 0x75AA, 0x6DAA, 0x75AA, 0x6DAA, 0x6DAA, 0x6DAA, 0x6548, 0x6D8A, 0x5585, 0x4D83, 0x4D84, 0x4D84, 0x4D84, 0x4D84,
 0x4D84, 0x4D84, 0x4D84, 0x4D84, 0x4DA4, 0x55A4, 0x4D84, 0x4D83, 0x4D83, 0x4D83, 0x4D83, 0x4D83, 0x4DA4, 0x55A4, 0x4D84, 0x4D84,
 0x4D84, 0x4D84, 0x4D84, 0x4D84, 0x4D84, 0x4D84, 0x4D84, 0x4D84, 0x4D84, 0x4D84, 0x4D84, 0x4D84, 0x4D84, 0x4D84, 0x4D84, 0x4D84,
 0x4D84, 0x4D84, 0x4D84, 0x4D84, 0x4D84, 0x4D84, 0x4D84, 0x4D84, 0x4D84, 0x4D84, 0x4D84, 0x4D84, 0x4D84, 0x4D84, 0x4D84, 0x4D84,
 0x4D84, 0x4D84, 0x4D84, 0x4D84, 0x4D84, 0x4D83, 0x45A3, 0x4583, 0x4582, 0x4582, 0x4582, 0x4582, 0x4582, 0x4582, 0x4DA3, 0x4583,
 0x4D83, 0x4D84, 0x4D84, 0x4D84, 0x4D84, 0x4D84, 0x4D84, 0x4D84, 0x4D84, 0x6589, 0x6528, 0x6D8A, 0x6DAA, 0x6DAA, 0x75AA, 0x6DAA,
 0x75AA, 0x6D69, 0x6549, 0x6DA9, 0x4D84, 0x4D84, 0x4D84, 0x4D84, 0x4D84, 0x4D84, 0x4D84, 0x4D84, 0x4D84, 0x4D84, 0x4D84, 0x4D84,
 0x4D84, 0x4D84, 0x4D84, 0x4D84, 0x4D84, 0x4D84, 0x4DA3, 0x6CCB, 0x5A8C, 0x7B8F, 0xCE39, 0xCE39, 0xC619, 0xCE19, 0xCE5A, 0x9473,
 0x524A, 0x8C12, 0x6DA9, 0x4583, 0x4D84, 0x4D84, 0x4D84, 0x4D84, 0x4D84, 0x4D84, 0x4D83, 0x55A5, 0x7CAE, 0x6BCC, 0x9D72, 0xADF4,
 0xADF4, 0xADF4, 0xADF4, 0xADD4, 0x7C6E, 0x740D, 0x8D8F, 0x4D83, 0x4D84, 0x4D84, 0x4D84, 0x4D84, 0x4D84, 0x4D84, 0x4D84, 0x4D84,
 0x4D84, 0x4D84, 0x4D84, 0x4D84, 0x4D84, 0x4D84, 0x4D84, 0x4D84, 0x4D84, 0x4D84, 0x4D84, 0x4D84, 0x4D84, 0x4D84, 0x4D84, 0x4D84,
 0x4D84, 0x4D84, 0x4D84, 0x4D84, 0x4D84, 0x4D84, 0x4D84, 0x4D84, 0x4D84, 0x4D84, 0x4D84, 0x4D84, 0x4D83, 0x6587, 0x6D29, 0x6D6A,
 0x75AB, 0x75AB, 0x75AB, 0x75AB, 0x75AB, 0x75AB, 0x6529, 0x758B, 0x5586, 0x4D83, 0x4D84, 0x4D84, 0x4D84, 0x4D84, 0x4D84, 0x4D84,
 0x55A4, 0x73EE, 0x524B, 0x9CB3, 0xD65A, 0xCE19, 0xC619, 0xCE39, 0xC619, 0x736E, 0x5A8C, 0x94F1, 0x55A4, 0x4D84, 0x4D84, 0x4D84,
 0x4D84, 0x4D84, 0x4D84, 0x4D84, 0x4D84, 0x4D84, 0x4D84, 0x4D84, 0x4D84, 0x4D84, 0x4D84, 0x4D84, 0x4D84, 0x4D84, 0x4DA3, 0x64AA,
 0x4A09, 0x6B4D, 0xC618, 0x9CD3, 0x8430, 0x9492, 0xBDF7, 0x8C51, 0x39E7, 0x7BAF, 0x6DA9, 0x4583, 0x4D84, 0x4D84, 0x4D84, 0x4D84,
 0x4D84, 0x4D84, 0x4D84, 0x5585, 0x5B0B, 0x3987, 0x9CB3, 0xCE5A, 0xBD97, 0xB576, 0xC618, 0xBDD8, 0x4A4A, 0x41E9, 0x84EF, 0x4DA4,
 0x4D84, 0x4D84, 0x4D84, 0x4D84, 0x4D84, 0x4D84, 0x4DA3, 0x4DA3, 0x4DA3, 0x4DA3, 0x4DA3, 0x4DA3, 0x4DA3, 0x4DA3, 0x4DA3, 0x4DA3,
 0x45A3, 0x4DA3, 0x55E4, 0x55E4, 0x4DE4, 0x45A3, 0x4DA3, 0x4DA3, 0x4DA3, 0x4DA3, 0x4DA3, 0x4DA3, 0x4DA3, 0x4DA3, 0x4DA3, 0x4DA3,
 0x4D84, 0x4D84, 0x4D84, 0x4D84, 0x45A3, 0x6CEB, 0x5A6C, 0x734E, 0xCE19, 0xCE39, 0xCE19, 0xCE19, 0xD65A, 0x9C93, 0x4A2A, 0x8BF1,
 0x6DAA, 0x4583, 0x4D84, 0x4D84, 0x4D84, 0x4D84, 0x4D84, 0x4D84, 0x55A4, 0x63AC, 0x41E8, 0x9492, 0xBDD7, 0x9492, 0x8430, 0x9CF3,
 0xBDF7, 0x630C, 0x4A29, 0x8CD0, 0x55A4, 0x4D84, 0x4D84, 0x4D84, 0x4D84, 0x4D84, 0x4D84, 0x4D84, 0x4D84, 0x4D84, 0x4D84, 0x4D84,
 0x4D84, 0x4D84, 0x4D84, 0x4D84, 0x4D84, 0x4D84, 0x4582, 0x85AE, 0xB556, 0xB596, 0x8410, 0x4208, 0x31A6, 0x39C7, 0x632C, 0xAD75,
 0xAD55, 0xBDB7, 0x6588, 0x4583, 0x4D84, 0x4D84, 0x4D84, 0x4D84, 0x4D84, 0x4D84, 0x4D83, 0x55A5, 0x8C90, 0x738E, 0xAD75, 0x8C51,
 0x5ACB, 0x52AA, 0x738E, 0xAD55, 0x8C51, 0x83D0, 0x9591, 0x4D83, 0x4D84, 0x4D84, 0x4D84, 0x4D84, 0x4D84, 0x4D84, 0x5D08, 0x64C9,
 0x64C9, 0x64C9, 0x64C9, 0x64C9, 0x64C9, 0x64C9, 0x64C9, 0x64C9, 0x64E9, 0x5C88, 0x2B22, 0x2B02, 0x3BA4, 0x64E9, 0x64C9, 0x64C9,
 0x64C9, 0x64C9, 0x64C9, 0x64C9, 0x64C9, 0x64C9, 0x64C9, 0x5CE8, 0x4D84, 0x4D84, 0x4D84, 0x4D84, 0x4DA3, 0x64CA, 0x524A, 0x632C,
 0xBDF7, 0x9CD3, 0x8410, 0x8C71, 0xBDD7, 0x8C71, 0x4208, 0x7BAF, 0x6DA9, 0x4583, 0x4D84, 0x4D84, 0x4D84, 0x4D84, 0x4D84, 0x4D84,
 0x4D84, 0xA5B3, 0xAD56, 0xAD75, 0x630C, 0x39C7, 0x31A6, 0x4208, 0x8410, 0xB5B6, 0xAD56, 0xADD4, 0x4D84, 0x4D84, 0x4D84, 0x4D84,
 0x4D84, 0x4D84, 0x4D84, 0x4D84, 0x4D84, 0x4D84, 0x4D84, 0x4D84, 0x4D84, 0x4D84, 0x4D84, 0x4D84, 0x4D84, 0x4D84, 0x4582, 0x8DCE,
 0xD65A, 0xA534, 0x39C7, 0x2965, 0x3186, 0x2965, 0x2965, 0x8410, 0xCE79, 0xC5F8, 0x6588, 0x4583, 0x4D84, 0x4D84, 0x4D84, 0x4D84,
 0x4D84, 0x4D84, 0x4D83, 0x5585, 0xBE16, 0xCE59, 0x8C71, 0x31A6, 0x2965, 0x2965, 0x2965, 0x632C, 0xC618, 0xCE5A, 0x9DD2, 0x4583,
 0x4D84, 0x4D84, 0x4D84, 0x4D84, 0x4D84, 0x4D83, 0x744D, 0x83D1, 0x83D0, 0x83D0, 0x83D0, 0x83D0, 0x83D0, 0x83D0, 0x83D0, 0x83D0,
 0x8C11, 0x734E, 0x0000, 0x0000, 0x20E4, 0x8C31, 0x83D0, 0x83D0, 0x83D0, 0x83D0, 0x83D0, 0x83D0, 0x83D0, 0x83D0, 0x83D1, 0x7C0F,
 0x4D84, 0x4D84, 0x4D84, 0x4D84, 0x4582, 0x85AD, 0xB577, 0xB5B6, 0x8410, 0x39E7, 0x31A6, 0x31A6, 0x5AEB, 0xAD75, 0xAD75, 0xBDD7,
 0x6D89, 0x4583, 0x4D84, 0x4D84, 0x4D84, 0x4D84, 0x4D84, 0x4D84, 0x4D84, 0xADF5, 0xCE5A, 0x7BEF, 0x2965, 0x2965, 0x3186, 0x2945,
 0x39E7, 0xAD55, 0xCE5A, 0xADD4, 0x4D84, 0x4D84, 0x4D84, 0x4D84, 0x4D84, 0x4D84, 0x4D84, 0x4D84, 0x4D84, 0x4D84, 0x4D84, 0x4D84,
 0x4D84, 0x4D84, 0x4D84, 0x4D84, 0x4D84, 0x4D84, 0x4582, 0x85AE, 0xD65A, 0x8430, 0x2945, 0x3186, 0x3186, 0x3186, 0x2945, 0x5ACB,
 0xC618, 0xC5F8, 0x6588, 0x4583, 0x4D84, 0x4D84, 0x4D84, 0x4D84, 0x4D84, 0x4D84, 0x4D83, 0x5585, 0xB5F6, 0xC618, 0x5ACB, 0x2945,
 0x3186, 0x3186, 0x2965, 0x31A6, 0x9CF3, 0xCE3A, 0x9DB2, 0x4583, 0x4D84, 0x4D84, 0x4D84, 0x4D84, 0x4D84, 0x4D83, 0x744D, 0x83F0,
 0x7BEF, 0x7BEF, 0x7BEF, 0x7BEF, 0x7BEF, 0x7BEF, 0x7BEF, 0x7BEF, 0x8430, 0x6B6D, 0x0000, 0x0000, 0x2124, 0x8430, 0x7BEF, 0x7BEF,
 0x7BEF, 0x7BEF, 0x7BEF, 0x7BEF, 0x7BEF, 0x7BEF, 0x83F0, 0x7C2E, 0x4D84, 0x4D84, 0x4D84, 0x4D84, 0x4582, 0x85AD, 0xD65A, 0xAD55,
 0x39E7, 0x2965, 0x3186, 0x2965, 0x2945, 0x7BEF, 0xCE59, 0xC5F8, 0x6589, 0x4583, 0x4D84, 0x4D84, 0x4D84, 0x4D84, 0x4D84, 0x4D84,
 0x4D84, 0xADF5, 0xC619, 0x5ACB, 0x2945, 0x3186, 0x3186, 0x3186, 0x2965, 0x8C51, 0xCE59, 0xADD4, 0x4D84, 0x4D84, 0x4D84, 0x4D84,
 0x4D84, 0x4D84, 0x4D84, 0x4D84, 0x4D84, 0x4D84, 0x4D84, 0x4D84, 0x4D84, 0x4D84, 0x4D84, 0x4D84, 0x4D84, 0x4D84, 0x4582, 0x85AE,
 0xD65A, 0x8430, 0x2945, 0x3186, 0x3186, 0x3186, 0x2945, 0x5ACB, 0xC618, 0xC5F8, 0x6588, 0x4583, 0x4D84, 0x4D84, 0x4D84, 0x4D84,
 0x4D84, 0x4D84, 0x4D83, 0x5585, 0xBE16, 0xBDD7, 0x4A49, 0x2965, 0x3186, 0x3186, 0x3186, 0x2965, 0x9492, 0xCE5A, 0x9DB2, 0x4583,
 0x4D84, 0x4D84, 0x4D84, 0x4D84, 0x4D84, 0x4D83, 0x744D, 0x83F0, 0x7BEF, 0x7BEF, 0x7BEF, 0x7BEF, 0x7BEF, 0x7BEF, 0x7BEF, 0x7BEF,
 0x8430, 0x6B6D, 0x0000, 0x0000, 0x2124, 0x8430, 0x7BEF, 0x7BEF, 0x7BEF, 0x7BEF, 0x7BEF, 0x7BEF, 0x7BEF, 0x7BEF, 0x83F0, 0x7C2E,
 0x4D84, 0x4D84, 0x4D84, 0x4D84, 0x4582, 0x85AD, 0xD65A, 0x8C51, 0x2965, 0x3186, 0x3186, 0x3186, 0x2945, 0x52AA, 0xC618, 0xC5F8,
 0x6589, 0x4583, 0x4D84, 0x4D84, 0x4D84, 0x4D84, 0x4D84, 0x4D84, 0x4D84, 0xADF5, 0xC619, 0x5ACB, 0x2945, 0x3186, 0x3186, 0x3186,
 0x2945, 0x8430, 0xCE59, 0xADD4, 0x4D84, 0x4D84, 0x4D84, 0x4D84, 0x4D84, 0x4D84, 0x4D84, 0x4D84, 0x4D84, 0x4D84, 0x4D84, 0x4D84,
 0x4D84, 0x4D84, 0x4D84, 0x4D84, 0x4D84, 0x4D84, 0x4582, 0x85AE, 0xD65A, 0xA534, 0x39C7, 0x2965, 0x3186, 0x3186, 0x2945, 0x8410,
 0xCE59, 0xC5F8, 0x6588, 0x4583, 0x4D84, 0x4D84, 0x4D84, 0x4D84, 0x4D84, 0x4D84, 0x4D83, 0x5585, 0xB5F6, 0xC618, 0x52AA, 0x2945,
 0x3186, 0x3186, 0x2965, 0x3186, 0xA514, 0xCE39, 0x9DB2, 0x4583, 0x4D84, 0x4D84, 0x4D84, 0x4D84, 0x4D84, 0x4D83, 0x744D, 0x83D1,
 0x83F0, 0x83F0, 0x83F0, 0x83F0, 0x83F0, 0x83F0, 0x83F0, 0x83F0, 0x8411, 0x736E, 0x0000, 0x0000, 0x2925, 0x8C31, 0x83F0, 0x83F0,
 0x83F0, 0x83F0, 0x83F0, 0x83F0, 0x83F0, 0x83F0, 0x83D1, 0x7C0E, 0x4D84, 0x4D84, 0x4D84, 0x4D84, 0x4582, 0x85AD, 0xD65A, 0x8C51,
 0x2945, 0x3186, 0x3186, 0x3186, 0x2945, 0x52AA, 0xC618, 0xC5F8, 0x6589, 0x4583, 0x4D84, 0x4D84, 0x4D84, 0x4D84, 0x4D84, 0x4D84,
 0x4D84, 0xADF5, 0xCE5A, 0x7BEF, 0x2945, 0x3186, 0x3186, 0x2945, 0x39C7, 0xAD55, 0xCE59, 0xADD4, 0x4D84, 0x4D84, 0x4D84, 0x4D84,
 0x4D84, 0x4D84, 0x4D84, 0x4D84, 0x4D84, 0x4D84, 0x4D84, 0x4D84, 0x4D84, 0x4D84, 0x4D84, 0x4D84, 0x4D84, 0x4D84, 0x4582, 0x8DCE,
 0xBDB8, 0xC618, 0x8430, 0x31A6, 0x2965, 0x3186, 0x632C, 0xBDF7, 0xB5B6, 0xC5F8, 0x6588, 0x4583, 0x4D84, 0x4D84, 0x4D84, 0x4D84,
 0x4D84, 0x4D84, 0x4D83, 0x5585, 0xBE16, 0xD67A, 0x9CD3, 0x3186, 0x2945, 0x2945, 0x2124, 0x632C, 0xC638, 0xCE5A, 0x9DD2, 0x4583,
 0x4D84, 0x4D84, 0x4D84, 0x4D84, 0x4D84, 0x4D83, 0x6C8B, 0x742E, 0x744D, 0x744D, 0x744D, 0x744D, 0x744D, 0x744D, 0x744D, 0x744D,
 0x7C6E, 0x63AB, 0x0000, 0x0000, 0x2104, 0x7C8E, 0x744D, 0x744D, 0x744D, 0x744D, 0x744D, 0x744D, 0x744D, 0x744D, 0x744D, 0x6C6C,
 0x4D84, 0x4D84, 0x4D84, 0x4D84, 0x4582, 0x85AD, 0xD65A, 0xAD75, 0x39E7, 0x2945, 0x3186, 0x2965, 0x2945, 0x8410, 0xCE59, 0xC5F8,
 0x6589, 0x4583, 0x4D84, 0x4D84, 0x4D84, 0x4D84, 0x4D84, 0x4D84, 0x4D84, 0xADD4, 0xBDB7, 0xBDD7, 0x630C, 0x2965, 0x2965, 0x39C7,
 0x8C51, 0xC618, 0xBDB7, 0xADD4, 0x4D84, 0x4D84, 0x4D84, 0x4D84, 0x4D84, 0x4D84, 0x4D84, 0x4D84, 0x4D84, 0x4D84, 0x4D84, 0x4D84,
 0x4D84, 0x4D84, 0x4D84, 0x4D84, 0x4D84, 0x4D84, 0x4DA3, 0x6CEB, 0x5A8B, 0x73AE, 0xC638, 0xAD55, 0x8C71, 0x9CF3, 0xC638, 0x9492,
 0x4A49, 0x8C31, 0x6DA9, 0x4583, 0x4D84, 0x4D84, 0x4D84, 0x4D84, 0x4D84, 0x4D84, 0x4D83, 0x55A5, 0x94F2, 0x8410, 0xBDD7, 0x94B2,
 0x5ACB, 0x528A, 0x7BCF, 0xBDD7, 0x94B2, 0x8C52, 0x9DB2, 0x4D83, 0x4D84, 0x4D84, 0x4D84, 0x4D84, 0x4D84, 0x4D84, 0x4D84, 0x4D84,
 0x4D84, 0x4D84, 0x4D84, 0x4D84, 0x4D84, 0x4D84, 0x4D84, 0x4D84, 0x4DA4, 0x4D43, 0x33E3, 0x33E3, 0x3C63, 0x4DA4, 0x4D84, 0x4D84,
 0x4D84, 0x4D84, 0x4D84, 0x4D84, 0x4D84, 0x4D84, 0x4D84, 0x4D84, 0x4D84, 0x4D84, 0x4D84, 0x4D84, 0x4582, 0x85CD, 0xBD97, 0xBDF7,
 0x8C71, 0x39E7, 0x2965, 0x3186, 0x632C, 0xBDD7, 0xB596, 0xC5F8, 0x6D89, 0x4583, 0x4D84, 0x4D84, 0x4D84, 0x4D84, 0x4D84, 0x4D84,
 0x55A4, 0x740D, 0x524A, 0x9CD3, 0xC638, 0x9CD3, 0x8C71, 0xAD75, 0xC618, 0x6B6D, 0x5AAB, 0x9511, 0x55A4, 0x4D84, 0x4D84, 0x4D84,
 0x4D84, 0x4D84, 0x4D84, 0x4D84, 0x4D84, 0x4D84, 0x4D84, 0x4D84, 0x4D84, 0x4D84, 0x4D84, 0x4D84, 0x4D84, 0x4D84, 0x4DA3, 0x6CAB,
 0x51EA, 0x6B2D, 0xCE19, 0xCE3A, 0xCE5A, 0xCE3A, 0xD65A, 0x8C31, 0x41C8, 0x83B0, 0x6DC9, 0x4583, 0x4D84, 0x4D84, 0x4D84, 0x4D84,
 0x4D84, 0x4D84, 0x4D84, 0x5585, 0x5B0B, 0x3186, 0x94B2, 0xD67A, 0xC618, 0xC5F8, 0xCE59, 0xBDD7, 0x4A49, 0x41E9, 0x84EF, 0x4DA4,
 0x4D84, 0x4D84, 0x4D84, 0x4D84, 0x4D84, 0x4D84, 0x4D84, 0x4D84, 0x4D84, 0x4D84, 0x4D84, 0x4D84, 0x4D84, 0x4D84, 0x4D84, 0x4D84,
 0x4D84, 0x4D84, 0x55E4, 0x55E4, 0x4DC4, 0x4D84, 0x4D84, 0x4D84, 0x4D84, 0x4D84, 0x4D84, 0x4D84, 0x4D84, 0x4D84, 0x4D84, 0x4D84,
 0x4D84, 0x4D84, 0x4D84, 0x4D84, 0x4DA3, 0x6CEA, 0x5A8B, 0x6B6D, 0xC638, 0xAD75, 0x9492, 0xA514, 0xC638, 0x94B2, 0x4A49, 0x83F0,
 0x6DA9, 0x4583, 0x4D84, 0x4D84, 0x4D84, 0x4D84, 0x4D84, 0x4D84, 0x55A5, 0x6BAC, 0x41C9, 0x9472, 0xD65A, 0xCE3A, 0xCE5A, 0xCE3A,
 0xC5F9, 0x62ED, 0x4A0A, 0x8CD1, 0x55A4, 0x4D84, 0x4D84, 0x4D84, 0x4D84, 0x4D84, 0x4D84, 0x4D84, 0x4D84, 0x4D84, 0x4D84, 0x4D84,
 0x4D84, 0x4D84, 0x4D84, 0x4D84, 0x4D84, 0x4D84, 0x4583, 0x758A, 0x7CCE, 0x852F, 0x9DD1, 0x95D1, 0x9DD1, 0x95D1, 0x9DD1, 0x9590,
 0x74AD, 0x9570, 0x5DA7, 0x4D83, 0x4D84, 0x4D84, 0x4D84, 0x4D84, 0x4D84, 0x4D84, 0x4D83, 0x55A5, 0x8450, 0x6B2D, 0xAD55, 0xC618,
 0xC5F8, 0xC5F8, 0xC5F8, 0xBDF8, 0x7BEF, 0x7B8F, 0x9D91, 0x4D83, 0x4D84, 0x4D84, 0x4D84, 0x4D84, 0x4D84, 0x4D84, 0x4D84, 0x4D84,
 0x4D84, 0x4D84, 0x4D84, 0x4D84, 0x4D84, 0x4D84, 0x4D84, 0x4D84, 0x4D84, 0x4D84, 0x4D84, 0x4D84, 0x4D84, 0x4D84, 0x4D84, 0x4D84,
 0x4D84, 0x4D84, 0x4D84, 0x4D84, 0x4D84, 0x4D84, 0x4D84, 0x4D84, 0x4D84, 0x4D84, 0x4D84, 0x4D84, 0x4DA3, 0x6CCA, 0x522B, 0x6B0D,
 0xCE19, 0xCE3A, 0xD65A, 0xCE3A, 0xD65A, 0x9452, 0x41C8, 0x83B1, 0x6DCA, 0x4583, 0x4D84, 0x4D84, 0x4D84, 0x4D84, 0x4D84, 0x4D84,
 0x4D84, 0x856D, 0x7CAD, 0x9590, 0x9DD1, 0x95D1, 0x9DD1, 0x9DD1, 0x9DD1, 0x852F, 0x7CCE, 0x8DAF, 0x4D84, 0x4D84, 0x4D84, 0x4D84,
 0x4D84, 0x4D84, 0x4D84, 0x4D84, 0x4D84, 0x4D84, 0x4D84, 0x4D84, 0x4D84, 0x4D84, 0x4D84, 0x4D84, 0x4D84, 0x4D84, 0x4D84, 0x4D83,
 0x4DA3, 0x4DA3, 0x4583, 0x4583, 0x4583, 0x4583, 0x4583, 0x4583, 0x4DA3, 0x4583, 0x4D84, 0x4D84, 0x4D84, 0x4D84, 0x4D84, 0x4D84,
 0x4D84, 0x4D84, 0x4D84, 0x4D84, 0x65A7, 0x65A8, 0x65A8, 0x5D87, 0x6587, 0x6587, 0x5D87, 0x6587, 0x65A8, 0x65A8, 0x5DA7, 0x4D84,
 0x4D84, 0x4D84, 0x4D84, 0x4D84, 0x4D84, 0x4D84, 0x4D84, 0x4D84, 0x4D84, 0x4D84, 0x4D84, 0x4D84, 0x4D84, 0x4D84, 0x4D84, 0x4D84,
 0x4D84, 0x4D84, 0x4D84, 0x4D84, 0x4D84, 0x4D84, 0x4D84, 0x4D84, 0x4D84, 0x4D84, 0x4D84, 0x4D84, 0x4D84, 0x4D84, 0x4D84, 0x4D84,
 0x4D84, 0x4D84, 0x5562, 0x4D63, 0x4D82, 0x7589, 0x84ED, 0x8D2D, 0x9DAF, 0x95AF, 0x95AF, 0x95AF, 0x95B0, 0x958E, 0x7CCC, 0x956E,
 0x6587, 0x4D62, 0x4D83, 0x4D84, 0x5562, 0x4D63, 0x5562, 0x4D63, 0x4D84, 0x4D83, 0x4DA3, 0x4583, 0x4583, 0x4583, 0x4583, 0x4583,
 0x4583, 0x4DA3, 0x4DA3, 0x4583, 0x4D84, 0x4D84, 0x4D84, 0x4D84, 0x4D84, 0x4D84, 0x4D84, 0x4D84, 0x4D84, 0x4D84, 0x4D84, 0x4D84,
 0x4D84, 0x4D84, 0x4D84, 0x4D84, 0x4D84, 0x4D84, 0x4D84, 0x4D84, 0x4D84, 0x4D84, 0x4D84, 0x4D84, 0x4D84, 0x4D84, 0x4D84, 0x4D84,
 0x4D84, 0x4D84, 0x4D84, 0x4D84, 0x4D84, 0x4D84, 0x4D84, 0x4D84, 0x4D84, 0x4D84, 0x4D84, 0x4D84, 0x4D84, 0x4D84, 0x4D84, 0x4D84,
 0x4D84, 0x4D84, 0x4D84, 0x4D84, 0x4D84, 0x4D84, 0x4D84, 0x4D84, 0x4D84, 0x4D84, 0x4D84, 0x4D84, 0x4D84, 0x4D84, 0x4D84, 0x4D84,
 0x4D84, 0x4D84, 0x4D84, 0x4D84, 0x4D84, 0x4D84, 0x4D84, 0x4D84, 0x4D84, 0x4D84, 0x4D84, 0x4D84, 0x4D84, 0x4D84, 0x4D84, 0x4D84,
 0x4D84, 0x4D84, 0x4D84, 0x4D84, 0x4D84, 0x4D84, 0x4D84, 0x4D84, 0x4D84, 0x4D84, 0x4D84, 0x4D84, 0x4D84, 0x4D84, 0x4D84, 0x4D84,
 0x4D84, 0x4D84, 0x4D84, 0x4D84, 0x4D84, 0x4D84, 0x4D84, 0x4D84, 0x4D84, 0x4D84, 0x4D84, 0x4D84, 0x4D84, 0x4D84, 0x4D84, 0x4D84,
 0x4D84, 0x4D84, 0x4D84, 0x4D84, 0x4D84, 0x4D84, 0x4D84, 0x4D84, 0x4D84, 0x4D84, 0x4D84, 0x4D84, 0x4D84, 0x4D84, 0x4D84, 0x4D84,
 0x4D84, 0x4D84, 0x4D84, 0x4D84, 0x4D84, 0x4D84, 0x4D84, 0x4D84, 0x4D84, 0x4D84, 0x4D84, 0x4D84, 0x4D84, 0x4D84, 0x4D84, 0x4D84,
 0x4D84, 0x4D84, 0x4D84, 0x4D84, 0x4D84, 0x4D84, 0x4D84, 0x4D84, 0x4D84, 0x4D84, 0x4D84, 0x4D84, 0x4D84, 0x4D84, 0x4D84, 0x4D84,
 0x4D84, 0x4D84, 0x4D84, 0x4D84, 0x4D84, 0x4D84, 0x4D84, 0x4D84, 0x4D84, 0x4D84, 0x4D84, 0x4D84, 0x4D84, 0x4D84, 0x4D84, 0x4D84,
 0x4D84, 0x4D84, 0x4D84, 0x4D84, 0x4D84, 0x4D84, 0x4D84, 0x4D84, 0x4D84, 0x4D84, 0x4D84, 0x4D84, 0x4D84, 0x4D84, 0x4D84, 0x4D84,
 0x4D84, 0x4D84, 0x4D84, 0x4D84, 0x4D84, 0x4D84, 0x4D84, 0x4D84, 0x4D84, 0x4D84, 0x4D84, 0x4D84, 0x4D84, 0x4D84, 0x4D84, 0x4D84,
 0x4D84, 0x4D84, 0x4D84, 0x4D84, 0x4D84, 0x4D84, 0x4D84, 0x4D84, 0x4D84, 0x4D84, 0x4D84, 0x4D84, 0x4D84, 0x4D84, 0x4D84, 0x4D84,
 0x4D84, 0x4D84, 0x4D84, 0x4D84, 0x4D84, 0x4D84, 0x4D84, 0x4D84, 0x4D84, 0x4D84, 0x4D84, 0x4D84, 0x4D84, 0x4D84, 0x4D84, 0x4D84,
 0x4D84, 0x4D84, 0x4D84, 0x4D84, 0x4D84, 0x4D84, 0x4D84, 0x4D84, 0x4D84, 0x4D84, 0x4D84, 0x4D84, 0x4D84, 0x4D84, 0x4D84, 0x4D84,
 0x4D84, 0x4D84, 0x4D84, 0x4D84, 0x4D84, 0x4D84, 0x4D84, 0x4D84, 0x4D84, 0x4D84, 0x4D84, 0x4D84, 0x4D84, 0x4D84, 0x4D84, 0x4D84,
 0x4D84, 0x4D84, 0x4D84, 0x4D84, 0x4D84, 0x4D84, 0x4D84, 0x4D84, 0x4D84, 0x4D84, 0x4D84, 0x4D84, 0x4D84, 0x4D84, 0x4D84, 0x4D84,
 0x4D84, 0x4D84, 0x4D84, 0x4D84, 0x4D84, 0x4D84, 0x4D84, 0x4D84, 0x4D84, 0x4D84, 0x4D84, 0x4D84, 0x4D84, 0x4D84, 0x4D84, 0x4D84,
 0x4D84, 0x4D84, 0x4D84, 0x4D84, 0x4D84, 0x4D84, 0x4D84, 0x4D84, 0x4D84, 0x4D84, 0x4D84, 0x4D84, 0x4D84, 0x4D84, 0x4D84, 0x4D84,
 0x4D84, 0x4D84, 0x4D84, 0x4D84, 0x4D84, 0x4D84, 0x4D84, 0x4D84, 0x4D84, 0x4D84, 0x4D84, 0x4D84, 0x4D84, 0x4D84, 0x4D84, 0x4D84,
 0x4D84, 0x4D84, 0x4D84, 0x4D84, 0x4D84, 0x4D84, 0x4D84, 0x4D84, 0x4D84, 0x4D84, 0x4D84, 0x4D84, 0x4D84, 0x4D84, 0x4D84, 0x4D84,
 0x4D84, 0x4D84, 0x4D84, 0x4D84, 0x4D84, 0x4D84, 0x4D84, 0x4D84, 0x4D84, 0x4D84, 0x4D84, 0x4D84, 0x4D84, 0x4D84, 0x4D84, 0x4D84,
 0x4D84, 0x4D84, 0x4D84, 0x4D84, 0x4D84, 0x4D84, 0x4D84, 0x4D84, 0x4D84, 0x4D84, 0x4D84, 0x4D84, 0x4D84, 0x4D84, 0x4D84, 0x4D84,
 0x4D84, 0x4D84, 0x4D84, 0x4D84, 0x4D84, 0x4D84, 0x4D84, 0x4D84, 0x4D84, 0x4D84, 0x4D84, 0x4D84, 0x4D84, 0x4D84, 0x4D84, 0x4D84,
 0x4D84, 0x4D84, 0x4D84, 0x4D84, 0x4D84, 0x4D84, 0x4D84, 0x4D84, 0x4D84, 0x4D84, 0x4D84, 0x4D84, 0x4D84, 0x4D84, 0x4D84, 0x4D84,
 0x4D84, 0x4D84, 0x4D84, 0x4D84, 0x4D84, 0x4D84, 0x4D84, 0x4D84, 0x4D84, 0x4D84, 0x4D84, 0x4D84, 0x4D84, 0x4D84, 0x4D84, 0x4D84,
 0x4D84, 0x4D84, 0x4D84, 0x4D84, 0x4D84, 0x4D84, 0x4D84, 0x4D84, 0x4D84, 0x4D84, 0x4D84, 0x4D84, 0x4D84, 0x4D84, 0x4D84, 0x4D84,
 0x4D84, 0x4D84, 0x4D84, 0x4D84, 0x4D84, 0x4D84, 0x4D84, 0x4D84, 0x4D84, 0x4D84, 0x4D84, 0x4D84, 0x4D84, 0x4D84, 0x4D84, 0x4D84,
 0x4D84, 0x4D84, 0x4D84, 0x4D84, 0x4D84, 0x4D84, 0x4D84, 0x4D84, 0x4D84, 0x4D84, 0x4D84, 0x4D84, 0x4D84, 0x4D84, 0x4D84, 0x4D84,
 0x4D84, 0x4D84, 0x4D84, 0x4D84, 0x4D84, 0x4D84, 0x4D84, 0x4D84, 0x4D84, 0x4D84, 0x4D84, 0x4D84, 0x4D84, 0x4D84, 0x4D84, 0x4D84,
 0x4D84, 0x4D84, 0x4D84, 0x4D84, 0x4D84, 0x4D84, 0x4D84, 0x4D84, 0x4D84, 0x4D84, 0x4D84, 0x4D84, 0x4D84, 0x4D84, 0x4D84, 0x4D84,
 0x4D84, 0x4D84, 0x4D84, 0x4D84, 0x4D84, 0x4D84, 0x4D84, 0x4D84, 0x4D84, 0x4D84, 0x4D84, 0x4D84, 0x4D84, 0x4D84, 0x4D84, 0x4D84,
 0x4D84, 0x4D84, 0x4D84, 0x4D84, 0x4D84, 0x4D84, 0x4D84, 0x4D84, 0x4D84, 0x4D84, 0x4D84, 0x4D84, 0x4D84, 0x4D84, 0x4D84, 0x4D84,
 0x4D84, 0x4D84, 0x4D84, 0x4D84, 0x4D84, 0x4D84, 0x4D84, 0x4D84, 0x4D84, 0x4D84, 0x4D84, 0x4D84, 0x4D84, 0x4D84, 0x4D84, 0x4D84,
 0x4D84, 0x4D84, 0x4D84, 0x4D84, 0x4D84, 0x4D84, 0x4D84, 0x4D84, 0x4D84, 0x4D84, 0x4D84, 0x4D84, 0x4D84, 0x4D84, 0x4D84, 0x4D84,
 0x4D84, 0x4D84, 0x4D84, 0x4D84, 0x4D84, 0x4D84, 0x4D84, 0x4D84, 0x4D84, 0x4D84, 0x4D84, 0x4D84, 0x4D84, 0x4D84, 0x4D84, 0x4D84,
 0x4D84, 0x4D84, 0x4D84, 0x4D84, 0x4D84, 0x4D84, 0x4D84, 0x4D84, 0x4D84, 0x4D84, 0x4D84, 0x4D84, 0x4D84, 0x4D84, 0x4D84, 0x4D84,
 0x4D84, 0x4D84, 0x4D84, 0x4D84, 0x4D84, 0x4D84, 0x4D84, 0x4D84, 0x4D84, 0x4D84, 0x4D84, 0x4D84, 0x4D84, 0x4D84, 0x4D84, 0x4D84,
 0x4D84, 0x4D84, 0x4D84, 0x4D84, 0x4D84, 0x4D84, 0x4D84, 0x4D84, 0x4D84, 0x4D84, 0x4D84, 0x4D84, 0x4D84, 0x4D84, 0x4D84, 0x4D84,
 0x4D84, 0x4D84, 0x4D84, 0x4D84, 0x4D84, 0x4D84, 0x4D84, 0x4D84, 0x4D84, 0x4D84, 0x4D84, 0x4D84, 0x4D84, 0x4D84, 0x4D84, 0x4D84,
 0x4D84, 0x4D84, 0x4D84, 0x4D84, 0x4D84, 0x4D84, 0x4D84, 0x4D84, 0x4D84, 0x4D84, 0x4D84, 0x4D84, 0x4D84, 0x4D84, 0x4D84, 0x4D84,
 0x4D84, 0x4D84, 0x4D84, 0x4D84, 0x4D84, 0x4D84, 0x4D84, 0x4D84, 0x4D84, 0x4D84, 0x4D84, 0x4D84, 0x4D84, 0x4D84, 0x4D84, 0x4D84,
 0x4D84, 0x4D84, 0x4D84, 0x4D84, 0x4D84, 0x4D84, 0x4D84, 0x4D84, 0x4D84, 0x4D84, 0x4D84, 0x4D84, 0x4D84, 0x4D84, 0x4D84, 0x4D84,
 0x4D84, 0x4D84, 0x4D84, 0x4D84, 0x4D84, 0x4D84, 0x4D84, 0x4D84, 0x4D84, 0x4D84, 0x4D84, 0x4D84, 0x4D84, 0x4D84, 0x4D84, 0x4D84,
 0x4D84, 0x4D84, 0x4D84, 0x4D84, 0x4D84, 0x4D84, 0x4D84, 0x4D84, 0x4D84, 0x4D84, 0x4D84, 0x4D84, 0x4D84, 0x4D84, 0x4D84, 0x4D84,
 0x4D84, 0x4D84, 0x4D84, 0x4D84, 0x4D84, 0x4D84, 0x4D84, 0x4D84, 0x4D84, 0x4D84, 0x4D84, 0x4D84, 0x4D84, 0x4D84, 0x4D84, 0x4D84,
 0x4D84, 0x4D84, 0x4D84, 0x4D84, 0x4D84, 0x4D84, 0x4D84, 0x4D84, 0x4D84, 0x4D84, 0x4D84, 0x4D84, 0x4D84, 0x4D84, 0x4D84, 0x4D84,
 0x4D84, 0x4D84, 0x4D84, 0x4D84, 0x4D84, 0x4D84, 0x4D84, 0x4D84, 0x4D84, 0x4D84, 0x4D84, 0x4D84, 0x4D84, 0x4D84, 0x4D84, 0x4D84,
 0x4D84, 0x4D84, 0x4D84, 0x4D84, 0x4D84, 0x4D84, 0x4D84, 0x4D84, 0x4D84, 0x4D84, 0x4D84, 0x4D84, 0x4D84, 0x4D84, 0x4D84, 0x4D84,
 0x4D84, 0x4D84, 0x4D84, 0x4D84, 0x4D84, 0x4D84, 0x4D84, 0x4D84, 0x4D84, 0x4D84, 0x4D84, 0x4D84, 0x4D84, 0x4D84, 0x4D84, 0x4D84,
 0x4D84, 0x4D84, 0x4D84, 0x4D84, 0x4D84, 0x4D84, 0x4D84, 0x4D84, 0x4D84, 0x4D84, 0x4D84, 0x4D84, 0x4D84, 0x4D84, 0x4D84, 0x4D84,
 0x4D84, 0x4D84, 0x4D84, 0x4D84, 0x4D84, 0x4D84, 0x4D84, 0x4D84, 0x4D84, 0x4D84, 0x4D84, 0x4D84, 0x4D84, 0x4D84, 0x4D84, 0x4D84,
 0x4D84, 0x4D84, 0x4D84, 0x4D84, 0x4D84, 0x4D84, 0x4D84, 0x4D84, 0x4D84, 0x4D84, 0x4D84, 0x4D84, 0x4D84, 0x4D84, 0x4D84, 0x4D84,
 0x4D84, 0x4D84, 0x4D84, 0x4D84, 0x4D84, 0x4D84, 0x4D84, 0x4D84, 0x4D84, 0x4D84, 0x4D84, 0x4D84, 0x4D84, 0x4D84, 0x4D84, 0x4D84,
 0x4D84, 0x4D84, 0x4D84, 0x4D84, 0x4D84, 0x4D84, 0x4D84, 0x4D84, 0x4D84, 0x4D84, 0x4D84, 0x4D84, 0x4D84, 0x4D84, 0x4D84, 0x4D84,
 0x4D84, 0x4D84, 0x4D84, 0x4D84, 0x4D84, 0x4D84, 0x4D84, 0x4D84, 0x4D84, 0x4D84, 0x4D84, 0x4D84, 0x4D84, 0x4D84, 0x4D84, 0x4D84,
 0x4D84, 0x4D84, 0x4D84, 0x4D84, 0x4D84, 0x4D84, 0x4D84, 0x4D84, 0x4D84, 0x4D84, 0x4D84, 0x4D84, 0x4D84, 0x4D84, 0x4D84, 0x4D84,
 0x4D84, 0x4D84, 0x4D84, 0x4D84, 0x4D84, 0x4D84, 0x4D84, 0x4D84, 0x4D84, 0x4D84, 0x4D84, 0x4D84, 0x4D84, 0x4D84, 0x4D84, 0x4D84,
 0x4D84, 0x4D84, 0x4D84, 0x4D84, 0x4D84, 0x4D84, 0x4D84, 0x4D84, 0x4D84, 0x4D84, 0x4D84, 0x4D84, 0x4D84, 0x4D84, 0x4D84, 0x4D84,
 0x4D84, 0x4D84, 0x4D84, 0x4D84, 0x4D84, 0x4D84, 0x4D84, 0x4D84, 0x4D84, 0x4D84, 0x4D84, 0x4D84, 0x4D84, 0x4D84, 0x4D84, 0x4D84};



#endif /* __images_h */
